city,slug,date,day_of_week,max_total_booked_hours,max_captured_at
north-canton-oh,north-canton-oh,2026-01-17,Saturday,49.0,2026-01-17T21:45:32
ille-al-research-park,huntsville-al-research-park,2026-01-15,Thursday,9.0,2026-01-15T20:22:38
chandleraz,chandleraz,2026-01-15,Thursday,24.0,2026-01-15T20:22:38
southchandleraz,southchandleraz,2026-01-15,Thursday,24.5,2026-01-15T20:22:38
gilbertaz,gilbertaz,2026-01-15,Thursday,42.0,2026-01-15T20:22:38
glendaleaz,glendaleaz,2026-01-15,Thursday,36.5,2026-01-15T20:22:38
goodyear-az,goodyear-az,2026-01-15,Thursday,0.0,2026-01-15T20:22:38
mesa-az-east,mesa-az-east,2026-01-15,Thursday,10.0,2026-01-15T20:22:38
paradise-valley-az,paradise-valley-az,2026-01-15,Thursday,0.0,2026-01-15T20:22:38
glendale-az-peoria,glendale-az-peoria,2026-01-15,Thursday,34.0,2026-01-15T20:22:38
scottsdaleaz,scottsdaleaz,2026-01-15,Thursday,58.0,2026-01-15T20:22:38
scottsdale-az-north,scottsdale-az-north,2026-01-15,Thursday,0.0,2026-01-15T20:22:38
surpriseaz,surpriseaz,2026-01-15,Thursday,19.5,2026-01-15T20:22:38
talkingstickaz,talkingstickaz,2026-01-15,Thursday,0.0,2026-01-15T20:22:38
tempeaz,tempeaz,2026-01-15,Thursday,15.5,2026-01-15T20:22:38
carlsbadca,carlsbadca,2026-01-15,Thursday,17.5,2026-01-15T20:22:38
rancho-mirage-ca,rancho-mirage-ca,2026-01-15,Thursday,0.0,2026-01-15T20:22:38
fort-collins-timnath-co,fort-collins-timnath-co,2026-01-15,Thursday,0.0,2026-01-15T20:22:38
invernessco,invernessco,2026-01-15,Thursday,23.5,2026-01-15T20:22:38
littleton-co,littleton-co,2026-01-15,Thursday,24.5,2026-01-15T20:22:38
loveland-co-johnstown,loveland-co-johnstown,2026-01-15,Thursday,0.0,2026-01-15T20:22:38
colorado-springs-northgate,colorado-springs-northgate,2026-01-15,Thursday,22.5,2026-01-15T20:22:38
pueblowestco,pueblowestco,2026-01-15,Thursday,38.0,2026-01-15T20:22:38
wilmingtonde,wilmingtonde,2026-01-15,Thursday,44.5,2026-01-15T20:22:38
boca-raton-fl-west,boca-raton-fl-west,2026-01-15,Thursday,0.0,2026-01-15T20:22:38
bradentonfl,bradentonfl,2026-01-15,Thursday,22.5,2026-01-15T20:22:38
jacksonvillebeachfl,jacksonvillebeachfl,2026-01-15,Thursday,14.0,2026-01-15T20:22:38
miramarbeach,miramarbeach,2026-01-15,Thursday,31.0,2026-01-15T20:22:38
naplesfl,naplesfl,2026-01-15,Thursday,32.5,2026-01-15T20:22:38
naples-fl-north,naples-fl-north,2026-01-15,Thursday,9.0,2026-01-15T20:22:38
oldsmarfl,oldsmarfl,2026-01-15,Thursday,38.5,2026-01-15T20:22:38
orlando-fl-waterford-lakes,orlando-fl-waterford-lakes,2026-01-15,Thursday,0.0,2026-01-15T20:22:38
ponte-vedra-fl,ponte-vedra-fl,2026-01-15,Thursday,21.0,2026-01-15T20:22:38
port-charlotte-fl,port-charlotte-fl,2026-01-15,Thursday,29.0,2026-01-15T20:22:38
spring-hill-fl,spring-hill-fl,2026-01-15,Thursday,19.0,2026-01-15T20:22:38
alpharetta-ga,alpharetta-ga,2026-01-15,Thursday,0.0,2026-01-15T20:22:38
westmidtownga,westmidtownga,2026-01-15,Thursday,37.0,2026-01-15T20:22:38
augustaga,augustaga,2026-01-15,Thursday,40.0,2026-01-15T20:22:38
braseltonga,braseltonga,2026-01-15,Thursday,25.0,2026-01-15T20:22:38
dacula-ga,dacula-ga,2026-01-15,Thursday,26.5,2026-01-15T20:22:38
mcdonoughga,mcdonoughga,2026-01-15,Thursday,31.0,2026-01-15T20:22:38
warnerrobinsga,warnerrobinsga,2026-01-15,Thursday,31.5,2026-01-15T20:22:38
woodstock-ga,woodstock-ga,2026-01-15,Thursday,0.0,2026-01-15T20:22:38
ankeny-ia,ankeny-ia,2026-01-15,Thursday,16.0,2026-01-15T20:22:38
des-moines-ia-downtown,des-moines-ia-downtown,2026-01-15,Thursday,0.0,2026-01-15T20:22:38
des-moines-waukee-ia,des-moines-waukee-ia,2026-01-15,Thursday,0.0,2026-01-15T20:22:38
boise-id,boise-id,2026-01-15,Thursday,41.0,2026-01-15T20:22:38
meridian-id,meridian-id,2026-01-15,Thursday,26.5,2026-01-15T20:22:38
carmelin,carmelin,2026-01-15,Thursday,33.5,2026-01-15T20:22:38
fishers-in,fishers-in,2026-01-15,Thursday,44.0,2026-01-15T20:22:38
kansas-city-leawood,kansas-city-leawood,2026-01-15,Thursday,36.0,2026-01-15T20:22:38
overlandparkks,overlandparkks,2026-01-15,Thursday,38.0,2026-01-15T20:22:38
ascension-la,ascension-la,2026-01-15,Thursday,0.0,2026-01-15T20:22:38
baton-rouge-st-george,baton-rouge-st-george,2026-01-15,Thursday,10.0,2026-01-15T20:22:38
shreveport-la-south,shreveport-la-south,2026-01-15,Thursday,30.0,2026-01-15T20:22:38
maynardma,maynardma,2026-01-15,Thursday,36.0,2026-01-15T20:22:38
southborough-ma,southborough-ma,2026-01-15,Thursday,56.0,2026-01-15T20:22:38
crofton-md,crofton-md,2026-01-15,Thursday,0.0,2026-01-15T20:22:38
towson-baltimore-md,towson-baltimore-md,2026-01-15,Thursday,0.0,2026-01-15T20:22:38
white-marsh-baltimore-md,white-marsh-baltimore-md,2026-01-15,Thursday,0.0,2026-01-15T20:22:38
clarkstonmi,clarkstonmi,2026-01-15,Thursday,12.0,2026-01-15T20:22:38
farmington-mi,farmington-mi,2026-01-15,Thursday,26.5,2026-01-15T20:22:38
grand-blanc-mi,grand-blanc-mi,2026-01-15,Thursday,29.0,2026-01-15T20:22:38
lansing-mi,lansing-mi,2026-01-15,Thursday,42.0,2026-01-15T20:22:38
livonia-mi,livonia-mi,2026-01-15,Thursday,41.5,2026-01-15T20:22:38
novi-mi,novi-mi,2026-01-15,Thursday,0.0,2026-01-15T20:22:38
rochester-hills-mi,rochester-hills-mi,2026-01-15,Thursday,26.0,2026-01-15T20:22:38
troy-mi,troy-mi,2026-01-15,Thursday,20.0,2026-01-15T20:22:38
west-bloomfield-mi,west-bloomfield-mi,2026-01-15,Thursday,0.0,2026-01-15T20:22:38
st-louis-crestwood-mo,st-louis-crestwood-mo,2026-01-15,Thursday,45.5,2026-01-15T20:22:38
liberty-mo,liberty-mo,2026-01-15,Thursday,0.0,2026-01-15T20:22:38
rollamo,rollamo,2026-01-15,Thursday,15.5,2026-01-15T20:22:38
bozemanmt,bozemanmt,2026-01-15,Thursday,40.0,2026-01-15T20:22:38
chapel-hill-nc,chapel-hill-nc,2026-01-15,Thursday,32.0,2026-01-15T20:22:38
raleigh-nc-north,raleigh-nc-north,2026-01-15,Thursday,0.0,2026-01-15T20:22:38
lincoln-ne-south,lincoln-ne-south,2026-01-15,Thursday,40.5,2026-01-15T20:22:38
omahane,omahane,2026-01-15,Thursday,46.5,2026-01-15T20:22:38
papillionne,papillionne,2026-01-15,Thursday,30.0,2026-01-15T20:22:38
howell-nj,howell-nj,2026-01-15,Thursday,14.5,2026-01-15T20:22:38
pomptonplainsnj,pomptonplainsnj,2026-01-15,Thursday,71.0,2026-01-15T20:22:38
princetonnj,princetonnj,2026-01-15,Thursday,33.0,2026-01-15T20:22:38
toms-river-nj,toms-river-nj,2026-01-15,Thursday,0.0,2026-01-15T20:22:38
lascruces-nm,lascruces-nm,2026-01-15,Thursday,19.5,2026-01-15T20:22:38
hendersonnv,hendersonnv,2026-01-15,Thursday,35.0,2026-01-15T20:22:38
mesquitenv,mesquitenv,2026-01-15,Thursday,24.5,2026-01-15T20:22:38
southsummerlinnv,southsummerlinnv,2026-01-15,Thursday,34.0,2026-01-15T20:22:38
summerlinlasvegasnv,summerlinlasvegasnv,2026-01-15,Thursday,29.0,2026-01-15T20:22:38
bethpage-ny,bethpage-ny,2026-01-15,Thursday,41.0,2026-01-15T20:22:38
fivetowns-ny,fivetowns-ny,2026-01-15,Thursday,23.0,2026-01-15T20:22:38
brunswickoh,brunswickoh,2026-01-15,Thursday,47.5,2026-01-15T20:22:38
chardonoh,chardonoh,2026-01-15,Thursday,12.0,2026-01-15T20:22:38
columbus-upper-arlington-oh,columbus-upper-arlington-oh,2026-01-15,Thursday,25.5,2026-01-15T20:22:38
north-canton-oh,north-canton-oh,2026-01-15,Thursday,40.0,2026-01-15T20:22:38
woosteroh,woosteroh,2026-01-15,Thursday,45.0,2026-01-15T20:22:38
jenks-ok,jenks-ok,2026-01-15,Thursday,21.5,2026-01-15T21:51:20
tulsa-ok-southern-hills,tulsa-ok-southern-hills,2026-01-15,Thursday,21.5,2026-01-15T20:22:38
clackamas-or,clackamas-or,2026-01-15,Thursday,1.0,2026-01-15T20:22:38
eugeneor,eugeneor,2026-01-15,Thursday,58.0,2026-01-15T20:22:38
salem-keizer-or,salem-keizer-or,2026-01-15,Thursday,35.0,2026-01-15T20:22:38
sherwoodor,sherwoodor,2026-01-15,Thursday,29.5,2026-01-15T20:22:38
paoli-pa,paoli-pa,2026-01-15,Thursday,0.0,2026-01-15T20:22:38
yardley-pa,yardley-pa,2026-01-15,Thursday,0.0,2026-01-15T20:22:38
york-pa,york-pa,2026-01-15,Thursday,96.0,2026-01-15T20:22:38
aikensc,aikensc,2026-01-15,Thursday,41.0,2026-01-15T20:22:38
spartanburgsc,spartanburgsc,2026-01-15,Thursday,47.5,2026-01-15T20:22:38
sioux-falls-sd-south,sioux-falls-sd-south,2026-01-15,Thursday,31.5,2026-01-15T20:22:38
chattanoogatn,chattanoogatn,2026-01-15,Thursday,39.0,2026-01-15T20:22:38
clarksvilletn,clarksvilletn,2026-01-15,Thursday,52.5,2026-01-15T20:22:38
cleveland-tn,cleveland-tn,2026-01-15,Thursday,0.0,2026-01-15T20:22:38
f,,,,,
st-george-ut-sunset,st-george-ut-sunset,2026-01-17,Saturday,14.5,2026-01-17T21:45:25
lynchburg-va,lynchburg-va,2026-01-17,Saturday,0.0,2026-01-17T21:45:25
houstonheightstx,houstonheightstx,2026-01-17,Saturday,50.5,2026-01-17T21:45:32
virginia-beach-va-courthouse,virginia-beach-va-courthouse,2026-01-17,Saturday,0.0,2026-01-17T21:45:25
houston-memorial-tx,houston-memorial-tx,2026-01-17,Saturday,44.5,2026-01-17T21:45:32
katy-tx,katy-tx,2026-01-17,Saturday,32.0,2026-01-17T21:45:32
kellertx,kellertx,2026-01-17,Saturday,40.5,2026-01-17T21:45:32
lubbock-tx,lubbock-tx,2026-01-17,Saturday,0.0,2026-01-17T21:45:32
woodlands-houston-tx,woodlands-houston-tx,2026-01-17,Saturday,41.5,2026-01-17T21:45:32
mckinney-tx,mckinney-tx,2026-01-17,Saturday,0.0,2026-01-17T21:45:32
midlandtx,midlandtx,2026-01-17,Saturday,62.0,2026-01-17T21:45:32
east-odessa-tx,east-odessa-tx,2026-01-17,Saturday,0.0,2026-01-17T21:45:32
planowesttx,planowesttx,2026-01-17,Saturday,41.0,2026-01-17T21:45:32
round-rock-tx,round-rock-tx,2026-01-17,Saturday,0.0,2026-01-17T21:45:32
shenandoah-tx,shenandoah-tx,2026-01-17,Saturday,0.0,2026-01-17T21:45:32
sherman-tx,sherman-tx,2026-01-17,Saturday,33.0,2026-01-17T21:45:32
spring-tx,spring-tx,2026-01-17,Saturday,14.5,2026-01-17T21:45:32
tylersouthtx,tylersouthtx,2026-01-17,Saturday,58.0,2026-01-17T21:45:32
americanforkut,americanforkut,2026-01-17,Saturday,52.5,2026-01-17T21:45:32
cedarcity,cedarcity,2026-01-17,Saturday,36.5,2026-01-17T21:45:32
layton-ut,layton-ut,2026-01-17,Saturday,34.0,2026-01-17T21:45:32
lehiut,lehiut,2026-01-17,Saturday,42.0,2026-01-17T21:45:32
millcreekut,millcreekut,2026-01-17,Saturday,17.0,2026-01-17T21:45:32
murrayut,murrayut,2026-01-17,Saturday,30.0,2026-01-17T21:45:32
ogden-pleasant-view-ut,ogden-pleasant-view-ut,2026-01-17,Saturday,46.0,2026-01-17T21:45:32
ogden-riverdale-ut,ogden-riverdale-ut,2026-01-17,Saturday,23.0,2026-01-17T21:45:32
orem-ut,orem-ut,2026-01-17,Saturday,59.0,2026-01-17T21:45:32
richfield,richfield,2026-01-17,Saturday,16.5,2026-01-17T21:45:32
sandyut,sandyut,2026-01-17,Saturday,47.0,2026-01-17T21:45:32
spanishforkut,spanishforkut,2026-01-17,Saturday,45.5,2026-01-17T21:45:32
stgeorgeut,stgeorgeut,2026-01-17,Saturday,15.5,2026-01-17T21:45:32
st-george-ut-river-rd,st-george-ut-river-rd,2026-01-17,Saturday,26.0,2026-01-17T21:45:32
birminghamal,birminghamal,2026-01-17,Saturday,35.0,2026-01-17T22:15:02
huntsville-al-research-park,huntsville-al-research-park,2026-01-17,Saturday,22.5,2026-01-17T22:15:02
chandleraz,chandleraz,2026-01-17,Saturday,23.0,2026-01-17T22:15:02
southchandleraz,southchandleraz,2026-01-17,Saturday,20.5,2026-01-17T22:15:02
gilbertaz,gilbertaz,2026-01-17,Saturday,40.5,2026-01-17T22:15:02
glendaleaz,glendaleaz,2026-01-17,Saturday,42.0,2026-01-17T22:15:02
goodyear-az,goodyear-az,2026-01-17,Saturday,0.0,2026-01-17T22:15:02
mesa-az-east,mesa-az-east,2026-01-17,Saturday,24.5,2026-01-17T22:15:02
paradise-valley-az,paradise-valley-az,2026-01-17,Saturday,16.0,2026-01-17T22:15:02
glendale-az-peoria,glendale-az-peoria,2026-01-17,Saturday,31.5,2026-01-17T22:15:02
scottsdaleaz,scottsdaleaz,2026-01-17,Saturday,56.0,2026-01-17T22:15:02
scottsdale-az-north,scottsdale-az-north,2026-01-17,Saturday,0.0,2026-01-17T22:15:02
surpriseaz,surpriseaz,2026-01-17,Saturday,19.5,2026-01-17T22:15:02
talkingstickaz,talkingstickaz,2026-01-17,Saturday,0.0,2026-01-17T22:15:02
tempeaz,tempeaz,2026-01-17,Saturday,7.5,2026-01-17T22:15:02
carlsbadca,carlsbadca,2026-01-17,Saturday,16.5,2026-01-17T22:15:02
rancho-mirage-ca,rancho-mirage-ca,2026-01-17,Saturday,0.0,2026-01-17T22:15:02
fort-collins-timnath-co,fort-collins-timnath-co,2026-01-17,Saturday,0.0,2026-01-17T22:15:02
invernessco,invernessco,2026-01-17,Saturday,48.0,2026-01-17T22:15:02
littleton-co,littleton-co,2026-01-17,Saturday,27.0,2026-01-17T22:15:02
loveland-co-johnstown,loveland-co-johnstown,2026-01-17,Saturday,0.0,2026-01-17T22:15:02
colorado-springs-northgate,colorado-springs-northgate,2026-01-17,Saturday,37.0,2026-01-17T22:15:02
pueblowestco,pueblowestco,2026-01-17,Saturday,45.0,2026-01-17T22:15:02
wilmingtonde,wilmingtonde,2026-01-17,Saturday,57.0,2026-01-17T22:15:02
boca-raton-fl-west,boca-raton-fl-west,2026-01-17,Saturday,0.0,2026-01-17T22:15:02
bradentonfl,bradentonfl,2026-01-17,Saturday,26.5,2026-01-17T22:15:02
jacksonvillebeachfl,jacksonvillebeachfl,2026-01-17,Saturday,20.0,2026-01-17T22:15:02
miramarbeach,miramarbeach,2026-01-17,Saturday,35.0,2026-01-17T22:15:02
naplesfl,naplesfl,2026-01-17,Saturday,26.5,2026-01-17T22:15:02
naples-fl-north,naples-fl-north,2026-01-17,Saturday,5.0,2026-01-17T22:15:02
oldsmarfl,oldsmarfl,2026-01-17,Saturday,25.5,2026-01-17T22:15:02
orlando-fl-waterford-lakes,orlando-fl-waterford-lakes,2026-01-17,Saturday,0.0,2026-01-17T22:15:02
ponte-vedra-fl,ponte-vedra-fl,2026-01-17,Saturday,35.0,2026-01-17T22:15:02
port-charlotte-fl,port-charlotte-fl,2026-01-17,Saturday,38.5,2026-01-17T22:15:02
spring-hill-fl,spring-hill-fl,2026-01-17,Saturday,19.5,2026-01-17T22:15:02
alpharetta-ga,alpharetta-ga,2026-01-17,Saturday,0.0,2026-01-17T22:15:02
westmidtownga,westmidtownga,2026-01-17,Saturday,46.5,2026-01-17T22:15:02
augustaga,augustaga,2026-01-17,Saturday,30.0,2026-01-17T22:15:02
braseltonga,braseltonga,2026-01-17,Saturday,60.5,2026-01-17T22:15:02
dacula-ga,dacula-ga,2026-01-17,Saturday,44.0,2026-01-17T22:15:02
mcdonoughga,mcdonoughga,2026-01-17,Saturday,31.0,2026-01-17T22:15:02
warnerrobinsga,warnerrobinsga,2026-01-17,Saturday,40.5,2026-01-17T22:15:02
woodstock-ga,woodstock-ga,2026-01-17,Saturday,0.0,2026-01-17T22:15:02
ankeny-ia,ankeny-ia,2026-01-17,Saturday,25.5,2026-01-17T22:15:02
des-moines-ia-downtown,des-moines-ia-downtown,2026-01-17,Saturday,0.0,2026-01-17T22:15:02
des-moines-waukee-ia,des-moines-waukee-ia,2026-01-17,Saturday,0.0,2026-01-17T22:15:02
boise-id,boise-id,2026-01-17,Saturday,45.0,2026-01-17T22:15:02
meridian-id,meridian-id,2026-01-17,Saturday,40.5,2026-01-17T22:15:02
carmelin,carmelin,2026-01-17,Saturday,42.5,2026-01-17T22:15:02
fishers-in,fishers-in,2026-01-17,Saturday,57.0,2026-01-17T22:15:02
kansas-city-leawood,kansas-city-leawood,2026-01-17,Saturday,51.0,2026-01-17T22:15:02
overlandparkks,overlandparkks,2026-01-17,Saturday,44.5,2026-01-17T22:15:02
ascension-la,ascension-la,2026-01-17,Saturday,0.0,2026-01-17T22:15:02
baton-rouge-st-george,baton-rouge-st-george,2026-01-17,Saturday,11.5,2026-01-17T22:15:02
shreveport-la-south,shreveport-la-south,2026-01-17,Saturday,31.0,2026-01-17T22:15:02
maynardma,maynardma,2026-01-17,Saturday,42.5,2026-01-17T22:15:02
southborough-ma,southborough-ma,2026-01-17,Saturday,65.0,2026-01-17T22:15:02
crofton-md,crofton-md,2026-01-17,Saturday,0.0,2026-01-17T22:15:02
towson-baltimore-md,towson-baltimore-md,2026-01-17,Saturday,0.0,2026-01-17T22:15:02
white-marsh-baltimore-md,white-marsh-baltimore-md,2026-01-17,Saturday,0.0,2026-01-17T22:15:02
clarkstonmi,clarkstonmi,2026-01-17,Saturday,32.0,2026-01-17T22:15:02
farmington-mi,farmington-mi,2026-01-17,Saturday,32.5,2026-01-17T22:15:02
grand-blanc-mi,grand-blanc-mi,2026-01-17,Saturday,39.5,2026-01-17T22:15:02
lansing-mi,lansing-mi,2026-01-17,Saturday,44.5,2026-01-17T22:15:02
livonia-mi,livonia-mi,2026-01-17,Saturday,53.0,2026-01-17T22:15:02
novi-mi,novi-mi,2026-01-17,Saturday,0.0,2026-01-17T22:15:02
rochester-hills-mi,rochester-hills-mi,2026-01-17,Saturday,36.0,2026-01-17T22:15:02
troy-mi,troy-mi,2026-01-17,Saturday,37.5,2026-01-17T22:15:02
west-bloomfield-mi,west-bloomfield-mi,2026-01-17,Saturday,0.0,2026-01-17T22:15:02
st-louis-crestwood-mo,st-louis-crestwood-mo,2026-01-17,Saturday,33.5,2026-01-17T22:15:02
liberty-mo,liberty-mo,2026-01-17,Saturday,0.0,2026-01-17T22:15:02
rollamo,rollamo,2026-01-17,Saturday,42.0,2026-01-17T22:15:02
bozemanmt,bozemanmt,2026-01-17,Saturday,65.5,2026-01-17T22:45:01
chapel-hill-nc,chapel-hill-nc,2026-01-17,Saturday,30.0,2026-01-17T22:15:02
raleigh-nc-north,raleigh-nc-north,2026-01-17,Saturday,13.0,2026-01-17T22:15:02
lincoln-ne-south,lincoln-ne-south,2026-01-17,Saturday,50.5,2026-01-17T22:15:02
omahane,omahane,2026-01-17,Saturday,61.5,2026-01-17T22:15:02
papillionne,papillionne,2026-01-17,Saturday,51.5,2026-01-17T22:15:02
howell-nj,howell-nj,2026-01-17,Saturday,16.5,2026-01-17T22:15:02
pomptonplainsnj,pomptonplainsnj,2026-01-17,Saturday,66.5,2026-01-17T22:15:02
princetonnj,princetonnj,2026-01-17,Saturday,37.0,2026-01-17T22:15:02
toms-river-nj,toms-river-nj,2026-01-17,Saturday,0.0,2026-01-17T22:15:02
lascruces-nm,lascruces-nm,2026-01-17,Saturday,22.5,2026-01-17T22:15:02
hendersonnv,hendersonnv,2026-01-17,Saturday,24.5,2026-01-17T22:15:02
mesquitenv,mesquitenv,2026-01-17,Saturday,24.0,2026-01-17T22:15:02
southsummerlinnv,southsummerlinnv,2026-01-17,Saturday,38.0,2026-01-17T22:15:02
summerlinlasvegasnv,summerlinlasvegasnv,2026-01-17,Saturday,31.5,2026-01-17T22:15:02
bethpage-ny,bethpage-ny,2026-01-17,Saturday,49.5,2026-01-17T22:15:02
fivetowns-ny,fivetowns-ny,2026-01-17,Saturday,29.0,2026-01-17T22:15:02
brunswickoh,brunswickoh,2026-01-17,Saturday,55.5,2026-01-17T22:15:02
chardonoh,chardonoh,2026-01-17,Saturday,34.0,2026-01-17T22:15:02
columbus-upper-arlington-oh,columbus-upper-arlington-oh,2026-01-17,Saturday,46.5,2026-01-17T22:15:02
woosteroh,woosteroh,2026-01-17,Saturday,52.0,2026-01-17T22:15:02
jenks-ok,jenks-ok,2026-01-17,Saturday,27.0,2026-01-17T22:15:02
tulsa-ok-southern-hills,tulsa-ok-southern-hills,2026-01-17,Saturday,20.5,2026-01-17T22:15:02
clackamas-or,clackamas-or,2026-01-17,Saturday,5.0,2026-01-17T22:15:02
eugeneor,eugeneor,2026-01-17,Saturday,55.0,2026-01-17T22:15:02
salem-keizer-or,salem-keizer-or,2026-01-17,Saturday,41.0,2026-01-17T22:15:02
sherwoodor,sherwoodor,2026-01-17,Saturday,32.5,2026-01-17T22:15:02
paoli-pa,paoli-pa,2026-01-17,Saturday,0.0,2026-01-17T22:15:02
yardley-pa,yardley-pa,2026-01-17,Saturday,0.0,2026-01-17T22:15:02
york-pa,york-pa,2026-01-17,Saturday,73.5,2026-01-17T22:15:02
aikensc,aikensc,2026-01-17,Saturday,42.0,2026-01-17T22:15:02
spartanburgsc,spartanburgsc,2026-01-17,Saturday,55.5,2026-01-17T22:15:02
sioux-falls-sd-south,sioux-falls-sd-south,2026-01-17,Saturday,51.5,2026-01-17T22:15:02
chattanoogatn,chattanoogatn,2026-01-17,Saturday,51.0,2026-01-17T22:15:02
clarksvilletn,clarksvilletn,2026-01-17,Saturday,71.0,2026-01-17T22:15:02
cleveland-tn,cleveland-tn,2026-01-17,Saturday,0.0,2026-01-17T22:15:02
franklintn,franklintn,2026-01-17,Saturday,39.0,2026-01-17T22:15:02
knoxvilletn,knoxvilletn,2026-01-17,Saturday,66.5,2026-01-17T22:15:02
memphis-tn-collierville,memphis-tn-collierville,2026-01-17,Saturday,14.5,2026-01-17T22:15:02
mt-juliet-tn,mt-juliet-tn,2026-01-17,Saturday,37.0,2026-01-17T22:15:02
nashville-bellevue-tn,nashville-bellevue-tn,2026-01-17,Saturday,16.5,2026-01-17T22:15:02
spring-hill-tn-north,spring-hill-tn-north,2026-01-17,Saturday,47.5,2026-01-17T22:15:02
allen-tx,allen-tx,2026-01-17,Saturday,0.0,2026-01-17T22:15:02
amarillo-tx,amarillo-tx,2026-01-17,Saturday,0.0,2026-01-17T22:15:02
houston-atascocita-tx,houston-atascocita-tx,2026-01-17,Saturday,40.0,2026-01-17T22:15:02
eastaustintx,eastaustintx,2026-01-17,Saturday,50.5,2026-01-17T22:15:02
southwestaustintx,southwestaustintx,2026-01-17,Saturday,25.5,2026-01-17T22:15:02
colleyville-tx,colleyville-tx,2026-01-17,Saturday,48.5,2026-01-17T22:15:02
denton-tx,denton-tx,2026-01-17,Saturday,18.5,2026-01-17T22:15:02
flowermoundtx,flowermoundtx,2026-01-17,Saturday,61.0,2026-01-17T22:15:02
granburytx,granburytx,2026-01-17,Saturday,26.0,2026-01-17T22:15:02
grand-prairie-tx,grand-prairie-tx,2026-01-17,Saturday,39.0,2026-01-17T22:15:02
birminghamal,birminghamal,2026-01-18,Sunday,39.0,2026-01-18T17:15:01
huntsville-al-research-park,huntsville-al-research-park,2026-01-18,Sunday,7.0,2026-01-18T11:32:33
chandleraz,chandleraz,2026-01-18,Sunday,24.5,2026-01-18T15:34:54
southchandleraz,southchandleraz,2026-01-18,Sunday,8.5,2026-01-18T10:34:52
gilbertaz,gilbertaz,2026-01-18,Sunday,34.0,2026-01-18T16:18:09
glendaleaz,glendaleaz,2026-01-18,Sunday,45.0,2026-01-18T14:18:02
goodyear-az,goodyear-az,2026-01-18,Sunday,0.0,2026-01-18T02:15:01
mesa-az-east,mesa-az-east,2026-01-18,Sunday,17.5,2026-01-18T17:00:01
paradise-valley-az,paradise-valley-az,2026-01-18,Sunday,13.0,2026-01-18T10:00:01
glendale-az-peoria,glendale-az-peoria,2026-01-18,Sunday,38.0,2026-01-18T16:18:09
scottsdaleaz,scottsdaleaz,2026-01-18,Sunday,39.0,2026-01-18T18:15:02
scottsdale-az-north,scottsdale-az-north,2026-01-18,Sunday,0.0,2026-01-18T02:15:01
surpriseaz,surpriseaz,2026-01-18,Sunday,15.0,2026-01-18T11:32:33
talkingstickaz,talkingstickaz,2026-01-18,Sunday,0.0,2026-01-18T02:15:01
tempeaz,tempeaz,2026-01-18,Sunday,10.0,2026-01-18T14:18:02
carlsbadca,carlsbadca,2026-01-18,Sunday,25.0,2026-01-18T15:15:57
rancho-mirage-ca,rancho-mirage-ca,2026-01-18,Sunday,0.0,2026-01-18T02:15:01
fort-collins-timnath-co,fort-collins-timnath-co,2026-01-18,Sunday,0.0,2026-01-18T02:15:01
invernessco,invernessco,2026-01-18,Sunday,34.0,2026-01-18T18:15:02
littleton-co,littleton-co,2026-01-18,Sunday,24.5,2026-01-18T15:48:31
loveland-co-johnstown,loveland-co-johnstown,2026-01-18,Sunday,0.0,2026-01-18T02:15:01
colorado-springs-northgate,colorado-springs-northgate,2026-01-18,Sunday,30.0,2026-01-18T17:00:01
pueblowestco,pueblowestco,2026-01-18,Sunday,38.5,2026-01-18T11:32:33
wilmingtonde,wilmingtonde,2026-01-18,Sunday,62.5,2026-01-18T02:15:01
boca-raton-fl-west,boca-raton-fl-west,2026-01-18,Sunday,0.0,2026-01-18T02:15:01
bradentonfl,bradentonfl,2026-01-18,Sunday,23.0,2026-01-18T15:34:54
jacksonvillebeachfl,jacksonvillebeachfl,2026-01-18,Sunday,27.0,2026-01-18T17:15:01
miramarbeach,miramarbeach,2026-01-18,Sunday,29.0,2026-01-18T18:15:02
naplesfl,naplesfl,2026-01-18,Sunday,29.0,2026-01-18T18:15:02
naples-fl-north,naples-fl-north,2026-01-18,Sunday,7.0,2026-01-18T14:18:02
oldsmarfl,oldsmarfl,2026-01-18,Sunday,39.5,2026-01-18T11:32:33
orlando-fl-waterford-lakes,orlando-fl-waterford-lakes,2026-01-18,Sunday,0.0,2026-01-18T02:15:01
ponte-vedra-fl,ponte-vedra-fl,2026-01-18,Sunday,45.0,2026-01-18T17:15:01
port-charlotte-fl,port-charlotte-fl,2026-01-18,Sunday,34.5,2026-01-18T16:18:09
spring-hill-fl,spring-hill-fl,2026-01-18,Sunday,22.5,2026-01-18T15:34:54
alpharetta-ga,alpharetta-ga,2026-01-18,Sunday,0.0,2026-01-18T02:15:01
westmidtownga,westmidtownga,2026-01-18,Sunday,46.5,2026-01-18T17:00:01
augustaga,augustaga,2026-01-18,Sunday,35.0,2026-01-18T02:15:01
braseltonga,braseltonga,2026-01-18,Sunday,38.0,2026-01-18T14:34:16
dacula-ga,dacula-ga,2026-01-18,Sunday,44.0,2026-01-18T15:15:57
mcdonoughga,mcdonoughga,2026-01-18,Sunday,30.0,2026-01-18T17:15:01
warnerrobinsga,warnerrobinsga,2026-01-18,Sunday,39.5,2026-01-18T12:32:30
woodstock-ga,woodstock-ga,2026-01-18,Sunday,0.0,2026-01-18T02:15:01
ankeny-ia,ankeny-ia,2026-01-18,Sunday,22.0,2026-01-18T18:15:02
des-moines-ia-downtown,des-moines-ia-downtown,2026-01-18,Sunday,0.0,2026-01-18T02:15:01
des-moines-waukee-ia,des-moines-waukee-ia,2026-01-18,Sunday,0.0,2026-01-18T02:15:01
boise-id,boise-id,2026-01-18,Sunday,42.0,2026-01-18T12:32:30
meridian-id,meridian-id,2026-01-18,Sunday,35.0,2026-01-18T16:18:09
carmelin,carmelin,2026-01-18,Sunday,38.5,2026-01-18T14:18:02
fishers-in,fishers-in,2026-01-18,Sunday,36.5,2026-01-18T10:00:01
kansas-city-leawood,kansas-city-leawood,2026-01-18,Sunday,44.0,2026-01-18T17:00:01
overlandparkks,overlandparkks,2026-01-18,Sunday,50.0,2026-01-18T11:32:33
ascension-la,ascension-la,2026-01-18,Sunday,0.0,2026-01-18T02:15:01
baton-rouge-st-george,baton-rouge-st-george,2026-01-18,Sunday,14.0,2026-01-18T15:34:54
shreveport-la-south,shreveport-la-south,2026-01-18,Sunday,34.5,2026-01-18T18:15:02
maynardma,maynardma,2026-01-18,Sunday,33.5,2026-01-18T10:34:52
southborough-ma,southborough-ma,2026-01-18,Sunday,60.0,2026-01-18T17:15:01
crofton-md,crofton-md,2026-01-18,Sunday,0.0,2026-01-18T02:15:01
towson-baltimore-md,towson-baltimore-md,2026-01-18,Sunday,0.0,2026-01-18T02:15:01
white-marsh-baltimore-md,white-marsh-baltimore-md,2026-01-18,Sunday,0.0,2026-01-18T02:15:01
clarkstonmi,clarkstonmi,2026-01-18,Sunday,37.0,2026-01-18T14:34:16
farmington-mi,farmington-mi,2026-01-18,Sunday,32.0,2026-01-18T14:18:02
grand-blanc-mi,grand-blanc-mi,2026-01-18,Sunday,34.0,2026-01-18T18:15:02
lansing-mi,lansing-mi,2026-01-18,Sunday,53.5,2026-01-18T18:15:02
livonia-mi,livonia-mi,2026-01-18,Sunday,60.0,2026-01-18T15:15:57
novi-mi,novi-mi,2026-01-18,Sunday,0.0,2026-01-18T02:15:01
rochester-hills-mi,rochester-hills-mi,2026-01-18,Sunday,30.0,2026-01-18T14:18:02
troy-mi,troy-mi,2026-01-18,Sunday,33.0,2026-01-18T18:15:02
west-bloomfield-mi,west-bloomfield-mi,2026-01-18,Sunday,0.0,2026-01-18T02:15:01
st-louis-crestwood-mo,st-louis-crestwood-mo,2026-01-18,Sunday,31.5,2026-01-18T17:00:01
liberty-mo,liberty-mo,2026-01-18,Sunday,0.0,2026-01-18T02:15:01
rollamo,rollamo,2026-01-18,Sunday,39.5,2026-01-18T17:00:01
bozemanmt,bozemanmt,2026-01-18,Sunday,66.5,2026-01-18T10:00:01
chapel-hill-nc,chapel-hill-nc,2026-01-18,Sunday,35.0,2026-01-18T17:00:01
raleigh-nc-north,raleigh-nc-north,2026-01-18,Sunday,17.0,2026-01-18T14:18:02
lincoln-ne-south,lincoln-ne-south,2026-01-18,Sunday,44.0,2026-01-18T14:18:02
omahane,omahane,2026-01-18,Sunday,63.5,2026-01-18T11:32:33
papillionne,papillionne,2026-01-18,Sunday,47.5,2026-01-18T14:34:16
howell-nj,howell-nj,2026-01-18,Sunday,26.5,2026-01-18T18:15:02
pomptonplainsnj,pomptonplainsnj,2026-01-18,Sunday,83.5,2026-01-18T14:18:02
princetonnj,princetonnj,2026-01-18,Sunday,32.0,2026-01-18T17:00:01
toms-river-nj,toms-river-nj,2026-01-18,Sunday,0.0,2026-01-18T02:15:01
lascruces-nm,lascruces-nm,2026-01-18,Sunday,20.0,2026-01-18T18:15:02
hendersonnv,hendersonnv,2026-01-18,Sunday,32.5,2026-01-18T10:34:52
mesquitenv,mesquitenv,2026-01-18,Sunday,20.5,2026-01-18T17:00:01
southsummerlinnv,southsummerlinnv,2026-01-18,Sunday,30.5,2026-01-18T15:48:31
summerlinlasvegasnv,summerlinlasvegasnv,2026-01-18,Sunday,31.0,2026-01-18T18:15:02
bethpage-ny,bethpage-ny,2026-01-18,Sunday,54.0,2026-01-18T10:00:01
fivetowns-ny,fivetowns-ny,2026-01-18,Sunday,30.0,2026-01-18T11:32:33
brunswickoh,brunswickoh,2026-01-18,Sunday,51.0,2026-01-18T15:48:31
chardonoh,chardonoh,2026-01-18,Sunday,29.0,2026-01-18T11:32:33
columbus-upper-arlington-oh,columbus-upper-arlington-oh,2026-01-18,Sunday,38.0,2026-01-18T18:15:02
north-canton-oh,north-canton-oh,2026-01-18,Sunday,42.5,2026-01-18T14:18:02
woosteroh,woosteroh,2026-01-18,Sunday,45.0,2026-01-18T18:15:02
jenks-ok,jenks-ok,2026-01-18,Sunday,30.0,2026-01-18T15:48:31
tulsa-ok-southern-hills,tulsa-ok-southern-hills,2026-01-18,Sunday,20.5,2026-01-18T17:00:01
clackamas-or,clackamas-or,2026-01-18,Sunday,5.0,2026-01-18T02:15:01
eugeneor,eugeneor,2026-01-18,Sunday,56.5,2026-01-18T17:15:01
salem-keizer-or,salem-keizer-or,2026-01-18,Sunday,38.0,2026-01-18T17:15:01
sherwoodor,sherwoodor,2026-01-18,Sunday,40.5,2026-01-18T18:15:02
paoli-pa,paoli-pa,2026-01-18,Sunday,0.0,2026-01-18T02:15:01
yardley-pa,yardley-pa,2026-01-18,Sunday,48.0,2026-01-18T10:00:01
york-pa,york-pa,2026-01-18,Sunday,77.0,2026-01-18T15:15:57
aikensc,aikensc,2026-01-18,Sunday,49.5,2026-01-18T18:15:02
spartanburgsc,spartanburgsc,2026-01-18,Sunday,58.0,2026-01-18T15:15:57
sioux-falls-sd-south,sioux-falls-sd-south,2026-01-18,Sunday,51.0,2026-01-18T15:48:31
chattanoogatn,chattanoogatn,2026-01-18,Sunday,45.5,2026-01-18T10:34:52
clarksvilletn,clarksvilletn,2026-01-18,Sunday,73.5,2026-01-18T18:15:02
cleveland-tn,cleveland-tn,2026-01-18,Sunday,0.0,2026-01-18T02:15:01
franklintn,franklintn,2026-01-18,Sunday,39.5,2026-01-18T18:15:02
knoxvilletn,knoxvilletn,2026-01-18,Sunday,61.0,2026-01-18T17:00:01
memphis-tn-collierville,memphis-tn-collierville,2026-01-18,Sunday,11.0,2026-01-18T14:18:02
mt-juliet-tn,mt-juliet-tn,2026-01-18,Sunday,36.0,2026-01-18T14:34:16
nashville-bellevue-tn,nashville-bellevue-tn,2026-01-18,Sunday,16.0,2026-01-18T12:32:30
spring-hill-tn-north,spring-hill-tn-north,2026-01-18,Sunday,33.0,2026-01-18T17:00:01
allen-tx,allen-tx,2026-01-18,Sunday,0.0,2026-01-18T02:15:01
amarillo-tx,amarillo-tx,2026-01-18,Sunday,0.0,2026-01-18T02:15:01
houston-atascocita-tx,houston-atascocita-tx,2026-01-18,Sunday,35.5,2026-01-18T18:15:02
eastaustintx,eastaustintx,2026-01-18,Sunday,43.5,2026-01-18T15:15:57
southwestaustintx,southwestaustintx,2026-01-18,Sunday,19.5,2026-01-18T10:34:52
colleyville-tx,colleyville-tx,2026-01-18,Sunday,37.5,2026-01-18T11:32:33
denton-tx,denton-tx,2026-01-18,Sunday,35.0,2026-01-18T17:00:01
flowermoundtx,flowermoundtx,2026-01-18,Sunday,51.5,2026-01-18T18:15:02
granburytx,granburytx,2026-01-18,Sunday,26.0,2026-01-18T18:15:02
grand-prairie-tx,grand-prairie-tx,2026-01-18,Sunday,15.0,2026-01-18T15:15:57
houstonheightstx,houstonheightstx,2026-01-18,Sunday,41.0,2026-01-18T15:15:57
houston-memorial-tx,houston-memorial-tx,2026-01-18,Sunday,44.0,2026-01-18T14:18:02
katy-tx,katy-tx,2026-01-18,Sunday,39.0,2026-01-18T18:15:02
kellertx,kellertx,2026-01-18,Sunday,35.5,2026-01-18T18:15:02
lubbock-tx,lubbock-tx,2026-01-18,Sunday,0.0,2026-01-18T02:15:01
woodlands-houston-tx,woodlands-houston-tx,2026-01-18,Sunday,37.0,2026-01-18T15:48:31
mckinney-tx,mckinney-tx,2026-01-18,Sunday,0.0,2026-01-18T02:15:01
midlandtx,midlandtx,2026-01-18,Sunday,56.0,2026-01-18T15:15:57
east-odessa-tx,east-odessa-tx,2026-01-18,Sunday,0.0,2026-01-18T02:15:01
planowesttx,planowesttx,2026-01-18,Sunday,37.0,2026-01-18T17:15:01
round-rock-tx,round-rock-tx,2026-01-18,Sunday,0.0,2026-01-18T02:15:01
shenandoah-tx,shenandoah-tx,2026-01-18,Sunday,0.0,2026-01-18T02:15:01
sherman-tx,sherman-tx,2026-01-18,Sunday,30.5,2026-01-18T15:15:57
spring-tx,spring-tx,2026-01-18,Sunday,10.0,2026-01-18T17:15:01
tylersouthtx,tylersouthtx,2026-01-18,Sunday,61.5,2026-01-18T15:15:57
americanforkut,americanforkut,2026-01-18,Sunday,47.0,2026-01-18T14:18:02
cedarcity,cedarcity,2026-01-18,Sunday,25.0,2026-01-18T14:34:16
layton-ut,layton-ut,2026-01-18,Sunday,28.0,2026-01-18T17:15:01
lehiut,lehiut,2026-01-18,Sunday,39.0,2026-01-18T15:15:57
millcreekut,millcreekut,2026-01-18,Sunday,18.0,2026-01-18T02:15:01
murrayut,murrayut,2026-01-18,Sunday,23.0,2026-01-18T18:15:02
ogden-pleasant-view-ut,ogden-pleasant-view-ut,2026-01-18,Sunday,32.5,2026-01-18T17:15:01
ogden-riverdale-ut,ogden-riverdale-ut,2026-01-18,Sunday,9.0,2026-01-18T11:32:33
orem-ut,orem-ut,2026-01-18,Sunday,32.0,2026-01-18T17:00:01
richfield,richfield,2026-01-18,Sunday,5.0,2026-01-18T02:15:01
sandyut,sandyut,2026-01-18,Sunday,34.5,2026-01-18T18:15:02
spanishforkut,spanishforkut,2026-01-18,Sunday,43.5,2026-01-18T14:18:02
stgeorgeut,stgeorgeut,2026-01-18,Sunday,2.0,2026-01-18T17:00:01
st-george-ut-river-rd,st-george-ut-river-rd,2026-01-18,Sunday,21.5,2026-01-18T12:32:30
st-george-ut-sunset,st-george-ut-sunset,2026-01-18,Sunday,4.5,2026-01-18T12:32:30
lynchburg-va,lynchburg-va,2026-01-18,Sunday,0.0,2026-01-18T02:15:01
virginia-beach-va-courthouse,virginia-beach-va-courthouse,2026-01-18,Sunday,0.0,2026-01-18T02:15:01
birminghamal,birminghamal,2026-01-19,Monday,27.5,2026-01-19T22:24:38
huntsville-al-research-park,huntsville-al-research-park,2026-01-19,Monday,19.5,2026-01-19T21:28:42
chandleraz,chandleraz,2026-01-19,Monday,20.5,2026-01-19T20:59:24
southchandleraz,southchandleraz,2026-01-19,Monday,16.5,2026-01-19T21:45:00
gilbertaz,gilbertaz,2026-01-19,Monday,42.0,2026-01-19T17:51:10
glendaleaz,glendaleaz,2026-01-19,Monday,44.0,2026-01-19T15:36:27
goodyear-az,goodyear-az,2026-01-19,Monday,0.0,2026-01-19T02:45:51
mesa-az-east,mesa-az-east,2026-01-19,Monday,13.0,2026-01-19T22:24:38
paradise-valley-az,paradise-valley-az,2026-01-19,Monday,11.0,2026-01-19T23:44:38
glendale-az-peoria,glendale-az-peoria,2026-01-19,Monday,18.5,2026-01-19T22:45:57
scottsdaleaz,scottsdaleaz,2026-01-19,Monday,47.5,2026-01-19T23:44:38
scottsdale-az-north,scottsdale-az-north,2026-01-19,Monday,0.0,2026-01-19T02:45:51
surpriseaz,surpriseaz,2026-01-19,Monday,16.5,2026-01-19T22:45:57
talkingstickaz,talkingstickaz,2026-01-19,Monday,0.0,2026-01-19T02:45:51
tempeaz,tempeaz,2026-01-19,Monday,17.5,2026-01-19T21:45:00
carlsbadca,carlsbadca,2026-01-19,Monday,28.0,2026-01-19T23:27:01
rancho-mirage-ca,rancho-mirage-ca,2026-01-19,Monday,0.0,2026-01-19T02:45:51
fort-collins-timnath-co,fort-collins-timnath-co,2026-01-19,Monday,0.0,2026-01-19T02:45:51
invernessco,invernessco,2026-01-19,Monday,34.0,2026-01-19T20:48:18
littleton-co,littleton-co,2026-01-19,Monday,28.5,2026-01-19T13:24:39
loveland-co-johnstown,loveland-co-johnstown,2026-01-19,Monday,0.0,2026-01-19T02:45:51
colorado-springs-northgate,colorado-springs-northgate,2026-01-19,Monday,33.0,2026-01-19T21:28:42
pueblowestco,pueblowestco,2026-01-19,Monday,37.5,2026-01-19T21:45:00
wilmingtonde,wilmingtonde,2026-01-19,Monday,55.5,2026-01-19T17:51:10
boca-raton-fl-west,boca-raton-fl-west,2026-01-19,Monday,0.0,2026-01-19T02:45:51
bradentonfl,bradentonfl,2026-01-19,Monday,29.5,2026-01-19T23:44:38
jacksonvillebeachfl,jacksonvillebeachfl,2026-01-19,Monday,22.0,2026-01-19T21:28:42
miramarbeach,miramarbeach,2026-01-19,Monday,34.0,2026-01-19T21:45:00
naplesfl,naplesfl,2026-01-19,Monday,23.0,2026-01-19T23:27:01
naples-fl-north,naples-fl-north,2026-01-19,Monday,10.0,2026-01-19T18:52:05
oldsmarfl,oldsmarfl,2026-01-19,Monday,35.0,2026-01-19T19:45:29
orlando-fl-waterford-lakes,orlando-fl-waterford-lakes,2026-01-19,Monday,0.0,2026-01-19T02:45:51
ponte-vedra-fl,ponte-vedra-fl,2026-01-19,Monday,39.0,2026-01-19T23:44:38
port-charlotte-fl,port-charlotte-fl,2026-01-19,Monday,20.5,2026-01-19T22:45:57
spring-hill-fl,spring-hill-fl,2026-01-19,Monday,31.0,2026-01-19T23:27:01
alpharetta-ga,alpharetta-ga,2026-01-19,Monday,0.0,2026-01-19T02:45:51
westmidtownga,westmidtownga,2026-01-19,Monday,34.0,2026-01-19T05:51:26
augustaga,augustaga,2026-01-19,Monday,44.5,2026-01-19T16:58:58
braseltonga,braseltonga,2026-01-19,Monday,40.5,2026-01-19T22:24:38
dacula-ga,dacula-ga,2026-01-19,Monday,33.0,2026-01-19T22:24:38
mcdonoughga,mcdonoughga,2026-01-19,Monday,22.5,2026-01-19T23:27:01
warnerrobinsga,warnerrobinsga,2026-01-19,Monday,36.0,2026-01-19T17:51:10
woodstock-ga,woodstock-ga,2026-01-19,Monday,0.0,2026-01-19T02:45:51
ankeny-ia,ankeny-ia,2026-01-19,Monday,22.5,2026-01-19T22:24:38
des-moines-ia-downtown,des-moines-ia-downtown,2026-01-19,Monday,0.0,2026-01-19T02:45:51
des-moines-waukee-ia,des-moines-waukee-ia,2026-01-19,Monday,0.0,2026-01-19T02:45:51
boise-id,boise-id,2026-01-19,Monday,47.5,2026-01-19T12:22:07
meridian-id,meridian-id,2026-01-19,Monday,33.0,2026-01-19T06:25:31
carmelin,carmelin,2026-01-19,Monday,43.0,2026-01-19T13:59:25
fishers-in,fishers-in,2026-01-19,Monday,49.0,2026-01-19T18:18:18
kansas-city-leawood,kansas-city-leawood,2026-01-19,Monday,38.5,2026-01-19T22:24:38
overlandparkks,overlandparkks,2026-01-19,Monday,44.0,2026-01-19T02:45:51
ascension-la,ascension-la,2026-01-19,Monday,0.0,2026-01-19T02:45:51
baton-rouge-st-george,baton-rouge-st-george,2026-01-19,Monday,21.5,2026-01-19T20:29:18
shreveport-la-south,shreveport-la-south,2026-01-19,Monday,22.0,2026-01-19T20:29:18
maynardma,maynardma,2026-01-19,Monday,40.5,2026-01-19T22:24:38
southborough-ma,southborough-ma,2026-01-19,Monday,56.0,2026-01-19T20:48:18
crofton-md,crofton-md,2026-01-19,Monday,0.0,2026-01-19T02:45:51
towson-baltimore-md,towson-baltimore-md,2026-01-19,Monday,0.0,2026-01-19T02:45:51
white-marsh-baltimore-md,white-marsh-baltimore-md,2026-01-19,Monday,0.0,2026-01-19T02:45:51
clarkstonmi,clarkstonmi,2026-01-19,Monday,31.0,2026-01-19T14:59:14
farmington-mi,farmington-mi,2026-01-19,Monday,34.5,2026-01-19T23:44:38
grand-blanc-mi,grand-blanc-mi,2026-01-19,Monday,31.5,2026-01-19T23:27:01
lansing-mi,lansing-mi,2026-01-19,Monday,55.5,2026-01-19T21:28:42
livonia-mi,livonia-mi,2026-01-19,Monday,52.0,2026-01-19T04:50:00
novi-mi,novi-mi,2026-01-19,Monday,0.0,2026-01-19T02:45:51
rochester-hills-mi,rochester-hills-mi,2026-01-19,Monday,31.5,2026-01-19T23:27:01
troy-mi,troy-mi,2026-01-19,Monday,35.0,2026-01-19T22:24:38
west-bloomfield-mi,west-bloomfield-mi,2026-01-19,Monday,0.0,2026-01-19T02:45:51
st-louis-crestwood-mo,st-louis-crestwood-mo,2026-01-19,Monday,41.5,2026-01-19T20:48:18
liberty-mo,liberty-mo,2026-01-19,Monday,15.0,2026-01-19T18:52:05
rollamo,rollamo,2026-01-19,Monday,35.5,2026-01-19T22:45:57
bozemanmt,bozemanmt,2026-01-19,Monday,58.0,2026-01-19T21:28:42
chapel-hill-nc,chapel-hill-nc,2026-01-19,Monday,46.0,2026-01-19T20:59:24
raleigh-nc-north,raleigh-nc-north,2026-01-19,Monday,21.0,2026-01-19T18:52:05
lincoln-ne-south,lincoln-ne-south,2026-01-19,Monday,48.0,2026-01-19T23:55:00
omahane,omahane,2026-01-19,Monday,56.5,2026-01-19T20:48:18
papillionne,papillionne,2026-01-19,Monday,51.0,2026-01-19T08:34:58
howell-nj,howell-nj,2026-01-19,Monday,13.0,2026-01-19T22:24:38
pomptonplainsnj,pomptonplainsnj,2026-01-19,Monday,72.0,2026-01-19T21:55:55
princetonnj,princetonnj,2026-01-19,Monday,38.0,2026-01-19T23:27:01
toms-river-nj,toms-river-nj,2026-01-19,Monday,0.0,2026-01-19T02:45:51
lascruces-nm,lascruces-nm,2026-01-19,Monday,27.5,2026-01-19T23:27:01
hendersonnv,hendersonnv,2026-01-19,Monday,31.0,2026-01-19T21:55:55
mesquitenv,mesquitenv,2026-01-19,Monday,17.5,2026-01-19T15:36:27
southsummerlinnv,southsummerlinnv,2026-01-19,Monday,29.5,2026-01-19T23:55:00
summerlinlasvegasnv,summerlinlasvegasnv,2026-01-19,Monday,36.0,2026-01-19T23:55:00
bethpage-ny,bethpage-ny,2026-01-19,Monday,51.0,2026-01-19T21:55:55
fivetowns-ny,fivetowns-ny,2026-01-19,Monday,31.0,2026-01-19T20:59:24
brunswickoh,brunswickoh,2026-01-19,Monday,55.0,2026-01-19T23:44:38
chardonoh,chardonoh,2026-01-19,Monday,30.5,2026-01-19T19:32:57
columbus-upper-arlington-oh,columbus-upper-arlington-oh,2026-01-19,Monday,44.0,2026-01-19T19:32:57
north-canton-oh,north-canton-oh,2026-01-19,Monday,41.5,2026-01-19T02:45:51
woosteroh,woosteroh,2026-01-19,Monday,47.0,2026-01-19T21:55:55
jenks-ok,jenks-ok,2026-01-19,Monday,20.0,2026-01-19T23:27:01
tulsa-ok-southern-hills,tulsa-ok-southern-hills,2026-01-19,Monday,24.0,2026-01-19T20:48:18
clackamas-or,clackamas-or,2026-01-19,Monday,3.0,2026-01-19T21:45:00
eugeneor,eugeneor,2026-01-19,Monday,57.5,2026-01-19T20:48:18
salem-keizer-or,salem-keizer-or,2026-01-19,Monday,25.0,2026-01-19T22:45:57
sherwoodor,sherwoodor,2026-01-19,Monday,27.0,2026-01-19T22:45:57
paoli-pa,paoli-pa,2026-01-19,Monday,72.0,2026-01-19T18:52:05
yardley-pa,yardley-pa,2026-01-19,Monday,72.0,2026-01-19T18:52:05
york-pa,york-pa,2026-01-19,Monday,85.5,2026-01-19T17:51:10
aikensc,aikensc,2026-01-19,Monday,40.5,2026-01-19T23:27:01
spartanburgsc,spartanburgsc,2026-01-19,Monday,56.5,2026-01-19T15:55:44
sioux-falls-sd-south,sioux-falls-sd-south,2026-01-19,Monday,45.5,2026-01-19T22:57:13
chattanoogatn,chattanoogatn,2026-01-19,Monday,48.5,2026-01-19T21:28:42
clarksvilletn,clarksvilletn,2026-01-19,Monday,67.0,2026-01-19T15:55:44
cleveland-tn,cleveland-tn,2026-01-19,Monday,0.0,2026-01-19T02:45:51
franklintn,franklintn,2026-01-19,Monday,42.0,2026-01-19T16:58:58
knoxvilletn,knoxvilletn,2026-01-19,Monday,67.0,2026-01-19T23:27:01
memphis-tn-collierville,memphis-tn-collierville,2026-01-19,Monday,59.5,2026-01-19T22:45:57
mt-juliet-tn,mt-juliet-tn,2026-01-19,Monday,38.5,2026-01-19T23:27:01
nashville-bellevue-tn,nashville-bellevue-tn,2026-01-19,Monday,14.5,2026-01-19T22:45:57
spring-hill-tn-north,spring-hill-tn-north,2026-01-19,Monday,42.0,2026-01-19T19:56:29
allen-tx,allen-tx,2026-01-19,Monday,0.0,2026-01-19T02:45:51
amarillo-tx,amarillo-tx,2026-01-19,Monday,0.0,2026-01-19T02:45:51
houston-atascocita-tx,houston-atascocita-tx,2026-01-19,Monday,44.5,2026-01-19T23:44:38
eastaustintx,eastaustintx,2026-01-19,Monday,39.5,2026-01-19T17:31:36
southwestaustintx,southwestaustintx,2026-01-19,Monday,32.0,2026-01-19T22:57:13
colleyville-tx,colleyville-tx,2026-01-19,Monday,37.0,2026-01-19T23:27:01
denton-tx,denton-tx,2026-01-19,Monday,34.5,2026-01-19T22:45:57
flowermoundtx,flowermoundtx,2026-01-19,Monday,45.0,2026-01-19T23:44:38
granburytx,granburytx,2026-01-19,Monday,23.0,2026-01-19T22:45:57
grand-prairie-tx,grand-prairie-tx,2026-01-19,Monday,19.5,2026-01-19T23:44:38
houstonheightstx,houstonheightstx,2026-01-19,Monday,40.0,2026-01-19T23:44:38
houston-memorial-tx,houston-memorial-tx,2026-01-19,Monday,36.0,2026-01-19T22:57:13
katy-tx,katy-tx,2026-01-19,Monday,27.0,2026-01-19T23:44:38
kellertx,kellertx,2026-01-19,Monday,35.5,2026-01-19T20:29:18
lubbock-tx,lubbock-tx,2026-01-19,Monday,0.0,2026-01-19T02:45:51
woodlands-houston-tx,woodlands-houston-tx,2026-01-19,Monday,32.0,2026-01-19T23:27:01
mckinney-tx,mckinney-tx,2026-01-19,Monday,0.0,2026-01-19T02:45:51
midlandtx,midlandtx,2026-01-19,Monday,53.0,2026-01-19T21:45:00
east-odessa-tx,east-odessa-tx,2026-01-19,Monday,0.0,2026-01-19T02:45:51
planowesttx,planowesttx,2026-01-19,Monday,37.0,2026-01-19T21:28:42
round-rock-tx,round-rock-tx,2026-01-19,Monday,0.0,2026-01-19T02:45:51
shenandoah-tx,shenandoah-tx,2026-01-19,Monday,0.0,2026-01-19T02:45:51
sherman-tx,sherman-tx,2026-01-19,Monday,27.5,2026-01-19T21:45:00
spring-tx,spring-tx,2026-01-19,Monday,13.0,2026-01-19T23:55:00
tylersouthtx,tylersouthtx,2026-01-19,Monday,56.0,2026-01-19T19:14:50
americanforkut,americanforkut,2026-01-19,Monday,54.0,2026-01-19T03:35:52
cedarcity,cedarcity,2026-01-19,Monday,40.0,2026-01-19T07:38:30
layton-ut,layton-ut,2026-01-19,Monday,28.0,2026-01-19T19:45:29
lehiut,lehiut,2026-01-19,Monday,49.0,2026-01-19T16:30:59
millcreekut,millcreekut,2026-01-19,Monday,16.0,2026-01-19T19:45:29
murrayut,murrayut,2026-01-19,Monday,23.5,2026-01-19T21:28:42
ogden-pleasant-view-ut,ogden-pleasant-view-ut,2026-01-19,Monday,43.5,2026-01-19T22:45:57
ogden-riverdale-ut,ogden-riverdale-ut,2026-01-19,Monday,7.5,2026-01-19T21:55:55
orem-ut,orem-ut,2026-01-19,Monday,46.5,2026-01-19T21:28:42
richfield,richfield,2026-01-19,Monday,10.5,2026-01-19T22:24:38
sandyut,sandyut,2026-01-19,Monday,41.5,2026-01-19T18:18:18
spanishforkut,spanishforkut,2026-01-19,Monday,33.0,2026-01-19T23:44:38
stgeorgeut,stgeorgeut,2026-01-19,Monday,13.0,2026-01-19T23:27:01
st-george-ut-river-rd,st-george-ut-river-rd,2026-01-19,Monday,28.5,2026-01-19T22:45:57
st-george-ut-sunset,st-george-ut-sunset,2026-01-19,Monday,18.0,2026-01-19T23:55:00
lynchburg-va,lynchburg-va,2026-01-19,Monday,0.0,2026-01-19T02:45:51
virginia-beach-va-courthouse,virginia-beach-va-courthouse,2026-01-19,Monday,0.0,2026-01-19T02:45:51
birminghamal,birminghamal,2026-01-20,Tuesday,18.0,2026-01-20T21:46:59
huntsville-al-research-park,huntsville-al-research-park,2026-01-20,Tuesday,9.0,2026-01-20T23:30:52
chandleraz,chandleraz,2026-01-20,Tuesday,23.0,2026-01-20T23:58:42
southchandleraz,southchandleraz,2026-01-20,Tuesday,19.0,2026-01-20T23:58:42
gilbertaz,gilbertaz,2026-01-20,Tuesday,27.5,2026-01-20T23:58:42
glendaleaz,glendaleaz,2026-01-20,Tuesday,36.0,2026-01-20T19:59:01
goodyear-az,goodyear-az,2026-01-20,Tuesday,0.0,2026-01-20T01:46:59
mesa-az-east,mesa-az-east,2026-01-20,Tuesday,14.5,2026-01-20T22:29:49
paradise-valley-az,paradise-valley-az,2026-01-20,Tuesday,6.0,2026-01-20T16:55:36
glendale-az-peoria,glendale-az-peoria,2026-01-20,Tuesday,28.0,2026-01-20T18:42:25
scottsdaleaz,scottsdaleaz,2026-01-20,Tuesday,39.5,2026-01-20T22:29:49
scottsdale-az-north,scottsdale-az-north,2026-01-20,Tuesday,0.0,2026-01-20T01:46:59
surpriseaz,surpriseaz,2026-01-20,Tuesday,13.0,2026-01-20T23:30:52
talkingstickaz,talkingstickaz,2026-01-20,Tuesday,0.0,2026-01-20T01:46:59
tempeaz,tempeaz,2026-01-20,Tuesday,14.5,2026-01-20T21:57:45
carlsbadca,carlsbadca,2026-01-20,Tuesday,19.0,2026-01-20T22:47:09
rancho-mirage-ca,rancho-mirage-ca,2026-01-20,Tuesday,0.0,2026-01-20T01:46:59
fort-collins-timnath-co,fort-collins-timnath-co,2026-01-20,Tuesday,0.0,2026-01-20T01:46:59
invernessco,invernessco,2026-01-20,Tuesday,36.5,2026-01-20T21:46:59
littleton-co,littleton-co,2026-01-20,Tuesday,10.5,2026-01-20T18:42:25
loveland-co-johnstown,loveland-co-johnstown,2026-01-20,Tuesday,0.0,2026-01-20T01:46:59
colorado-springs-northgate,colorado-springs-northgate,2026-01-20,Tuesday,29.5,2026-01-20T21:31:48
pueblowestco,pueblowestco,2026-01-20,Tuesday,27.0,2026-01-20T22:29:49
wilmingtonde,wilmingtonde,2026-01-20,Tuesday,50.5,2026-01-20T23:58:42
boca-raton-fl-west,boca-raton-fl-west,2026-01-20,Tuesday,0.0,2026-01-20T01:46:59
bradentonfl,bradentonfl,2026-01-20,Tuesday,18.0,2026-01-20T21:31:48
jacksonvillebeachfl,jacksonvillebeachfl,2026-01-20,Tuesday,22.0,2026-01-20T21:46:59
miramarbeach,miramarbeach,2026-01-20,Tuesday,25.5,2026-01-20T22:29:49
naplesfl,naplesfl,2026-01-20,Tuesday,33.5,2026-01-20T23:48:13
naples-fl-north,naples-fl-north,2026-01-20,Tuesday,8.0,2026-01-20T23:48:13
oldsmarfl,oldsmarfl,2026-01-20,Tuesday,33.5,2026-01-20T22:29:49
orlando-fl-waterford-lakes,orlando-fl-waterford-lakes,2026-01-20,Tuesday,0.0,2026-01-20T01:46:59
ponte-vedra-fl,ponte-vedra-fl,2026-01-20,Tuesday,20.0,2026-01-20T19:59:01
port-charlotte-fl,port-charlotte-fl,2026-01-20,Tuesday,29.0,2026-01-20T22:57:45
spring-hill-fl,spring-hill-fl,2026-01-20,Tuesday,8.0,2026-01-20T22:29:49
alpharetta-ga,alpharetta-ga,2026-01-20,Tuesday,0.0,2026-01-20T01:46:59
westmidtownga,westmidtownga,2026-01-20,Tuesday,22.5,2026-01-20T23:48:13
augustaga,augustaga,2026-01-20,Tuesday,41.0,2026-01-20T22:29:49
braseltonga,braseltonga,2026-01-20,Tuesday,28.0,2026-01-20T23:58:42
dacula-ga,dacula-ga,2026-01-20,Tuesday,27.0,2026-01-20T19:59:01
mcdonoughga,mcdonoughga,2026-01-20,Tuesday,24.5,2026-01-20T23:48:13
warnerrobinsga,warnerrobinsga,2026-01-20,Tuesday,33.0,2026-01-20T21:46:59
woodstock-ga,woodstock-ga,2026-01-20,Tuesday,0.0,2026-01-20T01:46:59
ankeny-ia,ankeny-ia,2026-01-20,Tuesday,16.0,2026-01-20T23:30:52
des-moines-ia-downtown,des-moines-ia-downtown,2026-01-20,Tuesday,0.0,2026-01-20T01:46:59
des-moines-waukee-ia,des-moines-waukee-ia,2026-01-20,Tuesday,0.0,2026-01-20T01:46:59
boise-id,boise-id,2026-01-20,Tuesday,35.0,2026-01-20T19:59:01
meridian-id,meridian-id,2026-01-20,Tuesday,32.0,2026-01-20T15:50:25
carmelin,carmelin,2026-01-20,Tuesday,33.5,2026-01-20T20:44:36
fishers-in,fishers-in,2026-01-20,Tuesday,44.5,2026-01-20T22:29:49
kansas-city-leawood,kansas-city-leawood,2026-01-20,Tuesday,30.0,2026-01-20T23:48:13
overlandparkks,overlandparkks,2026-01-20,Tuesday,40.0,2026-01-20T19:59:01
ascension-la,ascension-la,2026-01-20,Tuesday,0.0,2026-01-20T01:46:59
baton-rouge-st-george,baton-rouge-st-george,2026-01-20,Tuesday,3.5,2026-01-20T18:42:25
shreveport-la-south,shreveport-la-south,2026-01-20,Tuesday,17.5,2026-01-20T23:48:13
maynardma,maynardma,2026-01-20,Tuesday,25.0,2026-01-20T22:47:09
southborough-ma,southborough-ma,2026-01-20,Tuesday,60.0,2026-01-20T21:31:48
crofton-md,crofton-md,2026-01-20,Tuesday,0.0,2026-01-20T01:46:59
towson-baltimore-md,towson-baltimore-md,2026-01-20,Tuesday,0.0,2026-01-20T01:46:59
white-marsh-baltimore-md,white-marsh-baltimore-md,2026-01-20,Tuesday,0.0,2026-01-20T01:46:59
clarkstonmi,clarkstonmi,2026-01-20,Tuesday,24.0,2026-01-20T23:58:42
farmington-mi,farmington-mi,2026-01-20,Tuesday,35.0,2026-01-20T19:59:01
grand-blanc-mi,grand-blanc-mi,2026-01-20,Tuesday,23.5,2026-01-20T23:48:13
lansing-mi,lansing-mi,2026-01-20,Tuesday,39.5,2026-01-20T22:57:45
livonia-mi,livonia-mi,2026-01-20,Tuesday,48.5,2026-01-20T06:52:14
novi-mi,novi-mi,2026-01-20,Tuesday,0.0,2026-01-20T01:46:59
rochester-hills-mi,rochester-hills-mi,2026-01-20,Tuesday,26.0,2026-01-20T22:29:49
troy-mi,troy-mi,2026-01-20,Tuesday,21.5,2026-01-20T23:48:13
west-bloomfield-mi,west-bloomfield-mi,2026-01-20,Tuesday,0.0,2026-01-20T01:46:59
st-louis-crestwood-mo,st-louis-crestwood-mo,2026-01-20,Tuesday,26.5,2026-01-20T22:29:49
liberty-mo,liberty-mo,2026-01-20,Tuesday,12.0,2026-01-20T01:46:59
rollamo,rollamo,2026-01-20,Tuesday,20.5,2026-01-20T22:29:49
bozemanmt,bozemanmt,2026-01-20,Tuesday,44.0,2026-01-20T21:46:59
chapel-hill-nc,chapel-hill-nc,2026-01-20,Tuesday,22.5,2026-01-20T18:42:25
raleigh-nc-north,raleigh-nc-north,2026-01-20,Tuesday,14.5,2026-01-20T18:42:25
lincoln-ne-south,lincoln-ne-south,2026-01-20,Tuesday,32.5,2026-01-20T22:29:49
omahane,omahane,2026-01-20,Tuesday,63.0,2026-01-20T23:30:52
papillionne,papillionne,2026-01-20,Tuesday,39.0,2026-01-20T19:59:01
howell-nj,howell-nj,2026-01-20,Tuesday,15.5,2026-01-20T21:46:59
pomptonplainsnj,pomptonplainsnj,2026-01-20,Tuesday,67.0,2026-01-20T21:02:04
princetonnj,princetonnj,2026-01-20,Tuesday,19.5,2026-01-20T23:48:13
toms-river-nj,toms-river-nj,2026-01-20,Tuesday,0.0,2026-01-20T01:46:59
lascruces-nm,lascruces-nm,2026-01-20,Tuesday,14.5,2026-01-20T22:29:49
hendersonnv,hendersonnv,2026-01-20,Tuesday,18.5,2026-01-20T23:30:52
mesquitenv,mesquitenv,2026-01-20,Tuesday,9.0,2026-01-20T17:31:17
southsummerlinnv,southsummerlinnv,2026-01-20,Tuesday,29.5,2026-01-20T20:44:36
summerlinlasvegasnv,summerlinlasvegasnv,2026-01-20,Tuesday,26.5,2026-01-20T18:42:25
bethpage-ny,bethpage-ny,2026-01-20,Tuesday,45.5,2026-01-20T19:59:01
fivetowns-ny,fivetowns-ny,2026-01-20,Tuesday,25.0,2026-01-20T23:30:52
brunswickoh,brunswickoh,2026-01-20,Tuesday,55.5,2026-01-20T17:31:17
chardonoh,chardonoh,2026-01-20,Tuesday,22.5,2026-01-20T22:57:45
columbus-upper-arlington-oh,columbus-upper-arlington-oh,2026-01-20,Tuesday,25.0,2026-01-20T22:47:09
north-canton-oh,north-canton-oh,2026-01-20,Tuesday,36.0,2026-01-20T01:46:59
woosteroh,woosteroh,2026-01-20,Tuesday,38.5,2026-01-20T20:44:36
jenks-ok,jenks-ok,2026-01-20,Tuesday,9.5,2026-01-20T21:57:45
tulsa-ok-southern-hills,tulsa-ok-southern-hills,2026-01-20,Tuesday,11.0,2026-01-20T23:48:13
clackamas-or,clackamas-or,2026-01-20,Tuesday,6.0,2026-01-20T21:57:45
eugeneor,eugeneor,2026-01-20,Tuesday,49.0,2026-01-20T22:29:49
salem-keizer-or,salem-keizer-or,2026-01-20,Tuesday,20.0,2026-01-20T23:48:13
sherwoodor,sherwoodor,2026-01-20,Tuesday,28.5,2026-01-20T22:47:09
paoli-pa,paoli-pa,2026-01-20,Tuesday,72.0,2026-01-20T01:46:59
yardley-pa,yardley-pa,2026-01-20,Tuesday,72.0,2026-01-20T01:46:59
york-pa,york-pa,2026-01-20,Tuesday,63.5,2026-01-20T22:47:09
aikensc,aikensc,2026-01-20,Tuesday,40.0,2026-01-20T23:30:52
spartanburgsc,spartanburgsc,2026-01-20,Tuesday,55.5,2026-01-20T21:46:59
sioux-falls-sd-south,sioux-falls-sd-south,2026-01-20,Tuesday,45.5,2026-01-20T22:47:09
chattanoogatn,chattanoogatn,2026-01-20,Tuesday,46.0,2026-01-20T22:29:49
clarksvilletn,clarksvilletn,2026-01-20,Tuesday,64.5,2026-01-20T20:44:36
cleveland-tn,cleveland-tn,2026-01-20,Tuesday,0.0,2026-01-20T01:46:59
franklintn,franklintn,2026-01-20,Tuesday,32.0,2026-01-20T19:59:01
knoxvilletn,knoxvilletn,2026-01-20,Tuesday,51.5,2026-01-20T14:48:36
memphis-tn-collierville,memphis-tn-collierville,2026-01-20,Tuesday,3.5,2026-01-20T21:02:04
mt-juliet-tn,mt-juliet-tn,2026-01-20,Tuesday,32.0,2026-01-20T22:29:49
nashville-bellevue-tn,nashville-bellevue-tn,2026-01-20,Tuesday,7.0,2026-01-20T22:47:09
spring-hill-tn-north,spring-hill-tn-north,2026-01-20,Tuesday,23.5,2026-01-20T20:44:36
allen-tx,allen-tx,2026-01-20,Tuesday,0.0,2026-01-20T01:46:59
amarillo-tx,amarillo-tx,2026-01-20,Tuesday,0.0,2026-01-20T01:46:59
houston-atascocita-tx,houston-atascocita-tx,2026-01-20,Tuesday,48.0,2026-01-20T21:57:45
eastaustintx,eastaustintx,2026-01-20,Tuesday,37.0,2026-01-20T22:57:45
southwestaustintx,southwestaustintx,2026-01-20,Tuesday,19.5,2026-01-20T23:30:52
colleyville-tx,colleyville-tx,2026-01-20,Tuesday,19.5,2026-01-20T20:44:36
denton-tx,denton-tx,2026-01-20,Tuesday,35.0,2026-01-20T19:59:01
flowermoundtx,flowermoundtx,2026-01-20,Tuesday,28.0,2026-01-20T21:57:45
granburytx,granburytx,2026-01-20,Tuesday,18.5,2026-01-20T22:29:49
grand-prairie-tx,grand-prairie-tx,2026-01-20,Tuesday,14.0,2026-01-20T21:46:59
houstonheightstx,houstonheightstx,2026-01-20,Tuesday,34.0,2026-01-20T23:30:52
houston-memorial-tx,houston-memorial-tx,2026-01-20,Tuesday,33.5,2026-01-20T22:29:49
katy-tx,katy-tx,2026-01-20,Tuesday,26.0,2026-01-20T22:47:09
kellertx,kellertx,2026-01-20,Tuesday,22.0,2026-01-20T21:31:48
lubbock-tx,lubbock-tx,2026-01-20,Tuesday,0.0,2026-01-20T01:46:59
woodlands-houston-tx,woodlands-houston-tx,2026-01-20,Tuesday,26.5,2026-01-20T22:29:49
mckinney-tx,mckinney-tx,2026-01-20,Tuesday,0.0,2026-01-20T01:46:59
midlandtx,midlandtx,2026-01-20,Tuesday,50.0,2026-01-20T18:42:25
east-odessa-tx,east-odessa-tx,2026-01-20,Tuesday,0.0,2026-01-20T01:46:59
planowesttx,planowesttx,2026-01-20,Tuesday,22.5,2026-01-20T23:58:42
round-rock-tx,round-rock-tx,2026-01-20,Tuesday,0.0,2026-01-20T01:46:59
shenandoah-tx,shenandoah-tx,2026-01-20,Tuesday,0.0,2026-01-20T01:46:59
sherman-tx,sherman-tx,2026-01-20,Tuesday,19.0,2026-01-20T22:29:49
spring-tx,spring-tx,2026-01-20,Tuesday,4.5,2026-01-20T23:30:52
tylersouthtx,tylersouthtx,2026-01-20,Tuesday,45.5,2026-01-20T23:30:52
americanforkut,americanforkut,2026-01-20,Tuesday,48.5,2026-01-20T06:52:14
cedarcity,cedarcity,2026-01-20,Tuesday,37.0,2026-01-20T21:46:59
layton-ut,layton-ut,2026-01-20,Tuesday,9.0,2026-01-20T16:19:30
lehiut,lehiut,2026-01-20,Tuesday,42.0,2026-01-20T21:31:48
millcreekut,millcreekut,2026-01-20,Tuesday,16.0,2026-01-20T19:59:01
murrayut,murrayut,2026-01-20,Tuesday,31.0,2026-01-20T22:57:45
ogden-pleasant-view-ut,ogden-pleasant-view-ut,2026-01-20,Tuesday,29.0,2026-01-20T16:55:36
ogden-riverdale-ut,ogden-riverdale-ut,2026-01-20,Tuesday,8.5,2026-01-20T23:58:42
orem-ut,orem-ut,2026-01-20,Tuesday,44.0,2026-01-20T23:48:13
richfield,richfield,2026-01-20,Tuesday,2.0,2026-01-20T17:31:17
sandyut,sandyut,2026-01-20,Tuesday,33.5,2026-01-20T19:59:01
spanishforkut,spanishforkut,2026-01-20,Tuesday,30.0,2026-01-20T22:29:49
stgeorgeut,stgeorgeut,2026-01-20,Tuesday,11.0,2026-01-20T14:48:36
st-george-ut-river-rd,st-george-ut-river-rd,2026-01-20,Tuesday,16.0,2026-01-20T20:44:36
st-george-ut-sunset,st-george-ut-sunset,2026-01-20,Tuesday,12.5,2026-01-20T23:58:42
lynchburg-va,lynchburg-va,2026-01-20,Tuesday,0.0,2026-01-20T01:46:59
virginia-beach-va-courthouse,virginia-beach-va-courthouse,2026-01-20,Tuesday,0.0,2026-01-20T01:46:59
birminghamal,birminghamal,2026-01-21,Wednesday,19.5,2026-01-21T19:43:06
huntsville-al-research-park,huntsville-al-research-park,2026-01-21,Wednesday,9.0,2026-01-21T22:57:50
chandleraz,chandleraz,2026-01-21,Wednesday,21.0,2026-01-21T23:52:39
southchandleraz,southchandleraz,2026-01-21,Wednesday,14.0,2026-01-21T22:57:50
gilbertaz,gilbertaz,2026-01-21,Wednesday,41.5,2026-01-21T22:37:10
glendaleaz,glendaleaz,2026-01-21,Wednesday,44.0,2026-01-21T17:39:41
goodyear-az,goodyear-az,2026-01-21,Wednesday,0.0,2026-01-21T02:27:59
mesa-az-east,mesa-az-east,2026-01-21,Wednesday,8.5,2026-01-21T23:52:39
paradise-valley-az,paradise-valley-az,2026-01-21,Wednesday,16.0,2026-01-21T23:32:53
glendale-az-peoria,glendale-az-peoria,2026-01-21,Wednesday,21.0,2026-01-21T21:46:35
scottsdaleaz,scottsdaleaz,2026-01-21,Wednesday,36.0,2026-01-21T23:32:53
scottsdale-az-north,scottsdale-az-north,2026-01-21,Wednesday,0.0,2026-01-21T02:27:59
surpriseaz,surpriseaz,2026-01-21,Wednesday,5.0,2026-01-21T18:28:52
talkingstickaz,talkingstickaz,2026-01-21,Wednesday,0.0,2026-01-21T02:27:59
tempeaz,tempeaz,2026-01-21,Wednesday,14.0,2026-01-21T22:57:50
carlsbadca,carlsbadca,2026-01-21,Wednesday,11.5,2026-01-21T20:45:54
rancho-mirage-ca,rancho-mirage-ca,2026-01-21,Wednesday,0.0,2026-01-21T02:27:59
fort-collins-timnath-co,fort-collins-timnath-co,2026-01-21,Wednesday,0.0,2026-01-21T02:27:59
invernessco,invernessco,2026-01-21,Wednesday,28.0,2026-01-21T19:10:43
littleton-co,littleton-co,2026-01-21,Wednesday,15.5,2026-01-21T18:28:52
loveland-co-johnstown,loveland-co-johnstown,2026-01-21,Wednesday,0.0,2026-01-21T02:27:59
colorado-springs-northgate,colorado-springs-northgate,2026-01-21,Wednesday,26.5,2026-01-21T21:15:27
pueblowestco,pueblowestco,2026-01-21,Wednesday,24.5,2026-01-21T22:37:10
wilmingtonde,wilmingtonde,2026-01-21,Wednesday,51.5,2026-01-21T09:50:09
boca-raton-fl-west,boca-raton-fl-west,2026-01-21,Wednesday,0.0,2026-01-21T02:27:59
bradentonfl,bradentonfl,2026-01-21,Wednesday,28.0,2026-01-21T23:52:39
jacksonvillebeachfl,jacksonvillebeachfl,2026-01-21,Wednesday,21.0,2026-01-21T22:37:10
miramarbeach,miramarbeach,2026-01-21,Wednesday,29.0,2026-01-21T22:37:10
naplesfl,naplesfl,2026-01-21,Wednesday,29.0,2026-01-21T22:37:10
naples-fl-north,naples-fl-north,2026-01-21,Wednesday,6.0,2026-01-21T20:03:10
oldsmarfl,oldsmarfl,2026-01-21,Wednesday,29.5,2026-01-21T22:37:10
orlando-fl-waterford-lakes,orlando-fl-waterford-lakes,2026-01-21,Wednesday,0.0,2026-01-21T02:27:59
ponte-vedra-fl,ponte-vedra-fl,2026-01-21,Wednesday,21.0,2026-01-21T22:37:10
port-charlotte-fl,port-charlotte-fl,2026-01-21,Wednesday,25.0,2026-01-21T17:39:41
spring-hill-fl,spring-hill-fl,2026-01-21,Wednesday,26.0,2026-01-21T22:57:50
alpharetta-ga,alpharetta-ga,2026-01-21,Wednesday,0.0,2026-01-21T02:27:59
westmidtownga,westmidtownga,2026-01-21,Wednesday,33.0,2026-01-21T23:32:53
augustaga,augustaga,2026-01-21,Wednesday,49.5,2026-01-21T19:43:06
braseltonga,braseltonga,2026-01-21,Wednesday,35.5,2026-01-21T22:37:10
dacula-ga,dacula-ga,2026-01-21,Wednesday,14.0,2026-01-21T23:32:53
mcdonoughga,mcdonoughga,2026-01-21,Wednesday,17.0,2026-01-21T22:00:54
warnerrobinsga,warnerrobinsga,2026-01-21,Wednesday,37.5,2026-01-21T17:39:41
woodstock-ga,woodstock-ga,2026-01-21,Wednesday,0.0,2026-01-21T02:27:59
ankeny-ia,ankeny-ia,2026-01-21,Wednesday,14.5,2026-01-21T23:32:53
des-moines-ia-downtown,des-moines-ia-downtown,2026-01-21,Wednesday,0.0,2026-01-21T02:27:59
des-moines-waukee-ia,des-moines-waukee-ia,2026-01-21,Wednesday,0.0,2026-01-21T02:27:59
boise-id,boise-id,2026-01-21,Wednesday,43.0,2026-01-21T21:15:27
meridian-id,meridian-id,2026-01-21,Wednesday,48.5,2026-01-21T23:32:53
carmelin,carmelin,2026-01-21,Wednesday,33.5,2026-01-21T11:54:55
fishers-in,fishers-in,2026-01-21,Wednesday,42.0,2026-01-21T18:28:52
kansas-city-leawood,kansas-city-leawood,2026-01-21,Wednesday,27.0,2026-01-21T16:32:47
overlandparkks,overlandparkks,2026-01-21,Wednesday,42.5,2026-01-21T22:57:50
ascension-la,ascension-la,2026-01-21,Wednesday,0.0,2026-01-21T02:27:59
baton-rouge-st-george,baton-rouge-st-george,2026-01-21,Wednesday,20.5,2026-01-21T22:00:54
shreveport-la-south,shreveport-la-south,2026-01-21,Wednesday,26.5,2026-01-21T23:32:53
maynardma,maynardma,2026-01-21,Wednesday,26.0,2026-01-21T23:52:39
southborough-ma,southborough-ma,2026-01-21,Wednesday,52.0,2026-01-21T23:52:39
crofton-md,crofton-md,2026-01-21,Wednesday,0.0,2026-01-21T02:27:59
towson-baltimore-md,towson-baltimore-md,2026-01-21,Wednesday,0.0,2026-01-21T02:27:59
white-marsh-baltimore-md,white-marsh-baltimore-md,2026-01-21,Wednesday,0.0,2026-01-21T02:27:59
clarkstonmi,clarkstonmi,2026-01-21,Wednesday,19.5,2026-01-21T21:46:35
farmington-mi,farmington-mi,2026-01-21,Wednesday,31.5,2026-01-21T22:00:54
grand-blanc-mi,grand-blanc-mi,2026-01-21,Wednesday,28.0,2026-01-21T14:49:01
lansing-mi,lansing-mi,2026-01-21,Wednesday,40.5,2026-01-21T22:00:54
livonia-mi,livonia-mi,2026-01-21,Wednesday,43.0,2026-01-21T18:28:52
novi-mi,novi-mi,2026-01-21,Wednesday,0.0,2026-01-21T02:27:59
rochester-hills-mi,rochester-hills-mi,2026-01-21,Wednesday,21.0,2026-01-21T21:46:35
troy-mi,troy-mi,2026-01-21,Wednesday,15.0,2026-01-21T23:32:53
west-bloomfield-mi,west-bloomfield-mi,2026-01-21,Wednesday,0.0,2026-01-21T02:27:59
st-louis-crestwood-mo,st-louis-crestwood-mo,2026-01-21,Wednesday,18.5,2026-01-21T21:46:35
liberty-mo,liberty-mo,2026-01-21,Wednesday,1.0,2026-01-21T02:27:59
rollamo,rollamo,2026-01-21,Wednesday,19.0,2026-01-21T23:32:53
bozemanmt,bozemanmt,2026-01-21,Wednesday,50.0,2026-01-21T23:32:53
chapel-hill-nc,chapel-hill-nc,2026-01-21,Wednesday,26.0,2026-01-21T22:57:50
raleigh-nc-north,raleigh-nc-north,2026-01-21,Wednesday,2.0,2026-01-21T15:52:40
lincoln-ne-south,lincoln-ne-south,2026-01-21,Wednesday,30.5,2026-01-21T23:32:53
omahane,omahane,2026-01-21,Wednesday,51.0,2026-01-21T08:45:11
papillionne,papillionne,2026-01-21,Wednesday,41.5,2026-01-21T22:37:10
howell-nj,howell-nj,2026-01-21,Wednesday,13.5,2026-01-21T21:15:27
pomptonplainsnj,pomptonplainsnj,2026-01-21,Wednesday,72.5,2026-01-21T22:37:10
princetonnj,princetonnj,2026-01-21,Wednesday,34.5,2026-01-21T19:10:43
toms-river-nj,toms-river-nj,2026-01-21,Wednesday,0.0,2026-01-21T02:27:59
lascruces-nm,lascruces-nm,2026-01-21,Wednesday,13.5,2026-01-21T20:45:54
hendersonnv,hendersonnv,2026-01-21,Wednesday,23.5,2026-01-21T21:15:27
mesquitenv,mesquitenv,2026-01-21,Wednesday,19.0,2026-01-21T10:14:25
southsummerlinnv,southsummerlinnv,2026-01-21,Wednesday,30.5,2026-01-21T23:52:39
summerlinlasvegasnv,summerlinlasvegasnv,2026-01-21,Wednesday,33.5,2026-01-21T21:46:35
bethpage-ny,bethpage-ny,2026-01-21,Wednesday,42.0,2026-01-21T02:27:59
fivetowns-ny,fivetowns-ny,2026-01-21,Wednesday,24.0,2026-01-21T17:39:41
brunswickoh,brunswickoh,2026-01-21,Wednesday,49.5,2026-01-21T22:57:50
chardonoh,chardonoh,2026-01-21,Wednesday,23.0,2026-01-21T22:00:54
columbus-upper-arlington-oh,columbus-upper-arlington-oh,2026-01-21,Wednesday,19.5,2026-01-21T10:14:25
north-canton-oh,north-canton-oh,2026-01-21,Wednesday,34.5,2026-01-21T05:17:56
woosteroh,woosteroh,2026-01-21,Wednesday,43.0,2026-01-21T23:52:39
jenks-ok,jenks-ok,2026-01-21,Wednesday,11.0,2026-01-21T23:32:53
tulsa-ok-southern-hills,tulsa-ok-southern-hills,2026-01-21,Wednesday,18.0,2026-01-21T22:57:50
clackamas-or,clackamas-or,2026-01-21,Wednesday,5.0,2026-01-21T22:37:10
eugeneor,eugeneor,2026-01-21,Wednesday,53.5,2026-01-21T22:57:50
salem-keizer-or,salem-keizer-or,2026-01-21,Wednesday,25.5,2026-01-21T22:57:50
sherwoodor,sherwoodor,2026-01-21,Wednesday,33.5,2026-01-21T22:37:10
paoli-pa,paoli-pa,2026-01-21,Wednesday,72.0,2026-01-21T02:27:59
yardley-pa,yardley-pa,2026-01-21,Wednesday,59.0,2026-01-21T20:45:54
york-pa,york-pa,2026-01-21,Wednesday,72.0,2026-01-21T18:28:52
aikensc,aikensc,2026-01-21,Wednesday,32.5,2026-01-21T23:32:53
spartanburgsc,spartanburgsc,2026-01-21,Wednesday,50.5,2026-01-21T17:39:41
sioux-falls-sd-south,sioux-falls-sd-south,2026-01-21,Wednesday,40.0,2026-01-21T13:37:23
chattanoogatn,chattanoogatn,2026-01-21,Wednesday,40.5,2026-01-21T22:57:50
clarksvilletn,clarksvilletn,2026-01-21,Wednesday,60.5,2026-01-21T20:45:54
cleveland-tn,cleveland-tn,2026-01-21,Wednesday,0.0,2026-01-21T02:27:59
franklintn,franklintn,2026-01-21,Wednesday,39.0,2026-01-21T21:15:27
knoxvilletn,knoxvilletn,2026-01-21,Wednesday,57.5,2026-01-21T23:32:53
memphis-tn-collierville,memphis-tn-collierville,2026-01-21,Wednesday,6.0,2026-01-21T22:37:10
mt-juliet-tn,mt-juliet-tn,2026-01-21,Wednesday,35.0,2026-01-21T21:46:35
nashville-bellevue-tn,nashville-bellevue-tn,2026-01-21,Wednesday,3.5,2026-01-21T22:57:50
spring-hill-tn-north,spring-hill-tn-north,2026-01-21,Wednesday,29.5,2026-01-21T22:37:10
allen-tx,allen-tx,2026-01-21,Wednesday,0.0,2026-01-21T02:27:59
amarillo-tx,amarillo-tx,2026-01-21,Wednesday,0.0,2026-01-21T02:27:59
houston-atascocita-tx,houston-atascocita-tx,2026-01-21,Wednesday,34.0,2026-01-21T15:52:40
eastaustintx,eastaustintx,2026-01-21,Wednesday,52.5,2026-01-21T21:46:35
southwestaustintx,southwestaustintx,2026-01-21,Wednesday,22.5,2026-01-21T22:57:50
colleyville-tx,colleyville-tx,2026-01-21,Wednesday,19.0,2026-01-21T21:46:35
denton-tx,denton-tx,2026-01-21,Wednesday,21.0,2026-01-21T22:37:10
flowermoundtx,flowermoundtx,2026-01-21,Wednesday,49.0,2026-01-21T22:57:50
granburytx,granburytx,2026-01-21,Wednesday,17.0,2026-01-21T20:45:54
grand-prairie-tx,grand-prairie-tx,2026-01-21,Wednesday,11.0,2026-01-21T22:57:50
houstonheightstx,houstonheightstx,2026-01-21,Wednesday,37.5,2026-01-21T19:43:06
houston-memorial-tx,houston-memorial-tx,2026-01-21,Wednesday,35.0,2026-01-21T21:46:35
katy-tx,katy-tx,2026-01-21,Wednesday,31.5,2026-01-21T21:46:35
kellertx,kellertx,2026-01-21,Wednesday,25.0,2026-01-21T23:32:53
lubbock-tx,lubbock-tx,2026-01-21,Wednesday,0.0,2026-01-21T02:27:59
woodlands-houston-tx,woodlands-houston-tx,2026-01-21,Wednesday,35.5,2026-01-21T22:57:50
mckinney-tx,mckinney-tx,2026-01-21,Wednesday,0.0,2026-01-21T02:27:59
midlandtx,midlandtx,2026-01-21,Wednesday,47.5,2026-01-21T21:46:35
east-odessa-tx,east-odessa-tx,2026-01-21,Wednesday,0.0,2026-01-21T02:27:59
planowesttx,planowesttx,2026-01-21,Wednesday,23.0,2026-01-21T21:46:35
round-rock-tx,round-rock-tx,2026-01-21,Wednesday,0.0,2026-01-21T02:27:59
shenandoah-tx,shenandoah-tx,2026-01-21,Wednesday,0.0,2026-01-21T02:27:59
sherman-tx,sherman-tx,2026-01-21,Wednesday,20.5,2026-01-21T22:37:10
spring-tx,spring-tx,2026-01-21,Wednesday,3.0,2026-01-21T16:32:47
tylersouthtx,tylersouthtx,2026-01-21,Wednesday,51.5,2026-01-21T20:45:54
americanforkut,americanforkut,2026-01-21,Wednesday,52.5,2026-01-21T21:15:27
cedarcity,cedarcity,2026-01-21,Wednesday,36.5,2026-01-21T22:57:50
layton-ut,layton-ut,2026-01-21,Wednesday,18.0,2026-01-21T22:37:10
lehiut,lehiut,2026-01-21,Wednesday,39.5,2026-01-21T16:32:47
millcreekut,millcreekut,2026-01-21,Wednesday,16.0,2026-01-21T04:46:38
murrayut,murrayut,2026-01-21,Wednesday,22.5,2026-01-21T21:46:35
ogden-pleasant-view-ut,ogden-pleasant-view-ut,2026-01-21,Wednesday,29.0,2026-01-21T23:32:53
ogden-riverdale-ut,ogden-riverdale-ut,2026-01-21,Wednesday,17.0,2026-01-21T23:32:53
orem-ut,orem-ut,2026-01-21,Wednesday,41.5,2026-01-21T22:57:50
richfield,richfield,2026-01-21,Wednesday,11.5,2026-01-21T23:32:53
sandyut,sandyut,2026-01-21,Wednesday,32.5,2026-01-21T23:32:53
spanishforkut,spanishforkut,2026-01-21,Wednesday,23.5,2026-01-21T21:46:35
stgeorgeut,stgeorgeut,2026-01-21,Wednesday,11.0,2026-01-21T21:46:35
st-george-ut-river-rd,st-george-ut-river-rd,2026-01-21,Wednesday,25.0,2026-01-21T22:57:50
st-george-ut-sunset,st-george-ut-sunset,2026-01-21,Wednesday,11.5,2026-01-21T20:03:10
lynchburg-va,lynchburg-va,2026-01-21,Wednesday,0.0,2026-01-21T02:27:59
virginia-beach-va-courthouse,virginia-beach-va-courthouse,2026-01-21,Wednesday,0.0,2026-01-21T02:27:59
birminghamal,birminghamal,2026-01-22,Thursday,20.0,2026-01-22T20:55:24
huntsville-al-research-park,huntsville-al-research-park,2026-01-22,Thursday,8.0,2026-01-22T20:55:24
chandleraz,chandleraz,2026-01-22,Thursday,23.0,2026-01-22T22:53:12
southchandleraz,southchandleraz,2026-01-22,Thursday,7.0,2026-01-22T18:54:38
gilbertaz,gilbertaz,2026-01-22,Thursday,40.0,2026-01-22T19:44:35
glendaleaz,glendaleaz,2026-01-22,Thursday,37.0,2026-01-22T20:34:44
goodyear-az,goodyear-az,2026-01-22,Thursday,0.0,2026-01-22T01:15:14
mesa-az-east,mesa-az-east,2026-01-22,Thursday,9.0,2026-01-22T19:44:35
paradise-valley-az,paradise-valley-az,2026-01-22,Thursday,15.0,2026-01-22T23:38:43
glendale-az-peoria,glendale-az-peoria,2026-01-22,Thursday,25.5,2026-01-22T22:53:12
scottsdaleaz,scottsdaleaz,2026-01-22,Thursday,43.5,2026-01-22T23:17:12
scottsdale-az-north,scottsdale-az-north,2026-01-22,Thursday,0.0,2026-01-22T01:15:14
surpriseaz,surpriseaz,2026-01-22,Thursday,17.5,2026-01-22T23:52:27
talkingstickaz,talkingstickaz,2026-01-22,Thursday,0.0,2026-01-22T01:15:14
tempeaz,tempeaz,2026-01-22,Thursday,16.5,2026-01-22T23:52:27
carlsbadca,carlsbadca,2026-01-22,Thursday,17.0,2026-01-22T22:33:24
rancho-mirage-ca,rancho-mirage-ca,2026-01-22,Thursday,0.0,2026-01-22T01:15:14
fort-collins-timnath-co,fort-collins-timnath-co,2026-01-22,Thursday,0.0,2026-01-22T01:15:14
invernessco,invernessco,2026-01-22,Thursday,32.5,2026-01-22T22:33:24
littleton-co,littleton-co,2026-01-22,Thursday,21.5,2026-01-22T23:52:27
loveland-co-johnstown,loveland-co-johnstown,2026-01-22,Thursday,0.0,2026-01-22T01:15:14
colorado-springs-northgate,colorado-springs-northgate,2026-01-22,Thursday,30.0,2026-01-22T23:52:27
pueblowestco,pueblowestco,2026-01-22,Thursday,34.5,2026-01-22T22:33:24
wilmingtonde,wilmingtonde,2026-01-22,Thursday,51.5,2026-01-22T19:24:24
boca-raton-fl-west,boca-raton-fl-west,2026-01-22,Thursday,0.0,2026-01-22T01:15:14
bradentonfl,bradentonfl,2026-01-22,Thursday,19.0,2026-01-22T23:17:12
jacksonvillebeachfl,jacksonvillebeachfl,2026-01-22,Thursday,23.0,2026-01-22T23:52:27
miramarbeach,miramarbeach,2026-01-22,Thursday,25.5,2026-01-22T22:33:24
naplesfl,naplesfl,2026-01-22,Thursday,18.0,2026-01-22T22:53:12
naples-fl-north,naples-fl-north,2026-01-22,Thursday,9.0,2026-01-22T21:47:10
oldsmarfl,oldsmarfl,2026-01-22,Thursday,27.5,2026-01-22T18:54:38
orlando-fl-waterford-lakes,orlando-fl-waterford-lakes,2026-01-22,Thursday,0.0,2026-01-22T01:15:14
ponte-vedra-fl,ponte-vedra-fl,2026-01-22,Thursday,13.5,2026-01-22T22:33:24
port-charlotte-fl,port-charlotte-fl,2026-01-22,Thursday,34.0,2026-01-22T23:38:43
spring-hill-fl,spring-hill-fl,2026-01-22,Thursday,25.0,2026-01-22T22:53:12
alpharetta-ga,alpharetta-ga,2026-01-22,Thursday,0.0,2026-01-22T01:15:14
westmidtownga,westmidtownga,2026-01-22,Thursday,41.5,2026-01-22T22:33:24
augustaga,augustaga,2026-01-22,Thursday,36.0,2026-01-22T22:33:24
braseltonga,braseltonga,2026-01-22,Thursday,35.0,2026-01-22T23:17:12
dacula-ga,dacula-ga,2026-01-22,Thursday,24.5,2026-01-22T21:47:10
mcdonoughga,mcdonoughga,2026-01-22,Thursday,18.0,2026-01-22T22:33:24
warnerrobinsga,warnerrobinsga,2026-01-22,Thursday,34.5,2026-01-22T14:43:09
woodstock-ga,woodstock-ga,2026-01-22,Thursday,0.0,2026-01-22T01:15:14
ankeny-ia,ankeny-ia,2026-01-22,Thursday,9.0,2026-01-22T23:52:27
des-moines-ia-downtown,des-moines-ia-downtown,2026-01-22,Thursday,0.0,2026-01-22T01:15:14
des-moines-waukee-ia,des-moines-waukee-ia,2026-01-22,Thursday,0.0,2026-01-22T01:15:14
boise-id,boise-id,2026-01-22,Thursday,38.0,2026-01-22T23:17:12
meridian-id,meridian-id,2026-01-22,Thursday,32.0,2026-01-22T22:33:24
carmelin,carmelin,2026-01-22,Thursday,41.0,2026-01-22T22:53:12
fishers-in,fishers-in,2026-01-22,Thursday,42.0,2026-01-22T19:44:35
kansas-city-leawood,kansas-city-leawood,2026-01-22,Thursday,38.0,2026-01-22T15:45:12
overlandparkks,overlandparkks,2026-01-22,Thursday,41.0,2026-01-22T18:54:38
ascension-la,ascension-la,2026-01-22,Thursday,0.0,2026-01-22T01:15:14
baton-rouge-st-george,baton-rouge-st-george,2026-01-22,Thursday,10.0,2026-01-22T20:34:44
shreveport-la-south,shreveport-la-south,2026-01-22,Thursday,22.0,2026-01-22T22:33:24
maynardma,maynardma,2026-01-22,Thursday,33.0,2026-01-22T23:17:12
southborough-ma,southborough-ma,2026-01-22,Thursday,56.5,2026-01-22T20:34:44
crofton-md,crofton-md,2026-01-22,Thursday,0.0,2026-01-22T01:15:14
towson-baltimore-md,towson-baltimore-md,2026-01-22,Thursday,0.0,2026-01-22T01:15:14
white-marsh-baltimore-md,white-marsh-baltimore-md,2026-01-22,Thursday,0.0,2026-01-22T01:15:14
clarkstonmi,clarkstonmi,2026-01-22,Thursday,27.5,2026-01-22T12:20:57
farmington-mi,farmington-mi,2026-01-22,Thursday,27.0,2026-01-22T18:54:38
grand-blanc-mi,grand-blanc-mi,2026-01-22,Thursday,24.0,2026-01-22T14:43:09
lansing-mi,lansing-mi,2026-01-22,Thursday,45.5,2026-01-22T16:49:33
livonia-mi,livonia-mi,2026-01-22,Thursday,38.5,2026-01-22T23:17:12
novi-mi,novi-mi,2026-01-22,Thursday,0.0,2026-01-22T01:15:14
rochester-hills-mi,rochester-hills-mi,2026-01-22,Thursday,33.0,2026-01-22T21:59:19
troy-mi,troy-mi,2026-01-22,Thursday,32.0,2026-01-22T23:52:27
west-bloomfield-mi,west-bloomfield-mi,2026-01-22,Thursday,0.0,2026-01-22T01:15:14
st-louis-crestwood-mo,st-louis-crestwood-mo,2026-01-22,Thursday,31.5,2026-01-22T23:17:12
liberty-mo,liberty-mo,2026-01-22,Thursday,0.0,2026-01-22T01:15:14
rollamo,rollamo,2026-01-22,Thursday,18.5,2026-01-22T22:53:12
bozemanmt,bozemanmt,2026-01-22,Thursday,47.0,2026-01-22T21:25:16
chapel-hill-nc,chapel-hill-nc,2026-01-22,Thursday,31.0,2026-01-22T20:55:24
raleigh-nc-north,raleigh-nc-north,2026-01-22,Thursday,9.0,2026-01-22T19:24:24
lincoln-ne-south,lincoln-ne-south,2026-01-22,Thursday,42.5,2026-01-22T21:25:16
omahane,omahane,2026-01-22,Thursday,52.5,2026-01-22T21:47:10
papillionne,papillionne,2026-01-22,Thursday,46.5,2026-01-22T22:53:12
howell-nj,howell-nj,2026-01-22,Thursday,15.5,2026-01-22T23:52:27
pomptonplainsnj,pomptonplainsnj,2026-01-22,Thursday,69.5,2026-01-22T23:17:12
princetonnj,princetonnj,2026-01-22,Thursday,32.5,2026-01-22T21:25:16
toms-river-nj,toms-river-nj,2026-01-22,Thursday,0.0,2026-01-22T01:15:14
lascruces-nm,lascruces-nm,2026-01-22,Thursday,21.5,2026-01-22T23:17:12
hendersonnv,hendersonnv,2026-01-22,Thursday,35.0,2026-01-22T23:17:12
mesquitenv,mesquitenv,2026-01-22,Thursday,24.5,2026-01-22T21:25:16
southsummerlinnv,southsummerlinnv,2026-01-22,Thursday,34.0,2026-01-22T23:52:27
summerlinlasvegasnv,summerlinlasvegasnv,2026-01-22,Thursday,34.0,2026-01-22T16:49:33
bethpage-ny,bethpage-ny,2026-01-22,Thursday,44.5,2026-01-22T17:18:58
fivetowns-ny,fivetowns-ny,2026-01-22,Thursday,22.0,2026-01-22T20:55:24
brunswickoh,brunswickoh,2026-01-22,Thursday,56.5,2026-01-22T23:38:43
chardonoh,chardonoh,2026-01-22,Thursday,30.5,2026-01-22T19:44:35
columbus-upper-arlington-oh,columbus-upper-arlington-oh,2026-01-22,Thursday,25.5,2026-01-22T19:24:24
north-canton-oh,north-canton-oh,2026-01-22,Thursday,45.5,2026-01-22T23:17:12
woosteroh,woosteroh,2026-01-22,Thursday,36.0,2026-01-22T23:17:12
jenks-ok,jenks-ok,2026-01-22,Thursday,9.0,2026-01-22T21:47:10
tulsa-ok-southern-hills,tulsa-ok-southern-hills,2026-01-22,Thursday,23.5,2026-01-22T23:38:43
clackamas-or,clackamas-or,2026-01-22,Thursday,11.0,2026-01-22T21:25:16
eugeneor,eugeneor,2026-01-22,Thursday,54.0,2026-01-22T22:33:24
salem-keizer-or,salem-keizer-or,2026-01-22,Thursday,35.0,2026-01-22T22:53:12
sherwoodor,sherwoodor,2026-01-22,Thursday,39.0,2026-01-22T23:17:12
paoli-pa,paoli-pa,2026-01-22,Thursday,72.0,2026-01-22T01:15:14
yardley-pa,yardley-pa,2026-01-22,Thursday,60.5,2026-01-22T15:45:12
york-pa,york-pa,2026-01-22,Thursday,65.0,2026-01-22T20:34:44
aikensc,aikensc,2026-01-22,Thursday,36.5,2026-01-22T22:33:24
spartanburgsc,spartanburgsc,2026-01-22,Thursday,51.5,2026-01-22T21:25:16
sioux-falls-sd-south,sioux-falls-sd-south,2026-01-22,Thursday,36.0,2026-01-22T19:44:35
chattanoogatn,chattanoogatn,2026-01-22,Thursday,38.5,2026-01-22T18:54:38
clarksvilletn,clarksvilletn,2026-01-22,Thursday,63.5,2026-01-22T20:34:44
cleveland-tn,cleveland-tn,2026-01-22,Thursday,0.0,2026-01-22T01:15:14
franklintn,franklintn,2026-01-22,Thursday,29.0,2026-01-22T21:47:10
knoxvilletn,knoxvilletn,2026-01-22,Thursday,57.0,2026-01-22T21:25:16
memphis-tn-collierville,memphis-tn-collierville,2026-01-22,Thursday,18.0,2026-01-22T14:43:09
mt-juliet-tn,mt-juliet-tn,2026-01-22,Thursday,36.5,2026-01-22T16:49:33
nashville-bellevue-tn,nashville-bellevue-tn,2026-01-22,Thursday,7.5,2026-01-22T21:59:19
spring-hill-tn-north,spring-hill-tn-north,2026-01-22,Thursday,35.0,2026-01-22T23:17:12
allen-tx,allen-tx,2026-01-22,Thursday,0.0,2026-01-22T01:15:14
amarillo-tx,amarillo-tx,2026-01-22,Thursday,0.0,2026-01-22T01:15:14
houston-atascocita-tx,houston-atascocita-tx,2026-01-22,Thursday,33.5,2026-01-22T23:38:43
eastaustintx,eastaustintx,2026-01-22,Thursday,32.5,2026-01-22T19:57:18
southwestaustintx,southwestaustintx,2026-01-22,Thursday,18.0,2026-01-22T22:33:24
colleyville-tx,colleyville-tx,2026-01-22,Thursday,23.5,2026-01-22T21:47:10
denton-tx,denton-tx,2026-01-22,Thursday,18.5,2026-01-22T23:38:43
flowermoundtx,flowermoundtx,2026-01-22,Thursday,45.0,2026-01-22T23:17:12
granburytx,granburytx,2026-01-22,Thursday,16.0,2026-01-22T23:17:12
grand-prairie-tx,grand-prairie-tx,2026-01-22,Thursday,15.0,2026-01-22T23:52:27
houstonheightstx,houstonheightstx,2026-01-22,Thursday,40.5,2026-01-22T23:17:12
houston-memorial-tx,houston-memorial-tx,2026-01-22,Thursday,32.5,2026-01-22T19:24:24
katy-tx,katy-tx,2026-01-22,Thursday,19.0,2026-01-22T22:33:24
kellertx,kellertx,2026-01-22,Thursday,32.0,2026-01-22T21:47:10
lubbock-tx,lubbock-tx,2026-01-22,Thursday,0.0,2026-01-22T01:15:14
woodlands-houston-tx,woodlands-houston-tx,2026-01-22,Thursday,31.5,2026-01-22T23:38:43
mckinney-tx,mckinney-tx,2026-01-22,Thursday,3.0,2026-01-22T21:25:16
midlandtx,midlandtx,2026-01-22,Thursday,51.5,2026-01-22T13:24:44
east-odessa-tx,east-odessa-tx,2026-01-22,Thursday,0.0,2026-01-22T01:15:14
planowesttx,planowesttx,2026-01-22,Thursday,24.5,2026-01-22T21:25:16
round-rock-tx,round-rock-tx,2026-01-22,Thursday,0.0,2026-01-22T01:15:14
shenandoah-tx,shenandoah-tx,2026-01-22,Thursday,0.0,2026-01-22T01:15:14
sherman-tx,sherman-tx,2026-01-22,Thursday,18.5,2026-01-22T23:52:27
spring-tx,spring-tx,2026-01-22,Thursday,2.0,2026-01-22T16:49:33
tylersouthtx,tylersouthtx,2026-01-22,Thursday,57.5,2026-01-22T15:04:29
americanforkut,americanforkut,2026-01-22,Thursday,54.5,2026-01-22T19:57:18
cedarcity,cedarcity,2026-01-22,Thursday,39.0,2026-01-22T15:04:29
layton-ut,layton-ut,2026-01-22,Thursday,17.0,2026-01-22T23:17:12
lehiut,lehiut,2026-01-22,Thursday,44.0,2026-01-22T17:18:58
millcreekut,millcreekut,2026-01-22,Thursday,16.5,2026-01-22T04:29:39
murrayut,murrayut,2026-01-22,Thursday,31.5,2026-01-22T21:47:10
ogden-pleasant-view-ut,ogden-pleasant-view-ut,2026-01-22,Thursday,45.5,2026-01-22T23:17:12
ogden-riverdale-ut,ogden-riverdale-ut,2026-01-22,Thursday,12.0,2026-01-22T22:53:12
orem-ut,orem-ut,2026-01-22,Thursday,47.5,2026-01-22T21:59:19
richfield,richfield,2026-01-22,Thursday,9.0,2026-01-22T22:33:24
sandyut,sandyut,2026-01-22,Thursday,46.5,2026-01-22T23:52:27
spanishforkut,spanishforkut,2026-01-22,Thursday,31.5,2026-01-22T21:59:19
stgeorgeut,stgeorgeut,2026-01-22,Thursday,12.5,2026-01-22T23:52:27
st-george-ut-river-rd,st-george-ut-river-rd,2026-01-22,Thursday,21.0,2026-01-22T20:34:44
st-george-ut-sunset,st-george-ut-sunset,2026-01-22,Thursday,18.5,2026-01-22T23:38:43
lynchburg-va,lynchburg-va,2026-01-22,Thursday,0.0,2026-01-22T01:15:14
virginia-beach-va-courthouse,virginia-beach-va-courthouse,2026-01-22,Thursday,0.0,2026-01-22T01:15:14
birminghamal,birminghamal,2026-01-23,Friday,34.5,2026-01-23T23:25:59
huntsville-al-research-park,huntsville-al-research-park,2026-01-23,Friday,24.5,2026-01-23T23:25:59
chandleraz,chandleraz,2026-01-23,Friday,43.0,2026-01-23T23:25:59
southchandleraz,southchandleraz,2026-01-23,Friday,21.0,2026-01-23T22:46:01
gilbertaz,gilbertaz,2026-01-23,Friday,39.5,2026-01-23T19:43:44
glendaleaz,glendaleaz,2026-01-23,Friday,46.0,2026-01-23T16:37:10
goodyear-az,goodyear-az,2026-01-23,Friday,0.0,2026-01-23T01:10:41
mesa-az-east,mesa-az-east,2026-01-23,Friday,19.0,2026-01-23T22:46:01
paradise-valley-az,paradise-valley-az,2026-01-23,Friday,12.5,2026-01-23T22:27:05
glendale-az-peoria,glendale-az-peoria,2026-01-23,Friday,23.0,2026-01-23T22:56:40
scottsdaleaz,scottsdaleaz,2026-01-23,Friday,47.5,2026-01-23T21:31:07
scottsdale-az-north,scottsdale-az-north,2026-01-23,Friday,0.0,2026-01-23T01:10:41
surpriseaz,surpriseaz,2026-01-23,Friday,12.0,2026-01-23T20:26:28
talkingstickaz,talkingstickaz,2026-01-23,Friday,0.0,2026-01-23T01:10:41
tempeaz,tempeaz,2026-01-23,Friday,13.5,2026-01-23T23:25:59
carlsbadca,carlsbadca,2026-01-23,Friday,41.0,2026-01-23T23:25:59
rancho-mirage-ca,rancho-mirage-ca,2026-01-23,Friday,0.0,2026-01-23T01:10:41
fort-collins-timnath-co,fort-collins-timnath-co,2026-01-23,Friday,0.0,2026-01-23T01:10:41
invernessco,invernessco,2026-01-23,Friday,31.5,2026-01-23T23:25:59
littleton-co,littleton-co,2026-01-23,Friday,28.5,2026-01-23T23:25:59
loveland-co-johnstown,loveland-co-johnstown,2026-01-23,Friday,0.0,2026-01-23T01:10:41
colorado-springs-northgate,colorado-springs-northgate,2026-01-23,Friday,33.0,2026-01-23T14:46:51
pueblowestco,pueblowestco,2026-01-23,Friday,43.0,2026-01-23T22:27:05
wilmingtonde,wilmingtonde,2026-01-23,Friday,54.0,2026-01-23T07:34:40
boca-raton-fl-west,boca-raton-fl-west,2026-01-23,Friday,0.0,2026-01-23T01:10:41
bradentonfl,bradentonfl,2026-01-23,Friday,22.5,2026-01-23T21:57:49
jacksonvillebeachfl,jacksonvillebeachfl,2026-01-23,Friday,24.0,2026-01-23T23:44:00
miramarbeach,miramarbeach,2026-01-23,Friday,27.5,2026-01-23T23:25:59
naplesfl,naplesfl,2026-01-23,Friday,26.0,2026-01-23T23:54:54
naples-fl-north,naples-fl-north,2026-01-23,Friday,10.0,2026-01-23T23:25:59
oldsmarfl,oldsmarfl,2026-01-23,Friday,37.0,2026-01-23T20:49:18
orlando-fl-waterford-lakes,orlando-fl-waterford-lakes,2026-01-23,Friday,0.0,2026-01-23T01:10:41
ponte-vedra-fl,ponte-vedra-fl,2026-01-23,Friday,19.0,2026-01-23T21:47:11
port-charlotte-fl,port-charlotte-fl,2026-01-23,Friday,23.0,2026-01-23T23:44:00
spring-hill-fl,spring-hill-fl,2026-01-23,Friday,28.5,2026-01-23T23:25:59
alpharetta-ga,alpharetta-ga,2026-01-23,Friday,1.0,2026-01-23T21:31:07
westmidtownga,westmidtownga,2026-01-23,Friday,40.0,2026-01-23T19:54:54
augustaga,augustaga,2026-01-23,Friday,40.0,2026-01-23T22:46:01
braseltonga,braseltonga,2026-01-23,Friday,54.0,2026-01-23T23:44:00
dacula-ga,dacula-ga,2026-01-23,Friday,34.0,2026-01-23T23:44:00
mcdonoughga,mcdonoughga,2026-01-23,Friday,26.0,2026-01-23T22:46:01
warnerrobinsga,warnerrobinsga,2026-01-23,Friday,42.0,2026-01-23T23:44:00
woodstock-ga,woodstock-ga,2026-01-23,Friday,0.0,2026-01-23T01:10:41
ankeny-ia,ankeny-ia,2026-01-23,Friday,28.5,2026-01-23T20:26:28
des-moines-ia-downtown,des-moines-ia-downtown,2026-01-23,Friday,0.0,2026-01-23T01:10:41
des-moines-waukee-ia,des-moines-waukee-ia,2026-01-23,Friday,1.0,2026-01-23T16:37:10
boise-id,boise-id,2026-01-23,Friday,47.0,2026-01-23T18:56:31
meridian-id,meridian-id,2026-01-23,Friday,38.5,2026-01-23T21:57:49
carmelin,carmelin,2026-01-23,Friday,49.0,2026-01-23T20:26:28
fishers-in,fishers-in,2026-01-23,Friday,52.0,2026-01-23T19:54:54
kansas-city-leawood,kansas-city-leawood,2026-01-23,Friday,36.0,2026-01-23T23:25:59
overlandparkks,overlandparkks,2026-01-23,Friday,40.0,2026-01-23T18:56:31
ascension-la,ascension-la,2026-01-23,Friday,3.0,2026-01-23T01:10:41
baton-rouge-st-george,baton-rouge-st-george,2026-01-23,Friday,20.0,2026-01-23T21:57:49
shreveport-la-south,shreveport-la-south,2026-01-23,Friday,37.0,2026-01-23T22:27:05
maynardma,maynardma,2026-01-23,Friday,31.0,2026-01-23T23:25:59
southborough-ma,southborough-ma,2026-01-23,Friday,55.5,2026-01-23T23:25:59
crofton-md,crofton-md,2026-01-23,Friday,0.0,2026-01-23T01:10:41
towson-baltimore-md,towson-baltimore-md,2026-01-23,Friday,0.0,2026-01-23T01:10:41
white-marsh-baltimore-md,white-marsh-baltimore-md,2026-01-23,Friday,0.0,2026-01-23T01:10:41
clarkstonmi,clarkstonmi,2026-01-23,Friday,27.0,2026-01-23T21:57:49
farmington-mi,farmington-mi,2026-01-23,Friday,36.5,2026-01-23T13:50:00
grand-blanc-mi,grand-blanc-mi,2026-01-23,Friday,34.0,2026-01-23T22:56:40
lansing-mi,lansing-mi,2026-01-23,Friday,48.5,2026-01-23T23:44:00
livonia-mi,livonia-mi,2026-01-23,Friday,46.0,2026-01-23T06:59:50
novi-mi,novi-mi,2026-01-23,Friday,0.0,2026-01-23T01:10:41
rochester-hills-mi,rochester-hills-mi,2026-01-23,Friday,28.5,2026-01-23T19:43:44
troy-mi,troy-mi,2026-01-23,Friday,28.5,2026-01-23T21:00:36
west-bloomfield-mi,west-bloomfield-mi,2026-01-23,Friday,0.0,2026-01-23T01:10:41
st-louis-crestwood-mo,st-louis-crestwood-mo,2026-01-23,Friday,23.0,2026-01-23T18:22:12
liberty-mo,liberty-mo,2026-01-23,Friday,0.0,2026-01-23T01:10:41
rollamo,rollamo,2026-01-23,Friday,40.5,2026-01-23T23:54:54
bozemanmt,bozemanmt,2026-01-23,Friday,56.0,2026-01-23T18:22:12
chapel-hill-nc,chapel-hill-nc,2026-01-23,Friday,33.5,2026-01-23T22:27:05
raleigh-nc-north,raleigh-nc-north,2026-01-23,Friday,14.0,2026-01-23T22:27:05
lincoln-ne-south,lincoln-ne-south,2026-01-23,Friday,48.0,2026-01-23T22:27:05
omahane,omahane,2026-01-23,Friday,63.5,2026-01-23T23:44:00
papillionne,papillionne,2026-01-23,Friday,42.5,2026-01-23T23:54:54
howell-nj,howell-nj,2026-01-23,Friday,22.0,2026-01-23T23:25:59
pomptonplainsnj,pomptonplainsnj,2026-01-23,Friday,85.5,2026-01-23T23:44:00
princetonnj,princetonnj,2026-01-23,Friday,39.0,2026-01-23T21:47:11
toms-river-nj,toms-river-nj,2026-01-23,Friday,0.0,2026-01-23T01:10:41
lascruces-nm,lascruces-nm,2026-01-23,Friday,23.0,2026-01-23T21:47:11
hendersonnv,hendersonnv,2026-01-23,Friday,43.0,2026-01-23T23:25:59
mesquitenv,mesquitenv,2026-01-23,Friday,19.0,2026-01-23T19:28:17
southsummerlinnv,southsummerlinnv,2026-01-23,Friday,38.0,2026-01-23T19:28:17
summerlinlasvegasnv,summerlinlasvegasnv,2026-01-23,Friday,22.5,2026-01-23T23:25:59
bethpage-ny,bethpage-ny,2026-01-23,Friday,52.0,2026-01-23T19:43:44
fivetowns-ny,fivetowns-ny,2026-01-23,Friday,13.0,2026-01-23T01:10:41
brunswickoh,brunswickoh,2026-01-23,Friday,52.0,2026-01-23T04:56:12
chardonoh,chardonoh,2026-01-23,Friday,30.0,2026-01-23T21:57:49
columbus-upper-arlington-oh,columbus-upper-arlington-oh,2026-01-23,Friday,25.5,2026-01-23T19:28:17
north-canton-oh,north-canton-oh,2026-01-23,Friday,47.0,2026-01-23T10:57:39
woosteroh,woosteroh,2026-01-23,Friday,51.0,2026-01-23T17:34:58
jenks-ok,jenks-ok,2026-01-23,Friday,14.0,2026-01-23T22:56:40
tulsa-ok-southern-hills,tulsa-ok-southern-hills,2026-01-23,Friday,24.5,2026-01-23T23:25:59
clackamas-or,clackamas-or,2026-01-23,Friday,13.0,2026-01-23T21:31:07
eugeneor,eugeneor,2026-01-23,Friday,62.5,2026-01-23T21:47:11
salem-keizer-or,salem-keizer-or,2026-01-23,Friday,34.5,2026-01-23T23:25:59
sherwoodor,sherwoodor,2026-01-23,Friday,40.0,2026-01-23T23:25:59
paoli-pa,paoli-pa,2026-01-23,Friday,64.0,2026-01-23T21:47:11
yardley-pa,yardley-pa,2026-01-23,Friday,62.5,2026-01-23T14:46:51
york-pa,york-pa,2026-01-23,Friday,71.5,2026-01-23T23:44:00
aikensc,aikensc,2026-01-23,Friday,54.0,2026-01-23T23:44:00
spartanburgsc,spartanburgsc,2026-01-23,Friday,53.0,2026-01-23T14:46:51
sioux-falls-sd-south,sioux-falls-sd-south,2026-01-23,Friday,49.5,2026-01-23T22:46:01
chattanoogatn,chattanoogatn,2026-01-23,Friday,43.5,2026-01-23T21:31:07
clarksvilletn,clarksvilletn,2026-01-23,Friday,75.0,2026-01-23T19:43:44
cleveland-tn,cleveland-tn,2026-01-23,Friday,0.0,2026-01-23T01:10:41
franklintn,franklintn,2026-01-23,Friday,39.5,2026-01-23T18:22:12
knoxvilletn,knoxvilletn,2026-01-23,Friday,78.5,2026-01-23T23:54:54
memphis-tn-collierville,memphis-tn-collierville,2026-01-23,Friday,23.0,2026-01-23T16:37:10
mt-juliet-tn,mt-juliet-tn,2026-01-23,Friday,28.5,2026-01-23T21:57:49
nashville-bellevue-tn,nashville-bellevue-tn,2026-01-23,Friday,19.0,2026-01-23T17:52:05
spring-hill-tn-north,spring-hill-tn-north,2026-01-23,Friday,44.0,2026-01-23T21:31:07
allen-tx,allen-tx,2026-01-23,Friday,0.0,2026-01-23T01:10:41
amarillo-tx,amarillo-tx,2026-01-23,Friday,0.0,2026-01-23T01:10:41
houston-atascocita-tx,houston-atascocita-tx,2026-01-23,Friday,42.5,2026-01-23T23:54:54
eastaustintx,eastaustintx,2026-01-23,Friday,46.0,2026-01-23T22:46:01
southwestaustintx,southwestaustintx,2026-01-23,Friday,30.5,2026-01-23T23:25:59
colleyville-tx,colleyville-tx,2026-01-23,Friday,36.5,2026-01-23T22:46:01
denton-tx,denton-tx,2026-01-23,Friday,28.5,2026-01-23T23:25:59
flowermoundtx,flowermoundtx,2026-01-23,Friday,48.5,2026-01-23T20:49:18
granburytx,granburytx,2026-01-23,Friday,27.5,2026-01-23T23:44:00
grand-prairie-tx,grand-prairie-tx,2026-01-23,Friday,25.5,2026-01-23T23:44:00
houstonheightstx,houstonheightstx,2026-01-23,Friday,47.5,2026-01-23T08:49:41
houston-memorial-tx,houston-memorial-tx,2026-01-23,Friday,47.0,2026-01-23T17:52:05
katy-tx,katy-tx,2026-01-23,Friday,22.0,2026-01-23T20:49:18
kellertx,kellertx,2026-01-23,Friday,33.5,2026-01-23T21:31:07
lubbock-tx,lubbock-tx,2026-01-23,Friday,0.0,2026-01-23T01:10:41
woodlands-houston-tx,woodlands-houston-tx,2026-01-23,Friday,39.0,2026-01-23T22:46:01
mckinney-tx,mckinney-tx,2026-01-23,Friday,21.0,2026-01-23T20:26:28
midlandtx,midlandtx,2026-01-23,Friday,61.5,2026-01-23T18:22:12
east-odessa-tx,east-odessa-tx,2026-01-23,Friday,0.0,2026-01-23T01:10:41
planowesttx,planowesttx,2026-01-23,Friday,38.0,2026-01-23T23:44:00
round-rock-tx,round-rock-tx,2026-01-23,Friday,0.0,2026-01-23T01:10:41
shenandoah-tx,shenandoah-tx,2026-01-23,Friday,0.0,2026-01-23T01:10:41
sherman-tx,sherman-tx,2026-01-23,Friday,35.5,2026-01-23T21:31:07
spring-tx,spring-tx,2026-01-23,Friday,7.0,2026-01-23T21:31:07
tylersouthtx,tylersouthtx,2026-01-23,Friday,57.0,2026-01-23T15:37:23
americanforkut,americanforkut,2026-01-23,Friday,51.0,2026-01-23T20:49:18
cedarcity,cedarcity,2026-01-23,Friday,38.0,2026-01-23T23:44:00
layton-ut,layton-ut,2026-01-23,Friday,29.5,2026-01-23T23:44:00
lehiut,lehiut,2026-01-23,Friday,49.0,2026-01-23T05:31:09
millcreekut,millcreekut,2026-01-23,Friday,18.5,2026-01-23T15:56:46
murrayut,murrayut,2026-01-23,Friday,25.5,2026-01-23T23:54:54
ogden-pleasant-view-ut,ogden-pleasant-view-ut,2026-01-23,Friday,39.0,2026-01-23T23:25:59
ogden-riverdale-ut,ogden-riverdale-ut,2026-01-23,Friday,16.0,2026-01-23T21:31:07
orem-ut,orem-ut,2026-01-23,Friday,42.0,2026-01-23T23:44:00
richfield,richfield,2026-01-23,Friday,16.5,2026-01-23T20:49:18
sandyut,sandyut,2026-01-23,Friday,48.5,2026-01-23T22:27:05
spanishforkut,spanishforkut,2026-01-23,Friday,32.0,2026-01-23T21:57:49
stgeorgeut,stgeorgeut,2026-01-23,Friday,18.0,2026-01-23T23:54:54
st-george-ut-river-rd,st-george-ut-river-rd,2026-01-23,Friday,29.0,2026-01-23T21:31:07
st-george-ut-sunset,st-george-ut-sunset,2026-01-23,Friday,27.0,2026-01-23T21:00:36
lynchburg-va,lynchburg-va,2026-01-23,Friday,0.0,2026-01-23T01:10:41
virginia-beach-va-courthouse,virginia-beach-va-courthouse,2026-01-23,Friday,0.0,2026-01-23T01:10:41
westminster-co,westminster-co,2026-01-23,Friday,0.0,2026-01-23T18:56:31
birminghamal,birminghamal,2026-01-24,Saturday,41.0,2026-01-24T21:36:51
huntsville-al-research-park,huntsville-al-research-park,2026-01-24,Saturday,24.5,2026-01-24T03:17:28
chandleraz,chandleraz,2026-01-24,Saturday,26.0,2026-01-24T23:39:44
southchandleraz,southchandleraz,2026-01-24,Saturday,18.5,2026-01-24T22:28:05
gilbertaz,gilbertaz,2026-01-24,Saturday,32.5,2026-01-24T20:56:27
glendaleaz,glendaleaz,2026-01-24,Saturday,39.5,2026-01-24T23:39:44
goodyear-az,goodyear-az,2026-01-24,Saturday,0.0,2026-01-24T01:42:43
mesa-az-east,mesa-az-east,2026-01-24,Saturday,10.0,2026-01-24T21:58:14
paradise-valley-az,paradise-valley-az,2026-01-24,Saturday,15.5,2026-01-24T22:28:05
glendale-az-peoria,glendale-az-peoria,2026-01-24,Saturday,20.5,2026-01-24T23:39:44
scottsdaleaz,scottsdaleaz,2026-01-24,Saturday,43.0,2026-01-24T23:39:44
scottsdale-az-north,scottsdale-az-north,2026-01-24,Saturday,0.0,2026-01-24T01:42:43
surpriseaz,surpriseaz,2026-01-24,Saturday,15.0,2026-01-24T22:28:05
talkingstickaz,talkingstickaz,2026-01-24,Saturday,0.0,2026-01-24T01:42:43
tempeaz,tempeaz,2026-01-24,Saturday,18.5,2026-01-24T23:51:23
carlsbadca,carlsbadca,2026-01-24,Saturday,28.5,2026-01-24T21:58:14
rancho-mirage-ca,rancho-mirage-ca,2026-01-24,Saturday,0.0,2026-01-24T01:42:43
fort-collins-timnath-co,fort-collins-timnath-co,2026-01-24,Saturday,0.0,2026-01-24T01:42:43
invernessco,invernessco,2026-01-24,Saturday,37.0,2026-01-24T21:48:04
littleton-co,littleton-co,2026-01-24,Saturday,39.5,2026-01-24T17:48:01
loveland-co-johnstown,loveland-co-johnstown,2026-01-24,Saturday,0.0,2026-01-24T01:42:43
colorado-springs-northgate,colorado-springs-northgate,2026-01-24,Saturday,36.0,2026-01-24T20:56:27
pueblowestco,pueblowestco,2026-01-24,Saturday,42.0,2026-01-24T23:23:30
westminster-co,westminster-co,2026-01-24,Saturday,0.0,2026-01-24T01:42:43
wilmingtonde,wilmingtonde,2026-01-24,Saturday,55.5,2026-01-24T05:37:21
boca-raton-fl-west,boca-raton-fl-west,2026-01-24,Saturday,0.0,2026-01-24T01:42:43
bradentonfl,bradentonfl,2026-01-24,Saturday,20.0,2026-01-24T23:23:30
jacksonvillebeachfl,jacksonvillebeachfl,2026-01-24,Saturday,37.0,2026-01-24T23:23:30
miramarbeach,miramarbeach,2026-01-24,Saturday,33.5,2026-01-24T23:51:23
naplesfl,naplesfl,2026-01-24,Saturday,36.0,2026-01-24T23:23:30
naples-fl-north,naples-fl-north,2026-01-24,Saturday,8.0,2026-01-24T19:47:05
oldsmarfl,oldsmarfl,2026-01-24,Saturday,28.5,2026-01-24T20:29:58
orlando-fl-waterford-lakes,orlando-fl-waterford-lakes,2026-01-24,Saturday,0.0,2026-01-24T01:42:43
ponte-vedra-fl,ponte-vedra-fl,2026-01-24,Saturday,32.5,2026-01-24T19:47:05
port-charlotte-fl,port-charlotte-fl,2026-01-24,Saturday,33.0,2026-01-24T20:29:58
spring-hill-fl,spring-hill-fl,2026-01-24,Saturday,26.0,2026-01-24T23:39:44
alpharetta-ga,alpharetta-ga,2026-01-24,Saturday,18.0,2026-01-24T22:46:11
westmidtownga,westmidtownga,2026-01-24,Saturday,52.5,2026-01-24T23:39:44
augustaga,augustaga,2026-01-24,Saturday,42.0,2026-01-24T20:29:58
braseltonga,braseltonga,2026-01-24,Saturday,65.0,2026-01-24T18:40:53
dacula-ga,dacula-ga,2026-01-24,Saturday,41.5,2026-01-24T22:28:05
mcdonoughga,mcdonoughga,2026-01-24,Saturday,21.5,2026-01-24T20:29:58
warnerrobinsga,warnerrobinsga,2026-01-24,Saturday,42.0,2026-01-24T20:29:58
woodstock-ga,woodstock-ga,2026-01-24,Saturday,0.0,2026-01-24T01:42:43
ankeny-ia,ankeny-ia,2026-01-24,Saturday,28.0,2026-01-24T23:23:30
des-moines-ia-downtown,des-moines-ia-downtown,2026-01-24,Saturday,8.5,2026-01-24T23:39:44
des-moines-waukee-ia,des-moines-waukee-ia,2026-01-24,Saturday,3.0,2026-01-24T20:56:27
boise-id,boise-id,2026-01-24,Saturday,49.5,2026-01-24T14:53:58
meridian-id,meridian-id,2026-01-24,Saturday,34.0,2026-01-24T04:08:35
carmelin,carmelin,2026-01-24,Saturday,40.0,2026-01-24T19:23:27
fishers-in,fishers-in,2026-01-24,Saturday,43.5,2026-01-24T23:23:30
kansas-city-leawood,kansas-city-leawood,2026-01-24,Saturday,36.0,2026-01-24T20:46:02
overlandparkks,overlandparkks,2026-01-24,Saturday,47.5,2026-01-24T13:19:25
ascension-la,ascension-la,2026-01-24,Saturday,9.0,2026-01-24T19:23:27
baton-rouge-st-george,baton-rouge-st-george,2026-01-24,Saturday,14.0,2026-01-24T23:39:44
shreveport-la-south,shreveport-la-south,2026-01-24,Saturday,21.5,2026-01-24T18:40:53
maynardma,maynardma,2026-01-24,Saturday,41.0,2026-01-24T22:28:05
southborough-ma,southborough-ma,2026-01-24,Saturday,58.0,2026-01-24T19:36:23
crofton-md,crofton-md,2026-01-24,Saturday,0.0,2026-01-24T01:42:43
towson-baltimore-md,towson-baltimore-md,2026-01-24,Saturday,0.0,2026-01-24T01:42:43
white-marsh-baltimore-md,white-marsh-baltimore-md,2026-01-24,Saturday,0.0,2026-01-24T01:42:43
clarkstonmi,clarkstonmi,2026-01-24,Saturday,38.0,2026-01-24T19:36:23
farmington-mi,farmington-mi,2026-01-24,Saturday,72.0,2026-01-24T01:42:43
grand-blanc-mi,grand-blanc-mi,2026-01-24,Saturday,34.0,2026-01-24T21:21:41
lansing-mi,lansing-mi,2026-01-24,Saturday,45.5,2026-01-24T14:23:21
livonia-mi,livonia-mi,2026-01-24,Saturday,54.0,2026-01-24T04:08:35
novi-mi,novi-mi,2026-01-24,Saturday,0.0,2026-01-24T01:42:43
rochester-hills-mi,rochester-hills-mi,2026-01-24,Saturday,44.0,2026-01-24T19:23:27
troy-mi,troy-mi,2026-01-24,Saturday,45.0,2026-01-24T23:39:44
west-bloomfield-mi,west-bloomfield-mi,2026-01-24,Saturday,0.0,2026-01-24T01:42:43
st-louis-crestwood-mo,st-louis-crestwood-mo,2026-01-24,Saturday,42.5,2026-01-24T20:46:02
liberty-mo,liberty-mo,2026-01-24,Saturday,0.0,2026-01-24T01:42:43
rollamo,rollamo,2026-01-24,Saturday,22.0,2026-01-24T22:46:11
bozemanmt,bozemanmt,2026-01-24,Saturday,65.0,2026-01-24T19:36:23
chapel-hill-nc,chapel-hill-nc,2026-01-24,Saturday,44.0,2026-01-24T20:29:58
raleigh-nc-north,raleigh-nc-north,2026-01-24,Saturday,28.0,2026-01-24T21:21:41
lincoln-ne-south,lincoln-ne-south,2026-01-24,Saturday,55.0,2026-01-24T22:46:11
omahane,omahane,2026-01-24,Saturday,67.0,2026-01-24T23:23:30
papillionne,papillionne,2026-01-24,Saturday,51.5,2026-01-24T19:23:27
howell-nj,howell-nj,2026-01-24,Saturday,33.0,2026-01-24T23:51:23
pomptonplainsnj,pomptonplainsnj,2026-01-24,Saturday,76.5,2026-01-24T23:23:30
princetonnj,princetonnj,2026-01-24,Saturday,42.5,2026-01-24T23:51:23
toms-river-nj,toms-river-nj,2026-01-24,Saturday,0.0,2026-01-24T01:42:43
lascruces-nm,lascruces-nm,2026-01-24,Saturday,40.5,2026-01-24T23:23:30
hendersonnv,hendersonnv,2026-01-24,Saturday,40.5,2026-01-24T22:46:11
mesquitenv,mesquitenv,2026-01-24,Saturday,24.0,2026-01-24T23:23:30
southsummerlinnv,southsummerlinnv,2026-01-24,Saturday,34.0,2026-01-24T23:51:23
summerlinlasvegasnv,summerlinlasvegasnv,2026-01-24,Saturday,38.5,2026-01-24T21:21:41
bethpage-ny,bethpage-ny,2026-01-24,Saturday,52.5,2026-01-24T22:28:05
fivetowns-ny,fivetowns-ny,2026-01-24,Saturday,21.0,2026-01-24T23:51:23
brunswickoh,brunswickoh,2026-01-24,Saturday,56.5,2026-01-24T15:37:46
chardonoh,chardonoh,2026-01-24,Saturday,35.5,2026-01-24T21:36:51
columbus-upper-arlington-oh,columbus-upper-arlington-oh,2026-01-24,Saturday,42.5,2026-01-24T23:23:30
north-canton-oh,north-canton-oh,2026-01-24,Saturday,45.0,2026-01-24T01:42:43
woosteroh,woosteroh,2026-01-24,Saturday,54.0,2026-01-24T23:39:44
jenks-ok,jenks-ok,2026-01-24,Saturday,22.0,2026-01-24T22:28:05
tulsa-ok-southern-hills,tulsa-ok-southern-hills,2026-01-24,Saturday,11.0,2026-01-24T23:23:30
clackamas-or,clackamas-or,2026-01-24,Saturday,27.0,2026-01-24T19:47:05
eugeneor,eugeneor,2026-01-24,Saturday,59.5,2026-01-24T22:56:24
salem-keizer-or,salem-keizer-or,2026-01-24,Saturday,48.5,2026-01-24T23:51:23
sherwoodor,sherwoodor,2026-01-24,Saturday,44.0,2026-01-24T21:36:51
paoli-pa,paoli-pa,2026-01-24,Saturday,67.5,2026-01-24T16:36:05
yardley-pa,yardley-pa,2026-01-24,Saturday,69.0,2026-01-24T15:17:52
york-pa,york-pa,2026-01-24,Saturday,59.5,2026-01-24T21:21:41
aikensc,aikensc,2026-01-24,Saturday,46.0,2026-01-24T18:40:53
spartanburgsc,spartanburgsc,2026-01-24,Saturday,92.5,2026-01-24T16:36:05
sioux-falls-sd-south,sioux-falls-sd-south,2026-01-24,Saturday,55.5,2026-01-24T18:40:53
chattanoogatn,chattanoogatn,2026-01-24,Saturday,43.0,2026-01-24T01:42:43
clarksvilletn,clarksvilletn,2026-01-24,Saturday,66.0,2026-01-24T20:29:58
cleveland-tn,cleveland-tn,2026-01-24,Saturday,0.0,2026-01-24T01:42:43
franklintn,franklintn,2026-01-24,Saturday,22.0,2026-01-24T22:28:05
knoxvilletn,knoxvilletn,2026-01-24,Saturday,66.5,2026-01-24T22:46:11
memphis-tn-collierville,memphis-tn-collierville,2026-01-24,Saturday,13.5,2026-01-24T20:56:27
mt-juliet-tn,mt-juliet-tn,2026-01-24,Saturday,15.0,2026-01-24T15:17:52
nashville-bellevue-tn,nashville-bellevue-tn,2026-01-24,Saturday,10.0,2026-01-24T18:40:53
spring-hill-tn-north,spring-hill-tn-north,2026-01-24,Saturday,16.5,2026-01-24T14:23:21
allen-tx,allen-tx,2026-01-24,Saturday,0.0,2026-01-24T01:42:43
amarillo-tx,amarillo-tx,2026-01-24,Saturday,0.0,2026-01-24T01:42:43
houston-atascocita-tx,houston-atascocita-tx,2026-01-24,Saturday,46.0,2026-01-24T18:58:15
eastaustintx,eastaustintx,2026-01-24,Saturday,46.0,2026-01-24T16:00:38
southwestaustintx,southwestaustintx,2026-01-24,Saturday,34.5,2026-01-24T20:46:02
colleyville-tx,colleyville-tx,2026-01-24,Saturday,30.0,2026-01-24T23:39:44
denton-tx,denton-tx,2026-01-24,Saturday,20.0,2026-01-24T23:23:30
flowermoundtx,flowermoundtx,2026-01-24,Saturday,49.5,2026-01-24T22:28:05
granburytx,granburytx,2026-01-24,Saturday,10.0,2026-01-24T21:21:41
grand-prairie-tx,grand-prairie-tx,2026-01-24,Saturday,20.0,2026-01-24T20:56:27
houstonheightstx,houstonheightstx,2026-01-24,Saturday,55.5,2026-01-24T22:28:05
houston-memorial-tx,houston-memorial-tx,2026-01-24,Saturday,53.0,2026-01-24T21:21:41
katy-tx,katy-tx,2026-01-24,Saturday,41.0,2026-01-24T21:58:14
kellertx,kellertx,2026-01-24,Saturday,30.0,2026-01-24T22:28:05
lubbock-tx,lubbock-tx,2026-01-24,Saturday,0.0,2026-01-24T01:42:43
woodlands-houston-tx,woodlands-houston-tx,2026-01-24,Saturday,48.0,2026-01-24T20:56:27
mckinney-tx,mckinney-tx,2026-01-24,Saturday,7.0,2026-01-24T21:36:51
midlandtx,midlandtx,2026-01-24,Saturday,52.0,2026-01-24T21:36:51
east-odessa-tx,east-odessa-tx,2026-01-24,Saturday,0.0,2026-01-24T01:42:43
planowesttx,planowesttx,2026-01-24,Saturday,26.5,2026-01-24T21:21:41
round-rock-tx,round-rock-tx,2026-01-24,Saturday,0.0,2026-01-24T01:42:43
shenandoah-tx,shenandoah-tx,2026-01-24,Saturday,0.0,2026-01-24T01:42:43
sherman-tx,sherman-tx,2026-01-24,Saturday,23.0,2026-01-24T22:56:24
spring-tx,spring-tx,2026-01-24,Saturday,34.0,2026-01-24T23:23:30
tylersouthtx,tylersouthtx,2026-01-24,Saturday,56.5,2026-01-24T18:40:53
americanforkut,americanforkut,2026-01-24,Saturday,52.5,2026-01-24T01:42:43
cedarcity,cedarcity,2026-01-24,Saturday,38.0,2026-01-24T21:21:41
layton-ut,layton-ut,2026-01-24,Saturday,27.0,2026-01-24T22:46:11
lehiut,lehiut,2026-01-24,Saturday,50.5,2026-01-24T22:28:05
millcreekut,millcreekut,2026-01-24,Saturday,15.0,2026-01-24T20:56:27
murrayut,murrayut,2026-01-24,Saturday,26.0,2026-01-24T23:23:30
ogden-pleasant-view-ut,ogden-pleasant-view-ut,2026-01-24,Saturday,39.0,2026-01-24T23:23:30
ogden-riverdale-ut,ogden-riverdale-ut,2026-01-24,Saturday,20.5,2026-01-24T23:39:44
orem-ut,orem-ut,2026-01-24,Saturday,59.0,2026-01-24T23:51:23
richfield,richfield,2026-01-24,Saturday,16.5,2026-01-24T21:21:41
sandyut,sandyut,2026-01-24,Saturday,49.5,2026-01-24T23:39:44
spanishforkut,spanishforkut,2026-01-24,Saturday,41.5,2026-01-24T22:28:05
stgeorgeut,stgeorgeut,2026-01-24,Saturday,19.0,2026-01-24T21:21:41
st-george-ut-river-rd,st-george-ut-river-rd,2026-01-24,Saturday,32.0,2026-01-24T22:28:05
st-george-ut-sunset,st-george-ut-sunset,2026-01-24,Saturday,19.5,2026-01-24T23:23:30
lynchburg-va,lynchburg-va,2026-01-24,Saturday,0.0,2026-01-24T01:42:43
virginia-beach-va-courthouse,virginia-beach-va-courthouse,2026-01-24,Saturday,0.0,2026-01-24T01:42:43
birminghamal,birminghamal,2026-01-25,Sunday,41.0,2026-01-25T21:30:52
huntsville-al-research-park,huntsville-al-research-park,2026-01-25,Sunday,15.0,2026-01-25T22:24:56
chandleraz,chandleraz,2026-01-25,Sunday,25.5,2026-01-25T20:50:14
southchandleraz,southchandleraz,2026-01-25,Sunday,14.5,2026-01-25T23:41:49
gilbertaz,gilbertaz,2026-01-25,Sunday,27.5,2026-01-25T03:21:05
glendaleaz,glendaleaz,2026-01-25,Sunday,43.0,2026-01-25T23:41:49
goodyear-az,goodyear-az,2026-01-25,Sunday,0.0,2026-01-25T01:06:09
mesa-az-east,mesa-az-east,2026-01-25,Sunday,10.0,2026-01-25T23:53:11
paradise-valley-az,paradise-valley-az,2026-01-25,Sunday,17.5,2026-01-25T23:41:49
glendale-az-peoria,glendale-az-peoria,2026-01-25,Sunday,21.5,2026-01-25T23:53:11
scottsdaleaz,scottsdaleaz,2026-01-25,Sunday,41.0,2026-01-25T23:24:47
scottsdale-az-north,scottsdale-az-north,2026-01-25,Sunday,0.0,2026-01-25T01:06:09
surpriseaz,surpriseaz,2026-01-25,Sunday,17.0,2026-01-25T22:24:56
talkingstickaz,talkingstickaz,2026-01-25,Sunday,0.0,2026-01-25T01:06:09
tempeaz,tempeaz,2026-01-25,Sunday,17.5,2026-01-25T23:24:47
carlsbadca,carlsbadca,2026-01-25,Sunday,36.0,2026-01-25T23:24:47
rancho-mirage-ca,rancho-mirage-ca,2026-01-25,Sunday,0.0,2026-01-25T01:06:09
fort-collins-timnath-co,fort-collins-timnath-co,2026-01-25,Sunday,0.0,2026-01-25T01:06:09
invernessco,invernessco,2026-01-25,Sunday,27.5,2026-01-25T20:33:26
littleton-co,littleton-co,2026-01-25,Sunday,51.0,2026-01-25T05:06:53
loveland-co-johnstown,loveland-co-johnstown,2026-01-25,Sunday,0.0,2026-01-25T01:06:09
colorado-springs-northgate,colorado-springs-northgate,2026-01-25,Sunday,27.5,2026-01-25T14:49:30
pueblowestco,pueblowestco,2026-01-25,Sunday,31.0,2026-01-25T16:52:09
westminster-co,westminster-co,2026-01-25,Sunday,0.0,2026-01-25T01:06:09
wilmingtonde,wilmingtonde,2026-01-25,Sunday,24.0,2026-01-25T19:37:39
boca-raton-fl-west,boca-raton-fl-west,2026-01-25,Sunday,0.0,2026-01-25T01:06:09
bradentonfl,bradentonfl,2026-01-25,Sunday,23.0,2026-01-25T23:24:47
jacksonvillebeachfl,jacksonvillebeachfl,2026-01-25,Sunday,14.0,2026-01-25T23:41:49
miramarbeach,miramarbeach,2026-01-25,Sunday,32.5,2026-01-25T22:44:57
naplesfl,naplesfl,2026-01-25,Sunday,26.0,2026-01-25T22:24:56
naples-fl-north,naples-fl-north,2026-01-25,Sunday,1.0,2026-01-25T15:29:34
oldsmarfl,oldsmarfl,2026-01-25,Sunday,33.0,2026-01-25T23:53:11
orlando-fl-waterford-lakes,orlando-fl-waterford-lakes,2026-01-25,Sunday,0.0,2026-01-25T01:06:09
ponte-vedra-fl,ponte-vedra-fl,2026-01-25,Sunday,34.0,2026-01-25T22:24:56
port-charlotte-fl,port-charlotte-fl,2026-01-25,Sunday,18.5,2026-01-25T22:24:56
spring-hill-fl,spring-hill-fl,2026-01-25,Sunday,25.0,2026-01-25T22:56:22
alpharetta-ga,alpharetta-ga,2026-01-25,Sunday,14.5,2026-01-25T15:29:34
westmidtownga,westmidtownga,2026-01-25,Sunday,26.5,2026-01-25T22:24:56
augustaga,augustaga,2026-01-25,Sunday,38.5,2026-01-25T17:58:28
braseltonga,braseltonga,2026-01-25,Sunday,23.0,2026-01-25T23:53:11
dacula-ga,dacula-ga,2026-01-25,Sunday,9.5,2026-01-25T22:44:57
mcdonoughga,mcdonoughga,2026-01-25,Sunday,13.0,2026-01-25T22:24:56
warnerrobinsga,warnerrobinsga,2026-01-25,Sunday,34.0,2026-01-25T17:11:50
woodstock-ga,woodstock-ga,2026-01-25,Sunday,0.0,2026-01-25T01:06:09
ankeny-ia,ankeny-ia,2026-01-25,Sunday,24.0,2026-01-25T21:45:36
des-moines-ia-downtown,des-moines-ia-downtown,2026-01-25,Sunday,9.0,2026-01-25T17:58:28
des-moines-waukee-ia,des-moines-waukee-ia,2026-01-25,Sunday,13.0,2026-01-25T21:45:36
boise-id,boise-id,2026-01-25,Sunday,49.0,2026-01-25T04:34:15
meridian-id,meridian-id,2026-01-25,Sunday,33.0,2026-01-25T17:11:50
carmelin,carmelin,2026-01-25,Sunday,33.0,2026-01-25T03:21:05
fishers-in,fishers-in,2026-01-25,Sunday,20.0,2026-01-25T01:06:09
kansas-city-leawood,kansas-city-leawood,2026-01-25,Sunday,35.5,2026-01-25T22:24:56
overlandparkks,overlandparkks,2026-01-25,Sunday,46.0,2026-01-25T22:24:56
ascension-la,ascension-la,2026-01-25,Sunday,2.0,2026-01-25T16:29:51
baton-rouge-st-george,baton-rouge-st-george,2026-01-25,Sunday,14.0,2026-01-25T23:24:47
shreveport-la-south,shreveport-la-south,2026-01-25,Sunday,15.0,2026-01-25T15:44:59
maynardma,maynardma,2026-01-25,Sunday,25.5,2026-01-25T14:09:34
southborough-ma,southborough-ma,2026-01-25,Sunday,32.0,2026-01-25T17:11:50
crofton-md,crofton-md,2026-01-25,Sunday,0.0,2026-01-25T01:06:09
towson-baltimore-md,towson-baltimore-md,2026-01-25,Sunday,0.0,2026-01-25T01:06:09
white-marsh-baltimore-md,white-marsh-baltimore-md,2026-01-25,Sunday,0.0,2026-01-25T01:06:09
clarkstonmi,clarkstonmi,2026-01-25,Sunday,34.0,2026-01-25T23:41:49
farmington-mi,farmington-mi,2026-01-25,Sunday,47.5,2026-01-25T23:24:47
grand-blanc-mi,grand-blanc-mi,2026-01-25,Sunday,29.0,2026-01-25T19:58:39
lansing-mi,lansing-mi,2026-01-25,Sunday,48.5,2026-01-25T12:51:31
livonia-mi,livonia-mi,2026-01-25,Sunday,56.0,2026-01-25T11:33:09
novi-mi,novi-mi,2026-01-25,Sunday,0.0,2026-01-25T01:06:09
rochester-hills-mi,rochester-hills-mi,2026-01-25,Sunday,32.5,2026-01-25T19:24:04
troy-mi,troy-mi,2026-01-25,Sunday,59.0,2026-01-25T20:33:26
west-bloomfield-mi,west-bloomfield-mi,2026-01-25,Sunday,0.0,2026-01-25T01:06:09
st-louis-crestwood-mo,st-louis-crestwood-mo,2026-01-25,Sunday,17.5,2026-01-25T22:24:56
liberty-mo,liberty-mo,2026-01-25,Sunday,1.0,2026-01-25T20:33:26
rollamo,rollamo,2026-01-25,Sunday,11.0,2026-01-25T22:44:57
bozemanmt,bozemanmt,2026-01-25,Sunday,56.0,2026-01-25T23:41:49
chapel-hill-nc,chapel-hill-nc,2026-01-25,Sunday,16.0,2026-01-25T18:58:23
raleigh-nc-north,raleigh-nc-north,2026-01-25,Sunday,6.0,2026-01-25T19:24:04
lincoln-ne-south,lincoln-ne-south,2026-01-25,Sunday,41.5,2026-01-25T17:11:50
omahane,omahane,2026-01-25,Sunday,62.0,2026-01-25T19:58:39
papillionne,papillionne,2026-01-25,Sunday,48.5,2026-01-25T05:43:14
howell-nj,howell-nj,2026-01-25,Sunday,32.0,2026-01-25T18:58:23
pomptonplainsnj,pomptonplainsnj,2026-01-25,Sunday,25.0,2026-01-25T19:24:04
princetonnj,princetonnj,2026-01-25,Sunday,16.5,2026-01-25T22:44:57
toms-river-nj,toms-river-nj,2026-01-25,Sunday,0.0,2026-01-25T01:06:09
lascruces-nm,lascruces-nm,2026-01-25,Sunday,36.5,2026-01-25T22:56:22
hendersonnv,hendersonnv,2026-01-25,Sunday,23.0,2026-01-25T23:53:11
mesquitenv,mesquitenv,2026-01-25,Sunday,16.5,2026-01-25T17:11:50
southsummerlinnv,southsummerlinnv,2026-01-25,Sunday,21.5,2026-01-25T08:32:51
summerlinlasvegasnv,summerlinlasvegasnv,2026-01-25,Sunday,17.0,2026-01-25T20:50:14
bethpage-ny,bethpage-ny,2026-01-25,Sunday,30.0,2026-01-25T05:57:49
fivetowns-ny,fivetowns-ny,2026-01-25,Sunday,15.0,2026-01-25T18:40:44
brunswickoh,brunswickoh,2026-01-25,Sunday,56.5,2026-01-25T07:00:56
chardonoh,chardonoh,2026-01-25,Sunday,27.5,2026-01-25T23:24:47
columbus-upper-arlington-oh,columbus-upper-arlington-oh,2026-01-25,Sunday,29.0,2026-01-25T01:06:09
north-canton-oh,north-canton-oh,2026-01-25,Sunday,31.0,2026-01-25T03:21:05
woosteroh,woosteroh,2026-01-25,Sunday,34.5,2026-01-25T17:11:50
jenks-ok,jenks-ok,2026-01-25,Sunday,20.0,2026-01-25T23:24:47
tulsa-ok-southern-hills,tulsa-ok-southern-hills,2026-01-25,Sunday,18.0,2026-01-25T20:50:14
clackamas-or,clackamas-or,2026-01-25,Sunday,26.0,2026-01-25T22:24:56
eugeneor,eugeneor,2026-01-25,Sunday,59.5,2026-01-25T21:30:52
salem-keizer-or,salem-keizer-or,2026-01-25,Sunday,44.0,2026-01-25T20:33:26
sherwoodor,sherwoodor,2026-01-25,Sunday,44.0,2026-01-25T06:42:31
paoli-pa,paoli-pa,2026-01-25,Sunday,68.0,2026-01-25T15:44:59
yardley-pa,yardley-pa,2026-01-25,Sunday,45.0,2026-01-25T03:21:05
york-pa,york-pa,2026-01-25,Sunday,9.5,2026-01-25T14:59:39
aikensc,aikensc,2026-01-25,Sunday,37.0,2026-01-25T22:56:22
spartanburgsc,spartanburgsc,2026-01-25,Sunday,24.0,2026-01-25T01:06:09
sioux-falls-sd-south,sioux-falls-sd-south,2026-01-25,Sunday,48.0,2026-01-25T22:56:22
chattanoogatn,chattanoogatn,2026-01-25,Sunday,46.0,2026-01-25T21:08:21
clarksvilletn,clarksvilletn,2026-01-25,Sunday,59.0,2026-01-25T16:29:51
cleveland-tn,cleveland-tn,2026-01-25,Sunday,0.0,2026-01-25T01:06:09
franklintn,franklintn,2026-01-25,Sunday,13.0,2026-01-25T01:06:09
knoxvilletn,knoxvilletn,2026-01-25,Sunday,56.5,2026-01-25T21:45:36
memphis-tn-collierville,memphis-tn-collierville,2026-01-25,Sunday,4.0,2026-01-25T22:24:56
mt-juliet-tn,mt-juliet-tn,2026-01-25,Sunday,5.0,2026-01-25T18:40:44
nashville-bellevue-tn,nashville-bellevue-tn,2026-01-25,Sunday,96.0,2026-01-25T18:40:44
spring-hill-tn-north,spring-hill-tn-north,2026-01-25,Sunday,6.0,2026-01-25T14:34:36
allen-tx,allen-tx,2026-01-25,Sunday,0.0,2026-01-25T01:06:09
amarillo-tx,amarillo-tx,2026-01-25,Sunday,0.0,2026-01-25T01:06:09
houston-atascocita-tx,houston-atascocita-tx,2026-01-25,Sunday,41.0,2026-01-25T23:24:47
eastaustintx,eastaustintx,2026-01-25,Sunday,41.0,2026-01-25T07:00:56
southwestaustintx,southwestaustintx,2026-01-25,Sunday,7.5,2026-01-25T01:06:09
colleyville-tx,colleyville-tx,2026-01-25,Sunday,24.0,2026-01-25T22:24:56
denton-tx,denton-tx,2026-01-25,Sunday,23.0,2026-01-25T23:24:47
flowermoundtx,flowermoundtx,2026-01-25,Sunday,34.0,2026-01-25T22:44:57
granburytx,granburytx,2026-01-25,Sunday,16.0,2026-01-25T21:45:36
grand-prairie-tx,grand-prairie-tx,2026-01-25,Sunday,12.0,2026-01-25T17:33:48
houstonheightstx,houstonheightstx,2026-01-25,Sunday,52.0,2026-01-25T21:45:36
houston-memorial-tx,houston-memorial-tx,2026-01-25,Sunday,38.5,2026-01-25T20:33:26
katy-tx,katy-tx,2026-01-25,Sunday,37.0,2026-01-25T23:41:49
kellertx,kellertx,2026-01-25,Sunday,28.5,2026-01-25T22:24:56
lubbock-tx,lubbock-tx,2026-01-25,Sunday,0.0,2026-01-25T01:06:09
woodlands-houston-tx,woodlands-houston-tx,2026-01-25,Sunday,39.5,2026-01-25T18:58:23
mckinney-tx,mckinney-tx,2026-01-25,Sunday,3.0,2026-01-25T16:29:51
midlandtx,midlandtx,2026-01-25,Sunday,49.0,2026-01-25T21:30:52
east-odessa-tx,east-odessa-tx,2026-01-25,Sunday,0.0,2026-01-25T01:06:09
planowesttx,planowesttx,2026-01-25,Sunday,24.0,2026-01-25T18:40:44
round-rock-tx,round-rock-tx,2026-01-25,Sunday,0.0,2026-01-25T01:06:09
shenandoah-tx,shenandoah-tx,2026-01-25,Sunday,0.0,2026-01-25T01:06:09
sherman-tx,sherman-tx,2026-01-25,Sunday,17.0,2026-01-25T23:24:47
spring-tx,spring-tx,2026-01-25,Sunday,17.5,2026-01-25T23:24:47
tylersouthtx,tylersouthtx,2026-01-25,Sunday,51.0,2026-01-25T15:29:34
americanforkut,americanforkut,2026-01-25,Sunday,46.0,2026-01-25T19:24:04
cedarcity,cedarcity,2026-01-25,Sunday,30.5,2026-01-25T12:51:31
layton-ut,layton-ut,2026-01-25,Sunday,15.0,2026-01-25T18:40:44
lehiut,lehiut,2026-01-25,Sunday,44.5,2026-01-25T23:41:49
millcreekut,millcreekut,2026-01-25,Sunday,16.0,2026-01-25T03:21:05
murrayut,murrayut,2026-01-25,Sunday,19.5,2026-01-25T23:24:47
ogden-pleasant-view-ut,ogden-pleasant-view-ut,2026-01-25,Sunday,38.0,2026-01-25T18:58:23
ogden-riverdale-ut,ogden-riverdale-ut,2026-01-25,Sunday,19.0,2026-01-25T22:56:22
orem-ut,orem-ut,2026-01-25,Sunday,39.0,2026-01-25T23:24:47
richfield,richfield,2026-01-25,Sunday,12.0,2026-01-25T22:44:57
sandyut,sandyut,2026-01-25,Sunday,39.0,2026-01-25T20:33:26
spanishforkut,spanishforkut,2026-01-25,Sunday,40.0,2026-01-25T23:41:49
stgeorgeut,stgeorgeut,2026-01-25,Sunday,14.0,2026-01-25T22:24:56
st-george-ut-river-rd,st-george-ut-river-rd,2026-01-25,Sunday,21.5,2026-01-25T21:30:52
st-george-ut-sunset,st-george-ut-sunset,2026-01-25,Sunday,5.5,2026-01-25T21:30:52
lynchburg-va,lynchburg-va,2026-01-25,Sunday,0.0,2026-01-25T01:06:09
virginia-beach-va-courthouse,virginia-beach-va-courthouse,2026-01-25,Sunday,0.0,2026-01-25T01:06:09
birminghamal,birminghamal,2026-01-26,Monday,29.5,2026-01-26T22:34:53
huntsville-al-research-park,huntsville-al-research-park,2026-01-26,Monday,8.5,2026-01-26T22:01:37
chandleraz,chandleraz,2026-01-26,Monday,18.5,2026-01-26T22:53:24
southchandleraz,southchandleraz,2026-01-26,Monday,19.0,2026-01-26T23:18:21
gilbertaz,gilbertaz,2026-01-26,Monday,36.5,2026-01-26T18:39:47
glendaleaz,glendaleaz,2026-01-26,Monday,33.0,2026-01-26T20:57:14
goodyear-az,goodyear-az,2026-01-26,Monday,0.0,2026-01-26T01:25:39
mesa-az-east,mesa-az-east,2026-01-26,Monday,11.0,2026-01-26T23:54:41
paradise-valley-az,paradise-valley-az,2026-01-26,Monday,9.5,2026-01-26T20:00:59
glendale-az-peoria,glendale-az-peoria,2026-01-26,Monday,25.0,2026-01-26T23:41:21
scottsdaleaz,scottsdaleaz,2026-01-26,Monday,40.0,2026-01-26T23:41:21
scottsdale-az-north,scottsdale-az-north,2026-01-26,Monday,0.0,2026-01-26T01:25:39
surpriseaz,surpriseaz,2026-01-26,Monday,16.5,2026-01-26T23:41:21
talkingstickaz,talkingstickaz,2026-01-26,Monday,0.0,2026-01-26T01:25:39
tempeaz,tempeaz,2026-01-26,Monday,9.0,2026-01-26T22:34:53
carlsbadca,carlsbadca,2026-01-26,Monday,25.0,2026-01-26T22:01:37
rancho-mirage-ca,rancho-mirage-ca,2026-01-26,Monday,0.0,2026-01-26T01:25:39
fort-collins-timnath-co,fort-collins-timnath-co,2026-01-26,Monday,0.0,2026-01-26T01:25:39
invernessco,invernessco,2026-01-26,Monday,32.0,2026-01-26T23:18:21
littleton-co,littleton-co,2026-01-26,Monday,40.0,2026-01-26T22:34:53
loveland-co-johnstown,loveland-co-johnstown,2026-01-26,Monday,0.0,2026-01-26T01:25:39
colorado-springs-northgate,colorado-springs-northgate,2026-01-26,Monday,28.5,2026-01-26T22:34:53
pueblowestco,pueblowestco,2026-01-26,Monday,35.0,2026-01-26T22:34:53
westminster-co,westminster-co,2026-01-26,Monday,0.0,2026-01-26T01:25:39
wilmingtonde,wilmingtonde,2026-01-26,Monday,35.5,2026-01-26T19:49:53
boca-raton-fl-west,boca-raton-fl-west,2026-01-26,Monday,0.0,2026-01-26T01:25:39
bradentonfl,bradentonfl,2026-01-26,Monday,16.5,2026-01-26T21:50:09
jacksonvillebeachfl,jacksonvillebeachfl,2026-01-26,Monday,23.0,2026-01-26T23:18:21
miramarbeach,miramarbeach,2026-01-26,Monday,28.5,2026-01-26T23:54:41
naplesfl,naplesfl,2026-01-26,Monday,9.5,2026-01-26T16:55:48
naples-fl-north,naples-fl-north,2026-01-26,Monday,13.0,2026-01-26T20:00:59
oldsmarfl,oldsmarfl,2026-01-26,Monday,35.0,2026-01-26T23:54:41
orlando-fl-waterford-lakes,orlando-fl-waterford-lakes,2026-01-26,Monday,0.0,2026-01-26T01:25:39
ponte-vedra-fl,ponte-vedra-fl,2026-01-26,Monday,13.0,2026-01-26T23:41:21
port-charlotte-fl,port-charlotte-fl,2026-01-26,Monday,26.5,2026-01-26T23:18:21
spring-hill-fl,spring-hill-fl,2026-01-26,Monday,22.0,2026-01-26T21:50:09
alpharetta-ga,alpharetta-ga,2026-01-26,Monday,16.5,2026-01-26T21:50:09
westmidtownga,westmidtownga,2026-01-26,Monday,27.0,2026-01-26T23:41:21
augustaga,augustaga,2026-01-26,Monday,39.0,2026-01-26T23:54:41
braseltonga,braseltonga,2026-01-26,Monday,38.0,2026-01-26T23:41:21
dacula-ga,dacula-ga,2026-01-26,Monday,28.5,2026-01-26T22:53:24
mcdonoughga,mcdonoughga,2026-01-26,Monday,30.5,2026-01-26T20:57:14
warnerrobinsga,warnerrobinsga,2026-01-26,Monday,37.0,2026-01-26T19:49:53
woodstock-ga,woodstock-ga,2026-01-26,Monday,0.0,2026-01-26T01:25:39
ankeny-ia,ankeny-ia,2026-01-26,Monday,9.5,2026-01-26T20:38:14
des-moines-ia-downtown,des-moines-ia-downtown,2026-01-26,Monday,1.0,2026-01-26T03:32:04
des-moines-waukee-ia,des-moines-waukee-ia,2026-01-26,Monday,10.5,2026-01-26T04:42:46
boise-id,boise-id,2026-01-26,Monday,37.5,2026-01-26T20:38:14
meridian-id,meridian-id,2026-01-26,Monday,30.0,2026-01-26T23:54:41
carmelin,carmelin,2026-01-26,Monday,26.0,2026-01-26T21:50:09
fishers-in,fishers-in,2026-01-26,Monday,36.5,2026-01-26T22:01:37
kansas-city-leawood,kansas-city-leawood,2026-01-26,Monday,29.0,2026-01-26T22:01:37
overlandparkks,overlandparkks,2026-01-26,Monday,38.0,2026-01-26T23:54:41
ascension-la,ascension-la,2026-01-26,Monday,3.0,2026-01-26T19:33:41
baton-rouge-st-george,baton-rouge-st-george,2026-01-26,Monday,11.0,2026-01-26T22:53:24
shreveport-la-south,shreveport-la-south,2026-01-26,Monday,24.0,2026-01-26T18:39:47
maynardma,maynardma,2026-01-26,Monday,18.0,2026-01-26T22:53:24
southborough-ma,southborough-ma,2026-01-26,Monday,23.5,2026-01-26T14:18:47
crofton-md,crofton-md,2026-01-26,Monday,0.0,2026-01-26T01:25:39
towson-baltimore-md,towson-baltimore-md,2026-01-26,Monday,0.0,2026-01-26T01:25:39
white-marsh-baltimore-md,white-marsh-baltimore-md,2026-01-26,Monday,0.0,2026-01-26T01:25:39
clarkstonmi,clarkstonmi,2026-01-26,Monday,24.5,2026-01-26T22:34:53
farmington-mi,farmington-mi,2026-01-26,Monday,28.5,2026-01-26T21:30:17
grand-blanc-mi,grand-blanc-mi,2026-01-26,Monday,26.0,2026-01-26T22:53:24
lansing-mi,lansing-mi,2026-01-26,Monday,47.0,2026-01-26T21:30:17
livonia-mi,livonia-mi,2026-01-26,Monday,44.5,2026-01-26T09:45:34
novi-mi,novi-mi,2026-01-26,Monday,0.0,2026-01-26T01:25:39
rochester-hills-mi,rochester-hills-mi,2026-01-26,Monday,28.5,2026-01-26T22:53:24
troy-mi,troy-mi,2026-01-26,Monday,27.0,2026-01-26T21:50:09
west-bloomfield-mi,west-bloomfield-mi,2026-01-26,Monday,0.0,2026-01-26T01:25:39
st-louis-crestwood-mo,st-louis-crestwood-mo,2026-01-26,Monday,24.0,2026-01-26T22:34:53
liberty-mo,liberty-mo,2026-01-26,Monday,0.0,2026-01-26T01:25:39
rollamo,rollamo,2026-01-26,Monday,28.0,2026-01-26T22:53:24
bozemanmt,bozemanmt,2026-01-26,Monday,43.0,2026-01-26T22:34:53
chapel-hill-nc,chapel-hill-nc,2026-01-26,Monday,24.5,2026-01-26T21:50:09
raleigh-nc-north,raleigh-nc-north,2026-01-26,Monday,16.5,2026-01-26T23:54:41
lincoln-ne-south,lincoln-ne-south,2026-01-26,Monday,31.5,2026-01-26T23:18:21
omahane,omahane,2026-01-26,Monday,47.0,2026-01-26T19:33:41
papillionne,papillionne,2026-01-26,Monday,38.0,2026-01-26T20:00:59
howell-nj,howell-nj,2026-01-26,Monday,28.5,2026-01-26T22:01:37
pomptonplainsnj,pomptonplainsnj,2026-01-26,Monday,45.0,2026-01-26T23:41:21
princetonnj,princetonnj,2026-01-26,Monday,25.0,2026-01-26T21:30:17
toms-river-nj,toms-river-nj,2026-01-26,Monday,0.0,2026-01-26T01:25:39
lascruces-nm,lascruces-nm,2026-01-26,Monday,22.5,2026-01-26T23:41:21
hendersonnv,hendersonnv,2026-01-26,Monday,29.5,2026-01-26T23:54:41
mesquitenv,mesquitenv,2026-01-26,Monday,19.5,2026-01-26T17:31:54
southsummerlinnv,southsummerlinnv,2026-01-26,Monday,37.5,2026-01-26T22:53:24
summerlinlasvegasnv,summerlinlasvegasnv,2026-01-26,Monday,35.0,2026-01-26T21:30:17
bethpage-ny,bethpage-ny,2026-01-26,Monday,42.0,2026-01-26T22:53:24
fivetowns-ny,fivetowns-ny,2026-01-26,Monday,15.0,2026-01-26T19:49:53
brunswickoh,brunswickoh,2026-01-26,Monday,49.5,2026-01-26T06:28:00
chardonoh,chardonoh,2026-01-26,Monday,18.5,2026-01-26T23:54:41
columbus-upper-arlington-oh,columbus-upper-arlington-oh,2026-01-26,Monday,24.5,2026-01-26T22:53:24
north-canton-oh,north-canton-oh,2026-01-26,Monday,37.5,2026-01-26T17:55:50
woosteroh,woosteroh,2026-01-26,Monday,41.5,2026-01-26T20:57:14
jenks-ok,jenks-ok,2026-01-26,Monday,12.5,2026-01-26T22:01:37
tulsa-ok-southern-hills,tulsa-ok-southern-hills,2026-01-26,Monday,21.5,2026-01-26T21:30:17
clackamas-or,clackamas-or,2026-01-26,Monday,23.0,2026-01-26T23:41:21
eugeneor,eugeneor,2026-01-26,Monday,52.5,2026-01-26T22:34:53
salem-keizer-or,salem-keizer-or,2026-01-26,Monday,31.5,2026-01-26T23:54:41
sherwoodor,sherwoodor,2026-01-26,Monday,27.0,2026-01-26T23:41:21
paoli-pa,paoli-pa,2026-01-26,Monday,26.5,2026-01-26T21:30:17
yardley-pa,yardley-pa,2026-01-26,Monday,27.5,2026-01-26T19:49:53
york-pa,york-pa,2026-01-26,Monday,34.0,2026-01-26T23:18:21
aikensc,aikensc,2026-01-26,Monday,42.0,2026-01-26T21:50:09
spartanburgsc,spartanburgsc,2026-01-26,Monday,24.0,2026-01-26T01:25:39
sioux-falls-sd-south,sioux-falls-sd-south,2026-01-26,Monday,41.5,2026-01-26T21:50:09
chattanoogatn,chattanoogatn,2026-01-26,Monday,44.5,2026-01-26T18:39:47
clarksvilletn,clarksvilletn,2026-01-26,Monday,46.5,2026-01-26T22:34:53
cleveland-tn,cleveland-tn,2026-01-26,Monday,0.0,2026-01-26T01:25:39
franklintn,franklintn,2026-01-26,Monday,11.0,2026-01-26T21:50:09
knoxvilletn,knoxvilletn,2026-01-26,Monday,52.5,2026-01-26T23:41:21
memphis-tn-collierville,memphis-tn-collierville,2026-01-26,Monday,20.0,2026-01-26T21:30:17
mt-juliet-tn,mt-juliet-tn,2026-01-26,Monday,23.0,2026-01-26T23:41:21
nashville-bellevue-tn,nashville-bellevue-tn,2026-01-26,Monday,96.0,2026-01-26T15:48:37
spring-hill-tn-north,spring-hill-tn-north,2026-01-26,Monday,23.0,2026-01-26T22:34:53
allen-tx,allen-tx,2026-01-26,Monday,0.0,2026-01-26T01:25:39
amarillo-tx,amarillo-tx,2026-01-26,Monday,0.0,2026-01-26T01:25:39
houston-atascocita-tx,houston-atascocita-tx,2026-01-26,Monday,42.5,2026-01-26T23:41:21
eastaustintx,eastaustintx,2026-01-26,Monday,38.5,2026-01-26T19:33:41
southwestaustintx,southwestaustintx,2026-01-26,Monday,21.0,2026-01-26T21:30:17
colleyville-tx,colleyville-tx,2026-01-26,Monday,31.0,2026-01-26T23:41:21
denton-tx,denton-tx,2026-01-26,Monday,17.0,2026-01-26T22:34:53
flowermoundtx,flowermoundtx,2026-01-26,Monday,42.5,2026-01-26T23:54:41
granburytx,granburytx,2026-01-26,Monday,24.5,2026-01-26T22:53:24
grand-prairie-tx,grand-prairie-tx,2026-01-26,Monday,25.5,2026-01-26T21:30:17
houstonheightstx,houstonheightstx,2026-01-26,Monday,46.5,2026-01-26T19:04:56
houston-memorial-tx,houston-memorial-tx,2026-01-26,Monday,45.0,2026-01-26T23:54:41
katy-tx,katy-tx,2026-01-26,Monday,37.0,2026-01-26T21:30:17
kellertx,kellertx,2026-01-26,Monday,33.0,2026-01-26T22:34:53
lubbock-tx,lubbock-tx,2026-01-26,Monday,0.0,2026-01-26T01:25:39
woodlands-houston-tx,woodlands-houston-tx,2026-01-26,Monday,36.0,2026-01-26T23:54:41
mckinney-tx,mckinney-tx,2026-01-26,Monday,7.5,2026-01-26T22:34:53
midlandtx,midlandtx,2026-01-26,Monday,56.0,2026-01-26T22:53:24
east-odessa-tx,east-odessa-tx,2026-01-26,Monday,0.0,2026-01-26T01:25:39
planowesttx,planowesttx,2026-01-26,Monday,28.0,2026-01-26T23:54:41
round-rock-tx,round-rock-tx,2026-01-26,Monday,0.0,2026-01-26T01:25:39
shenandoah-tx,shenandoah-tx,2026-01-26,Monday,0.0,2026-01-26T01:25:39
sherman-tx,sherman-tx,2026-01-26,Monday,23.0,2026-01-26T22:34:53
spring-tx,spring-tx,2026-01-26,Monday,23.0,2026-01-26T23:54:41
tylersouthtx,tylersouthtx,2026-01-26,Monday,46.0,2026-01-26T22:34:53
americanforkut,americanforkut,2026-01-26,Monday,45.5,2026-01-26T15:48:37
cedarcity,cedarcity,2026-01-26,Monday,39.5,2026-01-26T20:38:14
layton-ut,layton-ut,2026-01-26,Monday,15.0,2026-01-26T23:54:41
lehiut,lehiut,2026-01-26,Monday,42.5,2026-01-26T22:34:53
millcreekut,millcreekut,2026-01-26,Monday,18.5,2026-01-26T07:02:43
murrayut,murrayut,2026-01-26,Monday,16.5,2026-01-26T03:32:04
ogden-pleasant-view-ut,ogden-pleasant-view-ut,2026-01-26,Monday,27.5,2026-01-26T18:39:47
ogden-riverdale-ut,ogden-riverdale-ut,2026-01-26,Monday,12.0,2026-01-26T21:50:09
orem-ut,orem-ut,2026-01-26,Monday,49.5,2026-01-26T23:41:21
richfield,richfield,2026-01-26,Monday,11.0,2026-01-26T21:30:17
sandyut,sandyut,2026-01-26,Monday,38.0,2026-01-26T20:38:14
spanishforkut,spanishforkut,2026-01-26,Monday,29.5,2026-01-26T20:57:14
stgeorgeut,stgeorgeut,2026-01-26,Monday,17.5,2026-01-26T22:53:24
st-george-ut-river-rd,st-george-ut-river-rd,2026-01-26,Monday,23.0,2026-01-26T20:38:14
st-george-ut-sunset,st-george-ut-sunset,2026-01-26,Monday,10.5,2026-01-26T23:41:21
lynchburg-va,lynchburg-va,2026-01-26,Monday,0.0,2026-01-26T01:25:39
virginia-beach-va-courthouse,virginia-beach-va-courthouse,2026-01-26,Monday,0.0,2026-01-26T01:25:39
birminghamal,birminghamal,2026-01-27,Tuesday,30.0,2026-01-27T22:51:32
huntsville-al-research-park,huntsville-al-research-park,2026-01-27,Tuesday,13.5,2026-01-27T23:53:02
chandleraz,chandleraz,2026-01-27,Tuesday,23.5,2026-01-27T23:37:28
southchandleraz,southchandleraz,2026-01-27,Tuesday,25.5,2026-01-27T23:53:02
gilbertaz,gilbertaz,2026-01-27,Tuesday,35.0,2026-01-27T21:13:24
glendaleaz,glendaleaz,2026-01-27,Tuesday,39.5,2026-01-27T22:51:32
goodyear-az,goodyear-az,2026-01-27,Tuesday,0.0,2026-01-27T01:49:57
mesa-az-east,mesa-az-east,2026-01-27,Tuesday,10.0,2026-01-27T22:51:32
paradise-valley-az,paradise-valley-az,2026-01-27,Tuesday,10.0,2026-01-27T19:19:01
glendale-az-peoria,glendale-az-peoria,2026-01-27,Tuesday,17.5,2026-01-27T22:51:32
scottsdaleaz,scottsdaleaz,2026-01-27,Tuesday,41.0,2026-01-27T23:13:43
scottsdale-az-north,scottsdale-az-north,2026-01-27,Tuesday,0.0,2026-01-27T01:49:57
surpriseaz,surpriseaz,2026-01-27,Tuesday,9.5,2026-01-27T23:13:43
talkingstickaz,talkingstickaz,2026-01-27,Tuesday,0.0,2026-01-27T01:49:57
tempeaz,tempeaz,2026-01-27,Tuesday,18.5,2026-01-27T20:32:30
carlsbadca,carlsbadca,2026-01-27,Tuesday,27.5,2026-01-27T23:53:02
rancho-mirage-ca,rancho-mirage-ca,2026-01-27,Tuesday,0.0,2026-01-27T01:49:57
fort-collins-timnath-co,fort-collins-timnath-co,2026-01-27,Tuesday,0.0,2026-01-27T01:49:57
invernessco,invernessco,2026-01-27,Tuesday,25.0,2026-01-27T22:00:02
littleton-co,littleton-co,2026-01-27,Tuesday,17.5,2026-01-27T17:36:47
loveland-co-johnstown,loveland-co-johnstown,2026-01-27,Tuesday,0.0,2026-01-27T01:49:57
colorado-springs-northgate,colorado-springs-northgate,2026-01-27,Tuesday,31.0,2026-01-27T18:50:56
pueblowestco,pueblowestco,2026-01-27,Tuesday,31.0,2026-01-27T23:37:28
westminster-co,westminster-co,2026-01-27,Tuesday,0.0,2026-01-27T01:49:57
wilmingtonde,wilmingtonde,2026-01-27,Tuesday,44.0,2026-01-27T21:49:14
boca-raton-fl-west,boca-raton-fl-west,2026-01-27,Tuesday,0.0,2026-01-27T01:49:57
bradentonfl,bradentonfl,2026-01-27,Tuesday,22.0,2026-01-27T21:33:56
jacksonvillebeachfl,jacksonvillebeachfl,2026-01-27,Tuesday,25.5,2026-01-27T22:32:37
miramarbeach,miramarbeach,2026-01-27,Tuesday,38.5,2026-01-27T18:50:56
naplesfl,naplesfl,2026-01-27,Tuesday,23.0,2026-01-27T22:51:32
naples-fl-north,naples-fl-north,2026-01-27,Tuesday,15.0,2026-01-27T18:50:56
oldsmarfl,oldsmarfl,2026-01-27,Tuesday,35.0,2026-01-27T18:50:56
orlando-fl-waterford-lakes,orlando-fl-waterford-lakes,2026-01-27,Tuesday,0.0,2026-01-27T01:49:57
ponte-vedra-fl,ponte-vedra-fl,2026-01-27,Tuesday,17.0,2026-01-27T17:57:33
port-charlotte-fl,port-charlotte-fl,2026-01-27,Tuesday,32.0,2026-01-27T23:13:43
spring-hill-fl,spring-hill-fl,2026-01-27,Tuesday,25.5,2026-01-27T23:13:43
alpharetta-ga,alpharetta-ga,2026-01-27,Tuesday,6.0,2026-01-27T18:50:56
westmidtownga,westmidtownga,2026-01-27,Tuesday,42.0,2026-01-27T23:53:02
augustaga,augustaga,2026-01-27,Tuesday,38.0,2026-01-27T23:37:28
braseltonga,braseltonga,2026-01-27,Tuesday,40.5,2026-01-27T21:49:14
dacula-ga,dacula-ga,2026-01-27,Tuesday,33.5,2026-01-27T22:51:32
mcdonoughga,mcdonoughga,2026-01-27,Tuesday,29.0,2026-01-27T21:49:14
warnerrobinsga,warnerrobinsga,2026-01-27,Tuesday,34.5,2026-01-27T21:49:14
woodstock-ga,woodstock-ga,2026-01-27,Tuesday,0.0,2026-01-27T01:49:57
ankeny-ia,ankeny-ia,2026-01-27,Tuesday,13.5,2026-01-27T23:13:43
des-moines-ia-downtown,des-moines-ia-downtown,2026-01-27,Tuesday,11.0,2026-01-27T22:32:37
des-moines-waukee-ia,des-moines-waukee-ia,2026-01-27,Tuesday,4.0,2026-01-27T19:19:01
boise-id,boise-id,2026-01-27,Tuesday,36.0,2026-01-27T16:58:33
meridian-id,meridian-id,2026-01-27,Tuesday,33.5,2026-01-27T21:49:14
carmelin,carmelin,2026-01-27,Tuesday,41.0,2026-01-27T23:13:43
fishers-in,fishers-in,2026-01-27,Tuesday,38.5,2026-01-27T06:47:39
kansas-city-leawood,kansas-city-leawood,2026-01-27,Tuesday,33.5,2026-01-27T21:33:56
overlandparkks,overlandparkks,2026-01-27,Tuesday,38.0,2026-01-27T22:51:32
ascension-la,ascension-la,2026-01-27,Tuesday,1.0,2026-01-27T01:49:57
baton-rouge-st-george,baton-rouge-st-george,2026-01-27,Tuesday,12.5,2026-01-27T21:49:14
shreveport-la-south,shreveport-la-south,2026-01-27,Tuesday,23.0,2026-01-27T22:51:32
maynardma,maynardma,2026-01-27,Tuesday,24.0,2026-01-27T23:13:43
southborough-ma,southborough-ma,2026-01-27,Tuesday,41.5,2026-01-27T18:50:56
crofton-md,crofton-md,2026-01-27,Tuesday,0.0,2026-01-27T01:49:57
towson-baltimore-md,towson-baltimore-md,2026-01-27,Tuesday,0.0,2026-01-27T01:49:57
white-marsh-baltimore-md,white-marsh-baltimore-md,2026-01-27,Tuesday,0.0,2026-01-27T01:49:57
clarkstonmi,clarkstonmi,2026-01-27,Tuesday,22.5,2026-01-27T22:00:02
farmington-mi,farmington-mi,2026-01-27,Tuesday,34.0,2026-01-27T18:50:56
grand-blanc-mi,grand-blanc-mi,2026-01-27,Tuesday,17.5,2026-01-27T21:49:14
lansing-mi,lansing-mi,2026-01-27,Tuesday,41.5,2026-01-27T15:29:59
livonia-mi,livonia-mi,2026-01-27,Tuesday,42.5,2026-01-27T05:04:29
novi-mi,novi-mi,2026-01-27,Tuesday,0.0,2026-01-27T01:49:57
rochester-hills-mi,rochester-hills-mi,2026-01-27,Tuesday,26.0,2026-01-27T23:53:02
troy-mi,troy-mi,2026-01-27,Tuesday,27.0,2026-01-27T22:32:37
west-bloomfield-mi,west-bloomfield-mi,2026-01-27,Tuesday,0.0,2026-01-27T01:49:57
st-louis-crestwood-mo,st-louis-crestwood-mo,2026-01-27,Tuesday,20.5,2026-01-27T19:58:13
liberty-mo,liberty-mo,2026-01-27,Tuesday,0.0,2026-01-27T01:49:57
rollamo,rollamo,2026-01-27,Tuesday,25.0,2026-01-27T20:52:34
bozemanmt,bozemanmt,2026-01-27,Tuesday,56.0,2026-01-27T20:32:30
chapel-hill-nc,chapel-hill-nc,2026-01-27,Tuesday,29.5,2026-01-27T23:37:28
raleigh-nc-north,raleigh-nc-north,2026-01-27,Tuesday,11.0,2026-01-27T23:13:43
lincoln-ne-south,lincoln-ne-south,2026-01-27,Tuesday,40.0,2026-01-27T21:33:56
omahane,omahane,2026-01-27,Tuesday,50.0,2026-01-27T21:13:24
papillionne,papillionne,2026-01-27,Tuesday,39.5,2026-01-27T23:53:02
howell-nj,howell-nj,2026-01-27,Tuesday,18.0,2026-01-27T22:51:32
pomptonplainsnj,pomptonplainsnj,2026-01-27,Tuesday,66.5,2026-01-27T22:51:32
princetonnj,princetonnj,2026-01-27,Tuesday,33.0,2026-01-27T22:00:02
toms-river-nj,toms-river-nj,2026-01-27,Tuesday,0.0,2026-01-27T01:49:57
lascruces-nm,lascruces-nm,2026-01-27,Tuesday,23.0,2026-01-27T23:13:43
hendersonnv,hendersonnv,2026-01-27,Tuesday,29.5,2026-01-27T23:37:28
mesquitenv,mesquitenv,2026-01-27,Tuesday,18.5,2026-01-27T22:51:32
southsummerlinnv,southsummerlinnv,2026-01-27,Tuesday,36.0,2026-01-27T23:37:28
summerlinlasvegasnv,summerlinlasvegasnv,2026-01-27,Tuesday,26.0,2026-01-27T23:13:43
bethpage-ny,bethpage-ny,2026-01-27,Tuesday,40.0,2026-01-27T14:54:33
fivetowns-ny,fivetowns-ny,2026-01-27,Tuesday,13.5,2026-01-27T17:36:47
brunswickoh,brunswickoh,2026-01-27,Tuesday,56.5,2026-01-27T17:36:47
chardonoh,chardonoh,2026-01-27,Tuesday,20.5,2026-01-27T23:53:02
columbus-upper-arlington-oh,columbus-upper-arlington-oh,2026-01-27,Tuesday,43.0,2026-01-27T23:53:02
north-canton-oh,north-canton-oh,2026-01-27,Tuesday,41.5,2026-01-27T20:52:34
woosteroh,woosteroh,2026-01-27,Tuesday,47.0,2026-01-27T23:37:28
jenks-ok,jenks-ok,2026-01-27,Tuesday,20.0,2026-01-27T22:32:37
tulsa-ok-southern-hills,tulsa-ok-southern-hills,2026-01-27,Tuesday,30.5,2026-01-27T22:51:32
clackamas-or,clackamas-or,2026-01-27,Tuesday,18.0,2026-01-27T22:51:32
eugeneor,eugeneor,2026-01-27,Tuesday,48.0,2026-01-27T22:00:02
salem-keizer-or,salem-keizer-or,2026-01-27,Tuesday,32.5,2026-01-27T21:33:56
sherwoodor,sherwoodor,2026-01-27,Tuesday,28.0,2026-01-27T21:49:14
paoli-pa,paoli-pa,2026-01-27,Tuesday,26.0,2026-01-27T21:13:24
yardley-pa,yardley-pa,2026-01-27,Tuesday,28.5,2026-01-27T18:50:56
york-pa,york-pa,2026-01-27,Tuesday,30.0,2026-01-27T23:53:02
aikensc,aikensc,2026-01-27,Tuesday,46.0,2026-01-27T23:13:43
spartanburgsc,spartanburgsc,2026-01-27,Tuesday,41.0,2026-01-27T18:50:56
sioux-falls-sd-south,sioux-falls-sd-south,2026-01-27,Tuesday,40.0,2026-01-27T20:52:34
chattanoogatn,chattanoogatn,2026-01-27,Tuesday,45.5,2026-01-27T23:37:28
clarksvilletn,clarksvilletn,2026-01-27,Tuesday,61.5,2026-01-27T22:00:02
cleveland-tn,cleveland-tn,2026-01-27,Tuesday,0.0,2026-01-27T01:49:57
franklintn,franklintn,2026-01-27,Tuesday,26.0,2026-01-27T18:50:56
knoxvilletn,knoxvilletn,2026-01-27,Tuesday,57.5,2026-01-27T22:32:37
memphis-tn-collierville,memphis-tn-collierville,2026-01-27,Tuesday,32.0,2026-01-27T23:37:28
mt-juliet-tn,mt-juliet-tn,2026-01-27,Tuesday,20.0,2026-01-27T23:53:02
nashville-bellevue-tn,nashville-bellevue-tn,2026-01-27,Tuesday,4.5,2026-01-27T20:32:30
spring-hill-tn-north,spring-hill-tn-north,2026-01-27,Tuesday,34.5,2026-01-27T19:44:27
allen-tx,allen-tx,2026-01-27,Tuesday,0.0,2026-01-27T01:49:57
amarillo-tx,amarillo-tx,2026-01-27,Tuesday,0.0,2026-01-27T01:49:57
houston-atascocita-tx,houston-atascocita-tx,2026-01-27,Tuesday,37.5,2026-01-27T22:51:32
eastaustintx,eastaustintx,2026-01-27,Tuesday,45.5,2026-01-27T21:49:14
southwestaustintx,southwestaustintx,2026-01-27,Tuesday,19.0,2026-01-27T20:32:30
colleyville-tx,colleyville-tx,2026-01-27,Tuesday,27.0,2026-01-27T22:00:02
denton-tx,denton-tx,2026-01-27,Tuesday,25.5,2026-01-27T23:37:28
flowermoundtx,flowermoundtx,2026-01-27,Tuesday,47.5,2026-01-27T23:13:43
granburytx,granburytx,2026-01-27,Tuesday,24.0,2026-01-27T23:37:28
grand-prairie-tx,grand-prairie-tx,2026-01-27,Tuesday,13.5,2026-01-27T22:32:37
houstonheightstx,houstonheightstx,2026-01-27,Tuesday,36.5,2026-01-27T20:52:34
houston-memorial-tx,houston-memorial-tx,2026-01-27,Tuesday,45.5,2026-01-27T22:51:32
katy-tx,katy-tx,2026-01-27,Tuesday,32.0,2026-01-27T23:37:28
kellertx,kellertx,2026-01-27,Tuesday,30.5,2026-01-27T19:58:13
lubbock-tx,lubbock-tx,2026-01-27,Tuesday,0.0,2026-01-27T01:49:57
woodlands-houston-tx,woodlands-houston-tx,2026-01-27,Tuesday,38.0,2026-01-27T23:37:28
mckinney-tx,mckinney-tx,2026-01-27,Tuesday,17.0,2026-01-27T22:32:37
midlandtx,midlandtx,2026-01-27,Tuesday,62.0,2026-01-27T20:32:30
east-odessa-tx,east-odessa-tx,2026-01-27,Tuesday,0.0,2026-01-27T01:49:57
planowesttx,planowesttx,2026-01-27,Tuesday,29.0,2026-01-27T22:32:37
round-rock-tx,round-rock-tx,2026-01-27,Tuesday,0.0,2026-01-27T01:49:57
shenandoah-tx,shenandoah-tx,2026-01-27,Tuesday,0.0,2026-01-27T01:49:57
sherman-tx,sherman-tx,2026-01-27,Tuesday,27.0,2026-01-27T22:51:32
spring-tx,spring-tx,2026-01-27,Tuesday,9.5,2026-01-27T21:33:56
tylersouthtx,tylersouthtx,2026-01-27,Tuesday,59.5,2026-01-27T22:32:37
americanforkut,americanforkut,2026-01-27,Tuesday,51.0,2026-01-27T12:54:07
cedarcity,cedarcity,2026-01-27,Tuesday,29.5,2026-01-27T20:32:30
layton-ut,layton-ut,2026-01-27,Tuesday,16.0,2026-01-27T20:52:34
lehiut,lehiut,2026-01-27,Tuesday,47.5,2026-01-27T21:49:14
millcreekut,millcreekut,2026-01-27,Tuesday,17.0,2026-01-27T23:13:43
murrayut,murrayut,2026-01-27,Tuesday,17.5,2026-01-27T22:00:02
ogden-pleasant-view-ut,ogden-pleasant-view-ut,2026-01-27,Tuesday,37.5,2026-01-27T23:37:28
ogden-riverdale-ut,ogden-riverdale-ut,2026-01-27,Tuesday,8.0,2026-01-27T22:51:32
orem-ut,orem-ut,2026-01-27,Tuesday,28.0,2026-01-27T18:50:56
richfield,richfield,2026-01-27,Tuesday,5.5,2026-01-27T18:50:56
sandyut,sandyut,2026-01-27,Tuesday,35.0,2026-01-27T21:49:14
spanishforkut,spanishforkut,2026-01-27,Tuesday,32.5,2026-01-27T22:32:37
stgeorgeut,stgeorgeut,2026-01-27,Tuesday,10.5,2026-01-27T23:13:43
st-george-ut-river-rd,st-george-ut-river-rd,2026-01-27,Tuesday,26.0,2026-01-27T21:13:24
st-george-ut-sunset,st-george-ut-sunset,2026-01-27,Tuesday,16.5,2026-01-27T22:32:37
lynchburg-va,lynchburg-va,2026-01-27,Tuesday,0.0,2026-01-27T01:49:57
virginia-beach-va-courthouse,virginia-beach-va-courthouse,2026-01-27,Tuesday,0.0,2026-01-27T01:49:57
birminghamal,birminghamal,2026-01-28,Wednesday,33.5,2026-01-28T18:57:04
huntsville-al-research-park,huntsville-al-research-park,2026-01-28,Wednesday,12.5,2026-01-28T19:54:52
chandleraz,chandleraz,2026-01-28,Wednesday,22.0,2026-01-28T21:58:35
southchandleraz,southchandleraz,2026-01-28,Wednesday,24.0,2026-01-28T23:35:30
gilbertaz,gilbertaz,2026-01-28,Wednesday,41.5,2026-01-28T23:54:36
glendaleaz,glendaleaz,2026-01-28,Wednesday,43.5,2026-01-28T23:35:30
goodyear-az,goodyear-az,2026-01-28,Wednesday,0.0,2026-01-28T01:19:22
mesa-az-east,mesa-az-east,2026-01-28,Wednesday,7.5,2026-01-28T22:37:18
paradise-valley-az,paradise-valley-az,2026-01-28,Wednesday,11.0,2026-01-28T20:31:02
glendale-az-peoria,glendale-az-peoria,2026-01-28,Wednesday,27.0,2026-01-28T19:34:54
scottsdaleaz,scottsdaleaz,2026-01-28,Wednesday,40.5,2026-01-28T23:35:30
scottsdale-az-north,scottsdale-az-north,2026-01-28,Wednesday,0.0,2026-01-28T01:19:22
surpriseaz,surpriseaz,2026-01-28,Wednesday,7.5,2026-01-28T19:54:52
talkingstickaz,talkingstickaz,2026-01-28,Wednesday,0.0,2026-01-28T01:19:22
tempeaz,tempeaz,2026-01-28,Wednesday,10.5,2026-01-28T19:34:54
carlsbadca,carlsbadca,2026-01-28,Wednesday,27.0,2026-01-28T22:37:18
rancho-mirage-ca,rancho-mirage-ca,2026-01-28,Wednesday,0.0,2026-01-28T01:19:22
fort-collins-timnath-co,fort-collins-timnath-co,2026-01-28,Wednesday,0.0,2026-01-28T01:19:22
invernessco,invernessco,2026-01-28,Wednesday,29.0,2026-01-28T19:54:52
littleton-co,littleton-co,2026-01-28,Wednesday,13.0,2026-01-28T21:58:35
loveland-co-johnstown,loveland-co-johnstown,2026-01-28,Wednesday,0.0,2026-01-28T01:19:22
colorado-springs-northgate,colorado-springs-northgate,2026-01-28,Wednesday,33.0,2026-01-28T20:31:02
pueblowestco,pueblowestco,2026-01-28,Wednesday,29.5,2026-01-28T20:31:02
westminster-co,westminster-co,2026-01-28,Wednesday,0.0,2026-01-28T01:19:22
wilmingtonde,wilmingtonde,2026-01-28,Wednesday,46.5,2026-01-28T14:47:08
boca-raton-fl-west,boca-raton-fl-west,2026-01-28,Wednesday,0.0,2026-01-28T01:19:22
bradentonfl,bradentonfl,2026-01-28,Wednesday,32.0,2026-01-28T22:37:18
jacksonvillebeachfl,jacksonvillebeachfl,2026-01-28,Wednesday,25.5,2026-01-28T21:58:35
miramarbeach,miramarbeach,2026-01-28,Wednesday,30.5,2026-01-28T20:31:02
naplesfl,naplesfl,2026-01-28,Wednesday,32.0,2026-01-28T23:35:30
naples-fl-north,naples-fl-north,2026-01-28,Wednesday,14.0,2026-01-28T23:35:30
oldsmarfl,oldsmarfl,2026-01-28,Wednesday,41.5,2026-01-28T22:37:18
orlando-fl-waterford-lakes,orlando-fl-waterford-lakes,2026-01-28,Wednesday,0.0,2026-01-28T01:19:22
ponte-vedra-fl,ponte-vedra-fl,2026-01-28,Wednesday,27.5,2026-01-28T21:38:49
port-charlotte-fl,port-charlotte-fl,2026-01-28,Wednesday,23.5,2026-01-28T23:54:36
spring-hill-fl,spring-hill-fl,2026-01-28,Wednesday,28.5,2026-01-28T19:34:54
alpharetta-ga,alpharetta-ga,2026-01-28,Wednesday,10.0,2026-01-28T23:35:30
westmidtownga,westmidtownga,2026-01-28,Wednesday,38.5,2026-01-28T23:35:30
augustaga,augustaga,2026-01-28,Wednesday,41.0,2026-01-28T22:37:18
braseltonga,braseltonga,2026-01-28,Wednesday,52.5,2026-01-28T21:38:49
dacula-ga,dacula-ga,2026-01-28,Wednesday,23.0,2026-01-28T23:35:30
mcdonoughga,mcdonoughga,2026-01-28,Wednesday,29.5,2026-01-28T23:35:30
warnerrobinsga,warnerrobinsga,2026-01-28,Wednesday,42.0,2026-01-28T20:59:56
woodstock-ga,woodstock-ga,2026-01-28,Wednesday,0.0,2026-01-28T01:19:22
ankeny-ia,ankeny-ia,2026-01-28,Wednesday,15.5,2026-01-28T20:59:56
des-moines-ia-downtown,des-moines-ia-downtown,2026-01-28,Wednesday,4.5,2026-01-28T17:08:40
des-moines-waukee-ia,des-moines-waukee-ia,2026-01-28,Wednesday,5.0,2026-01-28T22:37:18
boise-id,boise-id,2026-01-28,Wednesday,38.0,2026-01-28T19:34:54
meridian-id,meridian-id,2026-01-28,Wednesday,41.5,2026-01-28T21:58:35
carmelin,carmelin,2026-01-28,Wednesday,33.5,2026-01-28T15:54:10
fishers-in,fishers-in,2026-01-28,Wednesday,41.5,2026-01-28T15:17:58
kansas-city-leawood,kansas-city-leawood,2026-01-28,Wednesday,34.0,2026-01-28T23:35:30
overlandparkks,overlandparkks,2026-01-28,Wednesday,35.0,2026-01-28T17:08:40
ascension-la,ascension-la,2026-01-28,Wednesday,5.0,2026-01-28T14:47:08
baton-rouge-st-george,baton-rouge-st-george,2026-01-28,Wednesday,18.0,2026-01-28T23:35:30
shreveport-la-south,shreveport-la-south,2026-01-28,Wednesday,32.0,2026-01-28T22:37:18
maynardma,maynardma,2026-01-28,Wednesday,27.5,2026-01-28T20:59:56
southborough-ma,southborough-ma,2026-01-28,Wednesday,57.5,2026-01-28T22:59:31
crofton-md,crofton-md,2026-01-28,Wednesday,0.0,2026-01-28T01:19:22
towson-baltimore-md,towson-baltimore-md,2026-01-28,Wednesday,72.0,2026-01-28T23:35:30
white-marsh-baltimore-md,white-marsh-baltimore-md,2026-01-28,Wednesday,0.0,2026-01-28T01:19:22
clarkstonmi,clarkstonmi,2026-01-28,Wednesday,31.5,2026-01-28T18:57:04
farmington-mi,farmington-mi,2026-01-28,Wednesday,28.0,2026-01-28T17:48:59
grand-blanc-mi,grand-blanc-mi,2026-01-28,Wednesday,30.0,2026-01-28T19:34:54
lansing-mi,lansing-mi,2026-01-28,Wednesday,39.5,2026-01-28T21:38:49
livonia-mi,livonia-mi,2026-01-28,Wednesday,35.5,2026-01-28T16:34:34
novi-mi,novi-mi,2026-01-28,Wednesday,0.0,2026-01-28T01:19:22
rochester-hills-mi,rochester-hills-mi,2026-01-28,Wednesday,28.0,2026-01-28T23:54:36
troy-mi,troy-mi,2026-01-28,Wednesday,23.0,2026-01-28T19:34:54
west-bloomfield-mi,west-bloomfield-mi,2026-01-28,Wednesday,0.0,2026-01-28T01:19:22
st-louis-crestwood-mo,st-louis-crestwood-mo,2026-01-28,Wednesday,28.5,2026-01-28T21:58:35
liberty-mo,liberty-mo,2026-01-28,Wednesday,0.0,2026-01-28T01:19:22
rollamo,rollamo,2026-01-28,Wednesday,19.0,2026-01-28T20:59:56
bozemanmt,bozemanmt,2026-01-28,Wednesday,46.0,2026-01-28T22:59:31
chapel-hill-nc,chapel-hill-nc,2026-01-28,Wednesday,33.0,2026-01-28T23:35:30
raleigh-nc-north,raleigh-nc-north,2026-01-28,Wednesday,15.0,2026-01-28T21:38:49
lincoln-ne-south,lincoln-ne-south,2026-01-28,Wednesday,41.5,2026-01-28T22:37:18
omahane,omahane,2026-01-28,Wednesday,61.5,2026-01-28T20:31:02
papillionne,papillionne,2026-01-28,Wednesday,40.0,2026-01-28T12:22:55
howell-nj,howell-nj,2026-01-28,Wednesday,12.5,2026-01-28T20:31:02
pomptonplainsnj,pomptonplainsnj,2026-01-28,Wednesday,60.5,2026-01-28T15:54:10
princetonnj,princetonnj,2026-01-28,Wednesday,36.5,2026-01-28T19:34:54
toms-river-nj,toms-river-nj,2026-01-28,Wednesday,0.0,2026-01-28T01:19:22
lascruces-nm,lascruces-nm,2026-01-28,Wednesday,23.0,2026-01-28T21:38:49
hendersonnv,hendersonnv,2026-01-28,Wednesday,30.5,2026-01-28T23:54:36
mesquitenv,mesquitenv,2026-01-28,Wednesday,23.0,2026-01-28T23:54:36
southsummerlinnv,southsummerlinnv,2026-01-28,Wednesday,39.0,2026-01-28T20:31:02
summerlinlasvegasnv,summerlinlasvegasnv,2026-01-28,Wednesday,32.0,2026-01-28T22:37:18
bethpage-ny,bethpage-ny,2026-01-28,Wednesday,37.5,2026-01-28T04:15:59
fivetowns-ny,fivetowns-ny,2026-01-28,Wednesday,18.0,2026-01-28T20:59:56
brunswickoh,brunswickoh,2026-01-28,Wednesday,51.5,2026-01-28T22:59:31
chardonoh,chardonoh,2026-01-28,Wednesday,15.5,2026-01-28T21:38:49
columbus-upper-arlington-oh,columbus-upper-arlington-oh,2026-01-28,Wednesday,37.5,2026-01-28T22:37:18
north-canton-oh,north-canton-oh,2026-01-28,Wednesday,45.5,2026-01-28T10:44:46
woosteroh,woosteroh,2026-01-28,Wednesday,49.5,2026-01-28T23:35:30
jenks-ok,jenks-ok,2026-01-28,Wednesday,16.0,2026-01-28T22:59:31
tulsa-ok-southern-hills,tulsa-ok-southern-hills,2026-01-28,Wednesday,19.5,2026-01-28T23:35:30
clackamas-or,clackamas-or,2026-01-28,Wednesday,24.0,2026-01-28T23:54:36
eugeneor,eugeneor,2026-01-28,Wednesday,49.5,2026-01-28T21:38:49
salem-keizer-or,salem-keizer-or,2026-01-28,Wednesday,39.0,2026-01-28T22:59:31
sherwoodor,sherwoodor,2026-01-28,Wednesday,41.0,2026-01-28T23:54:36
paoli-pa,paoli-pa,2026-01-28,Wednesday,32.5,2026-01-28T22:37:18
yardley-pa,yardley-pa,2026-01-28,Wednesday,27.0,2026-01-28T04:58:05
york-pa,york-pa,2026-01-28,Wednesday,35.5,2026-01-28T22:59:31
aikensc,aikensc,2026-01-28,Wednesday,45.0,2026-01-28T23:35:30
spartanburgsc,spartanburgsc,2026-01-28,Wednesday,55.5,2026-01-28T22:37:18
sioux-falls-sd-south,sioux-falls-sd-south,2026-01-28,Wednesday,40.0,2026-01-28T15:54:10
chattanoogatn,chattanoogatn,2026-01-28,Wednesday,48.0,2026-01-28T23:35:30
clarksvilletn,clarksvilletn,2026-01-28,Wednesday,67.0,2026-01-28T20:31:02
cleveland-tn,cleveland-tn,2026-01-28,Wednesday,0.0,2026-01-28T01:19:22
franklintn,franklintn,2026-01-28,Wednesday,42.0,2026-01-28T22:37:18
knoxvilletn,knoxvilletn,2026-01-28,Wednesday,48.0,2026-01-28T20:59:56
memphis-tn-collierville,memphis-tn-collierville,2026-01-28,Wednesday,35.5,2026-01-28T23:35:30
mt-juliet-tn,mt-juliet-tn,2026-01-28,Wednesday,31.5,2026-01-28T20:59:56
nashville-bellevue-tn,nashville-bellevue-tn,2026-01-28,Wednesday,7.5,2026-01-28T20:31:02
spring-hill-tn-north,spring-hill-tn-north,2026-01-28,Wednesday,39.0,2026-01-28T22:37:18
allen-tx,allen-tx,2026-01-28,Wednesday,0.0,2026-01-28T01:19:22
amarillo-tx,amarillo-tx,2026-01-28,Wednesday,0.0,2026-01-28T01:19:22
houston-atascocita-tx,houston-atascocita-tx,2026-01-28,Wednesday,31.0,2026-01-28T22:59:31
eastaustintx,eastaustintx,2026-01-28,Wednesday,36.5,2026-01-28T19:54:52
southwestaustintx,southwestaustintx,2026-01-28,Wednesday,19.5,2026-01-28T22:59:31
colleyville-tx,colleyville-tx,2026-01-28,Wednesday,35.5,2026-01-28T21:58:35
denton-tx,denton-tx,2026-01-28,Wednesday,29.0,2026-01-28T23:54:36
flowermoundtx,flowermoundtx,2026-01-28,Wednesday,51.5,2026-01-28T23:35:30
granburytx,granburytx,2026-01-28,Wednesday,22.0,2026-01-28T20:59:56
grand-prairie-tx,grand-prairie-tx,2026-01-28,Wednesday,19.0,2026-01-28T20:31:02
houstonheightstx,houstonheightstx,2026-01-28,Wednesday,44.0,2026-01-28T17:48:59
houston-memorial-tx,houston-memorial-tx,2026-01-28,Wednesday,41.5,2026-01-28T21:38:49
katy-tx,katy-tx,2026-01-28,Wednesday,27.5,2026-01-28T22:37:18
kellertx,kellertx,2026-01-28,Wednesday,33.5,2026-01-28T22:37:18
lubbock-tx,lubbock-tx,2026-01-28,Wednesday,0.0,2026-01-28T01:19:22
woodlands-houston-tx,woodlands-houston-tx,2026-01-28,Wednesday,29.5,2026-01-28T21:58:35
mckinney-tx,mckinney-tx,2026-01-28,Wednesday,13.0,2026-01-28T23:35:30
midlandtx,midlandtx,2026-01-28,Wednesday,56.5,2026-01-28T21:58:35
east-odessa-tx,east-odessa-tx,2026-01-28,Wednesday,0.0,2026-01-28T01:19:22
planowesttx,planowesttx,2026-01-28,Wednesday,24.5,2026-01-28T16:34:34
round-rock-tx,round-rock-tx,2026-01-28,Wednesday,0.0,2026-01-28T01:19:22
shenandoah-tx,shenandoah-tx,2026-01-28,Wednesday,0.0,2026-01-28T01:19:22
sherman-tx,sherman-tx,2026-01-28,Wednesday,38.5,2026-01-28T22:59:31
spring-tx,spring-tx,2026-01-28,Wednesday,10.0,2026-01-28T23:35:30
tylersouthtx,tylersouthtx,2026-01-28,Wednesday,65.0,2026-01-28T19:54:52
americanforkut,americanforkut,2026-01-28,Wednesday,52.0,2026-01-28T05:36:56
cedarcity,cedarcity,2026-01-28,Wednesday,30.0,2026-01-28T23:35:30
layton-ut,layton-ut,2026-01-28,Wednesday,26.0,2026-01-28T19:54:52
lehiut,lehiut,2026-01-28,Wednesday,42.0,2026-01-28T14:47:08
millcreekut,millcreekut,2026-01-28,Wednesday,19.0,2026-01-28T01:19:22
murrayut,murrayut,2026-01-28,Wednesday,22.0,2026-01-28T21:38:49
ogden-pleasant-view-ut,ogden-pleasant-view-ut,2026-01-28,Wednesday,34.0,2026-01-28T21:38:49
ogden-riverdale-ut,ogden-riverdale-ut,2026-01-28,Wednesday,13.0,2026-01-28T23:35:30
orem-ut,orem-ut,2026-01-28,Wednesday,39.0,2026-01-28T21:38:49
richfield,richfield,2026-01-28,Wednesday,7.0,2026-01-28T14:03:04
sandyut,sandyut,2026-01-28,Wednesday,33.5,2026-01-28T18:20:03
spanishforkut,spanishforkut,2026-01-28,Wednesday,31.5,2026-01-28T20:59:56
stgeorgeut,stgeorgeut,2026-01-28,Wednesday,18.0,2026-01-28T21:58:35
st-george-ut-river-rd,st-george-ut-river-rd,2026-01-28,Wednesday,22.0,2026-01-28T23:35:30
st-george-ut-sunset,st-george-ut-sunset,2026-01-28,Wednesday,18.5,2026-01-28T23:54:36
lynchburg-va,lynchburg-va,2026-01-28,Wednesday,0.0,2026-01-28T01:19:22
virginia-beach-va-courthouse,virginia-beach-va-courthouse,2026-01-28,Wednesday,0.0,2026-01-28T01:19:22
birminghamal,birminghamal,2026-01-29,Thursday,30.0,2026-01-29T23:36:48
huntsville-al-research-park,huntsville-al-research-park,2026-01-29,Thursday,17.0,2026-01-29T23:55:40
chandleraz,chandleraz,2026-01-29,Thursday,24.0,2026-01-29T23:55:40
southchandleraz,southchandleraz,2026-01-29,Thursday,22.0,2026-01-29T23:36:48
gilbertaz,gilbertaz,2026-01-29,Thursday,28.0,2026-01-29T18:44:26
glendaleaz,glendaleaz,2026-01-29,Thursday,38.5,2026-01-29T21:45:47
goodyear-az,goodyear-az,2026-01-29,Thursday,0.0,2026-01-29T01:57:26
mesa-az-east,mesa-az-east,2026-01-29,Thursday,7.0,2026-01-29T15:51:12
paradise-valley-az,paradise-valley-az,2026-01-29,Thursday,17.5,2026-01-29T23:36:48
glendale-az-peoria,glendale-az-peoria,2026-01-29,Thursday,31.0,2026-01-29T23:01:12
scottsdaleaz,scottsdaleaz,2026-01-29,Thursday,49.0,2026-01-29T23:36:48
scottsdale-az-north,scottsdale-az-north,2026-01-29,Thursday,0.0,2026-01-29T01:57:26
surpriseaz,surpriseaz,2026-01-29,Thursday,20.0,2026-01-29T21:45:47
talkingstickaz,talkingstickaz,2026-01-29,Thursday,0.0,2026-01-29T01:57:26
tempeaz,tempeaz,2026-01-29,Thursday,12.5,2026-01-29T23:01:12
carlsbadca,carlsbadca,2026-01-29,Thursday,24.0,2026-01-29T23:01:12
rancho-mirage-ca,rancho-mirage-ca,2026-01-29,Thursday,0.0,2026-01-29T01:57:26
fort-collins-timnath-co,fort-collins-timnath-co,2026-01-29,Thursday,0.0,2026-01-29T01:57:26
invernessco,invernessco,2026-01-29,Thursday,32.5,2026-01-29T22:01:33
littleton-co,littleton-co,2026-01-29,Thursday,30.5,2026-01-29T23:36:48
loveland-co-johnstown,loveland-co-johnstown,2026-01-29,Thursday,0.0,2026-01-29T01:57:26
colorado-springs-northgate,colorado-springs-northgate,2026-01-29,Thursday,32.5,2026-01-29T17:10:07
pueblowestco,pueblowestco,2026-01-29,Thursday,27.0,2026-01-29T23:36:48
westminster-co,westminster-co,2026-01-29,Thursday,0.0,2026-01-29T01:57:26
wilmingtonde,wilmingtonde,2026-01-29,Thursday,58.5,2026-01-29T14:25:01
boca-raton-fl-west,boca-raton-fl-west,2026-01-29,Thursday,0.0,2026-01-29T01:57:26
bradentonfl,bradentonfl,2026-01-29,Thursday,23.0,2026-01-29T23:36:48
jacksonvillebeachfl,jacksonvillebeachfl,2026-01-29,Thursday,21.5,2026-01-29T22:40:29
miramarbeach,miramarbeach,2026-01-29,Thursday,42.0,2026-01-29T22:40:29
naplesfl,naplesfl,2026-01-29,Thursday,30.5,2026-01-29T23:55:40
naples-fl-north,naples-fl-north,2026-01-29,Thursday,11.0,2026-01-29T17:10:07
oldsmarfl,oldsmarfl,2026-01-29,Thursday,39.0,2026-01-29T19:48:36
orlando-fl-waterford-lakes,orlando-fl-waterford-lakes,2026-01-29,Thursday,0.0,2026-01-29T01:57:26
ponte-vedra-fl,ponte-vedra-fl,2026-01-29,Thursday,20.0,2026-01-29T21:14:42
port-charlotte-fl,port-charlotte-fl,2026-01-29,Thursday,28.5,2026-01-29T22:40:29
spring-hill-fl,spring-hill-fl,2026-01-29,Thursday,29.0,2026-01-29T22:01:33
alpharetta-ga,alpharetta-ga,2026-01-29,Thursday,17.0,2026-01-29T21:45:47
westmidtownga,westmidtownga,2026-01-29,Thursday,32.5,2026-01-29T20:49:23
augustaga,augustaga,2026-01-29,Thursday,40.0,2026-01-29T21:45:47
braseltonga,braseltonga,2026-01-29,Thursday,37.0,2026-01-29T19:20:40
dacula-ga,dacula-ga,2026-01-29,Thursday,29.0,2026-01-29T17:10:07
mcdonoughga,mcdonoughga,2026-01-29,Thursday,26.0,2026-01-29T22:40:29
warnerrobinsga,warnerrobinsga,2026-01-29,Thursday,42.0,2026-01-29T21:45:47
woodstock-ga,woodstock-ga,2026-01-29,Thursday,0.0,2026-01-29T01:57:26
ankeny-ia,ankeny-ia,2026-01-29,Thursday,17.5,2026-01-29T22:01:33
des-moines-ia-downtown,des-moines-ia-downtown,2026-01-29,Thursday,10.0,2026-01-29T22:40:29
des-moines-waukee-ia,des-moines-waukee-ia,2026-01-29,Thursday,16.0,2026-01-29T17:10:07
boise-id,boise-id,2026-01-29,Thursday,39.5,2026-01-29T20:49:23
meridian-id,meridian-id,2026-01-29,Thursday,39.5,2026-01-29T23:36:48
carmelin,carmelin,2026-01-29,Thursday,42.0,2026-01-29T20:15:04
fishers-in,fishers-in,2026-01-29,Thursday,44.5,2026-01-29T20:15:04
kansas-city-leawood,kansas-city-leawood,2026-01-29,Thursday,32.0,2026-01-29T19:48:36
overlandparkks,overlandparkks,2026-01-29,Thursday,43.0,2026-01-29T18:44:26
ascension-la,ascension-la,2026-01-29,Thursday,3.0,2026-01-29T23:01:12
baton-rouge-st-george,baton-rouge-st-george,2026-01-29,Thursday,13.0,2026-01-29T18:44:26
shreveport-la-south,shreveport-la-south,2026-01-29,Thursday,36.0,2026-01-29T20:15:04
maynardma,maynardma,2026-01-29,Thursday,34.0,2026-01-29T17:54:44
southborough-ma,southborough-ma,2026-01-29,Thursday,58.5,2026-01-29T22:40:29
crofton-md,crofton-md,2026-01-29,Thursday,0.0,2026-01-29T01:57:26
towson-baltimore-md,towson-baltimore-md,2026-01-29,Thursday,72.0,2026-01-29T01:57:26
white-marsh-baltimore-md,white-marsh-baltimore-md,2026-01-29,Thursday,0.0,2026-01-29T01:57:26
clarkstonmi,clarkstonmi,2026-01-29,Thursday,21.0,2026-01-29T22:40:29
farmington-mi,farmington-mi,2026-01-29,Thursday,33.5,2026-01-29T18:44:26
grand-blanc-mi,grand-blanc-mi,2026-01-29,Thursday,25.0,2026-01-29T23:36:48
lansing-mi,lansing-mi,2026-01-29,Thursday,40.0,2026-01-29T11:21:19
livonia-mi,livonia-mi,2026-01-29,Thursday,35.5,2026-01-29T19:20:40
novi-mi,novi-mi,2026-01-29,Thursday,0.0,2026-01-29T01:57:26
rochester-hills-mi,rochester-hills-mi,2026-01-29,Thursday,34.0,2026-01-29T23:01:12
troy-mi,troy-mi,2026-01-29,Thursday,30.0,2026-01-29T22:40:29
west-bloomfield-mi,west-bloomfield-mi,2026-01-29,Thursday,0.0,2026-01-29T01:57:26
st-louis-crestwood-mo,st-louis-crestwood-mo,2026-01-29,Thursday,24.0,2026-01-29T17:54:44
liberty-mo,liberty-mo,2026-01-29,Thursday,3.0,2026-01-29T14:25:01
rollamo,rollamo,2026-01-29,Thursday,24.0,2026-01-29T23:36:48
bozemanmt,bozemanmt,2026-01-29,Thursday,43.0,2026-01-29T18:44:26
chapel-hill-nc,chapel-hill-nc,2026-01-29,Thursday,29.5,2026-01-29T21:14:42
raleigh-nc-north,raleigh-nc-north,2026-01-29,Thursday,17.0,2026-01-29T23:55:40
lincoln-ne-south,lincoln-ne-south,2026-01-29,Thursday,48.0,2026-01-29T22:40:29
omahane,omahane,2026-01-29,Thursday,52.5,2026-01-29T19:20:40
papillionne,papillionne,2026-01-29,Thursday,41.5,2026-01-29T17:54:44
howell-nj,howell-nj,2026-01-29,Thursday,21.0,2026-01-29T23:55:40
pomptonplainsnj,pomptonplainsnj,2026-01-29,Thursday,69.0,2026-01-29T22:01:33
princetonnj,princetonnj,2026-01-29,Thursday,42.0,2026-01-29T20:15:04
toms-river-nj,toms-river-nj,2026-01-29,Thursday,0.0,2026-01-29T01:57:26
lascruces-nm,lascruces-nm,2026-01-29,Thursday,23.0,2026-01-29T18:44:26
hendersonnv,hendersonnv,2026-01-29,Thursday,29.0,2026-01-29T22:40:29
mesquitenv,mesquitenv,2026-01-29,Thursday,20.5,2026-01-29T23:36:48
southsummerlinnv,southsummerlinnv,2026-01-29,Thursday,36.0,2026-01-29T20:49:23
summerlinlasvegasnv,summerlinlasvegasnv,2026-01-29,Thursday,33.0,2026-01-29T18:44:26
bethpage-ny,bethpage-ny,2026-01-29,Thursday,48.0,2026-01-29T21:45:47
fivetowns-ny,fivetowns-ny,2026-01-29,Thursday,27.5,2026-01-29T16:30:50
brunswickoh,brunswickoh,2026-01-29,Thursday,53.0,2026-01-29T21:14:42
chardonoh,chardonoh,2026-01-29,Thursday,19.0,2026-01-29T19:20:40
columbus-upper-arlington-oh,columbus-upper-arlington-oh,2026-01-29,Thursday,29.0,2026-01-29T23:36:48
north-canton-oh,north-canton-oh,2026-01-29,Thursday,45.5,2026-01-29T14:25:01
woosteroh,woosteroh,2026-01-29,Thursday,35.0,2026-01-29T14:25:01
jenks-ok,jenks-ok,2026-01-29,Thursday,22.5,2026-01-29T23:55:40
tulsa-ok-southern-hills,tulsa-ok-southern-hills,2026-01-29,Thursday,33.5,2026-01-29T21:45:47
clackamas-or,clackamas-or,2026-01-29,Thursday,22.0,2026-01-29T20:49:23
eugeneor,eugeneor,2026-01-29,Thursday,50.5,2026-01-29T19:48:36
salem-keizer-or,salem-keizer-or,2026-01-29,Thursday,38.5,2026-01-29T23:36:48
sherwoodor,sherwoodor,2026-01-29,Thursday,34.5,2026-01-29T23:36:48
paoli-pa,paoli-pa,2026-01-29,Thursday,28.5,2026-01-29T22:40:29
yardley-pa,yardley-pa,2026-01-29,Thursday,27.0,2026-01-29T16:30:50
york-pa,york-pa,2026-01-29,Thursday,37.0,2026-01-29T23:01:12
aikensc,aikensc,2026-01-29,Thursday,47.0,2026-01-29T19:48:36
spartanburgsc,spartanburgsc,2026-01-29,Thursday,48.0,2026-01-29T20:15:04
sioux-falls-sd-south,sioux-falls-sd-south,2026-01-29,Thursday,39.0,2026-01-29T23:01:12
chattanoogatn,chattanoogatn,2026-01-29,Thursday,35.0,2026-01-29T17:54:44
clarksvilletn,clarksvilletn,2026-01-29,Thursday,70.5,2026-01-29T20:49:23
cleveland-tn,cleveland-tn,2026-01-29,Thursday,0.0,2026-01-29T01:57:26
franklintn,franklintn,2026-01-29,Thursday,38.5,2026-01-29T18:44:26
knoxvilletn,knoxvilletn,2026-01-29,Thursday,62.0,2026-01-29T23:55:40
memphis-tn-collierville,memphis-tn-collierville,2026-01-29,Thursday,40.0,2026-01-29T23:01:12
mt-juliet-tn,mt-juliet-tn,2026-01-29,Thursday,27.0,2026-01-29T21:45:47
nashville-bellevue-tn,nashville-bellevue-tn,2026-01-29,Thursday,10.0,2026-01-29T23:01:12
spring-hill-tn-north,spring-hill-tn-north,2026-01-29,Thursday,47.0,2026-01-29T23:36:48
allen-tx,allen-tx,2026-01-29,Thursday,0.0,2026-01-29T01:57:26
amarillo-tx,amarillo-tx,2026-01-29,Thursday,0.0,2026-01-29T01:57:26
houston-atascocita-tx,houston-atascocita-tx,2026-01-29,Thursday,31.0,2026-01-29T18:44:26
eastaustintx,eastaustintx,2026-01-29,Thursday,35.0,2026-01-29T21:45:47
southwestaustintx,southwestaustintx,2026-01-29,Thursday,12.5,2026-01-29T23:36:48
colleyville-tx,colleyville-tx,2026-01-29,Thursday,24.0,2026-01-29T22:40:29
denton-tx,denton-tx,2026-01-29,Thursday,18.5,2026-01-29T23:36:48
flowermoundtx,flowermoundtx,2026-01-29,Thursday,47.0,2026-01-29T23:01:12
granburytx,granburytx,2026-01-29,Thursday,25.5,2026-01-29T23:36:48
grand-prairie-tx,grand-prairie-tx,2026-01-29,Thursday,17.0,2026-01-29T19:20:40
houstonheightstx,houstonheightstx,2026-01-29,Thursday,40.5,2026-01-29T21:14:42
houston-memorial-tx,houston-memorial-tx,2026-01-29,Thursday,45.0,2026-01-29T22:40:29
katy-tx,katy-tx,2026-01-29,Thursday,31.5,2026-01-29T21:45:47
kellertx,kellertx,2026-01-29,Thursday,38.0,2026-01-29T23:36:48
lubbock-tx,lubbock-tx,2026-01-29,Thursday,0.0,2026-01-29T01:57:26
woodlands-houston-tx,woodlands-houston-tx,2026-01-29,Thursday,36.5,2026-01-29T21:45:47
mckinney-tx,mckinney-tx,2026-01-29,Thursday,15.0,2026-01-29T21:14:42
midlandtx,midlandtx,2026-01-29,Thursday,59.0,2026-01-29T20:49:23
east-odessa-tx,east-odessa-tx,2026-01-29,Thursday,0.0,2026-01-29T01:57:26
planowesttx,planowesttx,2026-01-29,Thursday,34.5,2026-01-29T23:01:12
round-rock-tx,round-rock-tx,2026-01-29,Thursday,0.0,2026-01-29T01:57:26
shenandoah-tx,shenandoah-tx,2026-01-29,Thursday,0.0,2026-01-29T01:57:26
sherman-tx,sherman-tx,2026-01-29,Thursday,28.5,2026-01-29T23:55:40
spring-tx,spring-tx,2026-01-29,Thursday,5.0,2026-01-29T21:14:42
tylersouthtx,tylersouthtx,2026-01-29,Thursday,58.5,2026-01-29T23:01:12
americanforkut,americanforkut,2026-01-29,Thursday,56.5,2026-01-29T21:14:42
cedarcity,cedarcity,2026-01-29,Thursday,36.5,2026-01-29T23:55:40
layton-ut,layton-ut,2026-01-29,Thursday,21.0,2026-01-29T18:44:26
lehiut,lehiut,2026-01-29,Thursday,41.5,2026-01-29T20:15:04
millcreekut,millcreekut,2026-01-29,Thursday,16.0,2026-01-29T01:57:26
murrayut,murrayut,2026-01-29,Thursday,25.0,2026-01-29T23:36:48
ogden-pleasant-view-ut,ogden-pleasant-view-ut,2026-01-29,Thursday,43.0,2026-01-29T22:40:29
ogden-riverdale-ut,ogden-riverdale-ut,2026-01-29,Thursday,5.0,2026-01-29T23:36:48
orem-ut,orem-ut,2026-01-29,Thursday,50.0,2026-01-29T23:55:40
richfield,richfield,2026-01-29,Thursday,12.0,2026-01-29T17:54:44
sandyut,sandyut,2026-01-29,Thursday,48.0,2026-01-29T22:40:29
spanishforkut,spanishforkut,2026-01-29,Thursday,32.0,2026-01-29T23:36:48
stgeorgeut,stgeorgeut,2026-01-29,Thursday,12.5,2026-01-29T23:36:48
st-george-ut-river-rd,st-george-ut-river-rd,2026-01-29,Thursday,21.0,2026-01-29T23:36:48
st-george-ut-sunset,st-george-ut-sunset,2026-01-29,Thursday,14.5,2026-01-29T23:01:12
lynchburg-va,lynchburg-va,2026-01-29,Thursday,0.0,2026-01-29T01:57:26
virginia-beach-va-courthouse,virginia-beach-va-courthouse,2026-01-29,Thursday,0.0,2026-01-29T01:57:26
birminghamal,birminghamal,2026-01-30,Friday,27.5,2026-01-30T23:43:36
huntsville-al-research-park,huntsville-al-research-park,2026-01-30,Friday,24.0,2026-01-30T22:22:32
chandleraz,chandleraz,2026-01-30,Friday,31.5,2026-01-30T23:59:27
southchandleraz,southchandleraz,2026-01-30,Friday,11.0,2026-01-30T21:37:34
gilbertaz,gilbertaz,2026-01-30,Friday,36.5,2026-01-30T23:43:36
glendaleaz,glendaleaz,2026-01-30,Friday,44.0,2026-01-30T21:54:00
goodyear-az,goodyear-az,2026-01-30,Friday,0.0,2026-01-30T02:10:57
mesa-az-east,mesa-az-east,2026-01-30,Friday,17.5,2026-01-30T22:22:32
paradise-valley-az,paradise-valley-az,2026-01-30,Friday,52.0,2026-01-30T18:58:42
glendale-az-peoria,glendale-az-peoria,2026-01-30,Friday,27.0,2026-01-30T23:59:27
scottsdaleaz,scottsdaleaz,2026-01-30,Friday,55.0,2026-01-30T22:22:32
scottsdale-az-north,scottsdale-az-north,2026-01-30,Friday,0.0,2026-01-30T02:10:57
surpriseaz,surpriseaz,2026-01-30,Friday,60.5,2026-01-30T20:40:20
talkingstickaz,talkingstickaz,2026-01-30,Friday,0.0,2026-01-30T02:10:57
tempeaz,tempeaz,2026-01-30,Friday,19.0,2026-01-30T22:51:05
carlsbadca,carlsbadca,2026-01-30,Friday,18.5,2026-01-30T16:53:01
rancho-mirage-ca,rancho-mirage-ca,2026-01-30,Friday,0.0,2026-01-30T02:10:57
fort-collins-timnath-co,fort-collins-timnath-co,2026-01-30,Friday,0.0,2026-01-30T02:10:57
invernessco,invernessco,2026-01-30,Friday,30.5,2026-01-30T21:37:34
littleton-co,littleton-co,2026-01-30,Friday,22.0,2026-01-30T21:37:34
loveland-co-johnstown,loveland-co-johnstown,2026-01-30,Friday,0.0,2026-01-30T02:10:57
colorado-springs-northgate,colorado-springs-northgate,2026-01-30,Friday,44.5,2026-01-30T23:43:36
pueblowestco,pueblowestco,2026-01-30,Friday,44.5,2026-01-30T22:22:32
westminster-co,westminster-co,2026-01-30,Friday,0.0,2026-01-30T02:10:57
wilmingtonde,wilmingtonde,2026-01-30,Friday,55.0,2026-01-30T02:10:57
boca-raton-fl-west,boca-raton-fl-west,2026-01-30,Friday,0.0,2026-01-30T02:10:57
bradentonfl,bradentonfl,2026-01-30,Friday,16.0,2026-01-30T21:54:00
jacksonvillebeachfl,jacksonvillebeachfl,2026-01-30,Friday,25.5,2026-01-30T21:37:34
miramarbeach,miramarbeach,2026-01-30,Friday,33.5,2026-01-30T21:37:34
naplesfl,naplesfl,2026-01-30,Friday,26.0,2026-01-30T21:37:34
naples-fl-north,naples-fl-north,2026-01-30,Friday,16.0,2026-01-30T23:43:36
oldsmarfl,oldsmarfl,2026-01-30,Friday,42.0,2026-01-30T21:54:00
orlando-fl-waterford-lakes,orlando-fl-waterford-lakes,2026-01-30,Friday,0.0,2026-01-30T02:10:57
ponte-vedra-fl,ponte-vedra-fl,2026-01-30,Friday,27.0,2026-01-30T18:58:42
port-charlotte-fl,port-charlotte-fl,2026-01-30,Friday,20.5,2026-01-30T23:16:12
spring-hill-fl,spring-hill-fl,2026-01-30,Friday,30.5,2026-01-30T20:40:20
alpharetta-ga,alpharetta-ga,2026-01-30,Friday,13.0,2026-01-30T22:22:32
westmidtownga,westmidtownga,2026-01-30,Friday,52.0,2026-01-30T21:01:59
augustaga,augustaga,2026-01-30,Friday,44.5,2026-01-30T15:25:19
braseltonga,braseltonga,2026-01-30,Friday,59.0,2026-01-30T19:39:05
dacula-ga,dacula-ga,2026-01-30,Friday,32.5,2026-01-30T21:54:00
mcdonoughga,mcdonoughga,2026-01-30,Friday,27.5,2026-01-30T23:59:27
warnerrobinsga,warnerrobinsga,2026-01-30,Friday,46.5,2026-01-30T18:58:42
woodstock-ga,woodstock-ga,2026-01-30,Friday,0.0,2026-01-30T02:10:57
ankeny-ia,ankeny-ia,2026-01-30,Friday,29.5,2026-01-30T22:51:05
des-moines-ia-downtown,des-moines-ia-downtown,2026-01-30,Friday,12.0,2026-01-30T23:16:12
des-moines-waukee-ia,des-moines-waukee-ia,2026-01-30,Friday,16.5,2026-01-30T22:51:05
boise-id,boise-id,2026-01-30,Friday,41.0,2026-01-30T06:08:10
meridian-id,meridian-id,2026-01-30,Friday,39.5,2026-01-30T07:52:55
carmelin,carmelin,2026-01-30,Friday,47.5,2026-01-30T18:58:42
fishers-in,fishers-in,2026-01-30,Friday,49.0,2026-01-30T14:51:37
kansas-city-leawood,kansas-city-leawood,2026-01-30,Friday,47.0,2026-01-30T22:22:32
overlandparkks,overlandparkks,2026-01-30,Friday,46.0,2026-01-30T16:53:01
ascension-la,ascension-la,2026-01-30,Friday,9.0,2026-01-30T20:40:20
baton-rouge-st-george,baton-rouge-st-george,2026-01-30,Friday,20.5,2026-01-30T20:40:20
shreveport-la-south,shreveport-la-south,2026-01-30,Friday,45.5,2026-01-30T21:37:34
maynardma,maynardma,2026-01-30,Friday,37.0,2026-01-30T23:43:36
southborough-ma,southborough-ma,2026-01-30,Friday,61.5,2026-01-30T22:22:32
crofton-md,crofton-md,2026-01-30,Friday,0.0,2026-01-30T02:10:57
towson-baltimore-md,towson-baltimore-md,2026-01-30,Friday,57.0,2026-01-30T23:43:36
white-marsh-baltimore-md,white-marsh-baltimore-md,2026-01-30,Friday,0.0,2026-01-30T02:10:57
clarkstonmi,clarkstonmi,2026-01-30,Friday,37.0,2026-01-30T15:25:19
farmington-mi,farmington-mi,2026-01-30,Friday,34.0,2026-01-30T21:01:59
grand-blanc-mi,grand-blanc-mi,2026-01-30,Friday,36.5,2026-01-30T21:01:59
lansing-mi,lansing-mi,2026-01-30,Friday,54.5,2026-01-30T16:53:01
livonia-mi,livonia-mi,2026-01-30,Friday,45.0,2026-01-30T06:08:10
novi-mi,novi-mi,2026-01-30,Friday,0.0,2026-01-30T02:10:57
rochester-hills-mi,rochester-hills-mi,2026-01-30,Friday,42.5,2026-01-30T13:15:29
troy-mi,troy-mi,2026-01-30,Friday,39.0,2026-01-30T18:58:42
west-bloomfield-mi,west-bloomfield-mi,2026-01-30,Friday,0.0,2026-01-30T02:10:57
st-louis-crestwood-mo,st-louis-crestwood-mo,2026-01-30,Friday,41.0,2026-01-30T22:22:32
liberty-mo,liberty-mo,2026-01-30,Friday,7.0,2026-01-30T15:25:19
rollamo,rollamo,2026-01-30,Friday,32.0,2026-01-30T23:43:36
bozemanmt,bozemanmt,2026-01-30,Friday,55.0,2026-01-30T23:43:36
chapel-hill-nc,chapel-hill-nc,2026-01-30,Friday,38.5,2026-01-30T23:43:36
raleigh-nc-north,raleigh-nc-north,2026-01-30,Friday,25.0,2026-01-30T21:54:00
lincoln-ne-south,lincoln-ne-south,2026-01-30,Friday,43.5,2026-01-30T20:40:20
omahane,omahane,2026-01-30,Friday,59.5,2026-01-30T17:29:13
papillionne,papillionne,2026-01-30,Friday,47.5,2026-01-30T04:18:01
howell-nj,howell-nj,2026-01-30,Friday,19.0,2026-01-30T22:51:05
pomptonplainsnj,pomptonplainsnj,2026-01-30,Friday,74.0,2026-01-30T23:43:36
princetonnj,princetonnj,2026-01-30,Friday,33.5,2026-01-30T22:51:05
toms-river-nj,toms-river-nj,2026-01-30,Friday,0.0,2026-01-30T02:10:57
lascruces-nm,lascruces-nm,2026-01-30,Friday,23.0,2026-01-30T21:01:59
hendersonnv,hendersonnv,2026-01-30,Friday,34.0,2026-01-30T23:16:12
mesquitenv,mesquitenv,2026-01-30,Friday,22.0,2026-01-30T22:22:32
southsummerlinnv,southsummerlinnv,2026-01-30,Friday,34.5,2026-01-30T18:58:42
summerlinlasvegasnv,summerlinlasvegasnv,2026-01-30,Friday,24.5,2026-01-30T18:58:42
bethpage-ny,bethpage-ny,2026-01-30,Friday,51.0,2026-01-30T21:37:34
fivetowns-ny,fivetowns-ny,2026-01-30,Friday,18.5,2026-01-30T19:58:44
brunswickoh,brunswickoh,2026-01-30,Friday,49.0,2026-01-30T17:29:13
chardonoh,chardonoh,2026-01-30,Friday,34.5,2026-01-30T22:22:32
columbus-upper-arlington-oh,columbus-upper-arlington-oh,2026-01-30,Friday,31.5,2026-01-30T23:16:12
north-canton-oh,north-canton-oh,2026-01-30,Friday,45.0,2026-01-30T17:29:13
woosteroh,woosteroh,2026-01-30,Friday,50.0,2026-01-30T15:58:42
jenks-ok,jenks-ok,2026-01-30,Friday,30.0,2026-01-30T23:43:36
tulsa-ok-southern-hills,tulsa-ok-southern-hills,2026-01-30,Friday,34.5,2026-01-30T23:43:36
clackamas-or,clackamas-or,2026-01-30,Friday,26.0,2026-01-30T23:43:36
eugeneor,eugeneor,2026-01-30,Friday,61.0,2026-01-30T19:39:05
salem-keizer-or,salem-keizer-or,2026-01-30,Friday,47.0,2026-01-30T23:59:27
sherwoodor,sherwoodor,2026-01-30,Friday,35.0,2026-01-30T22:51:05
paoli-pa,paoli-pa,2026-01-30,Friday,39.5,2026-01-30T21:54:00
yardley-pa,yardley-pa,2026-01-30,Friday,34.0,2026-01-30T18:01:35
york-pa,york-pa,2026-01-30,Friday,53.0,2026-01-30T22:51:05
aikensc,aikensc,2026-01-30,Friday,43.5,2026-01-30T04:18:01
spartanburgsc,spartanburgsc,2026-01-30,Friday,56.5,2026-01-30T15:25:19
sioux-falls-sd-south,sioux-falls-sd-south,2026-01-30,Friday,49.5,2026-01-30T19:39:05
chattanoogatn,chattanoogatn,2026-01-30,Friday,48.5,2026-01-30T22:22:32
clarksvilletn,clarksvilletn,2026-01-30,Friday,73.0,2026-01-30T06:08:10
cleveland-tn,cleveland-tn,2026-01-30,Friday,0.0,2026-01-30T02:10:57
franklintn,franklintn,2026-01-30,Friday,35.5,2026-01-30T18:58:42
knoxvilletn,knoxvilletn,2026-01-30,Friday,71.0,2026-01-30T23:43:36
memphis-tn-collierville,memphis-tn-collierville,2026-01-30,Friday,43.0,2026-01-30T22:51:05
mt-juliet-tn,mt-juliet-tn,2026-01-30,Friday,39.5,2026-01-30T20:40:20
nashville-bellevue-tn,nashville-bellevue-tn,2026-01-30,Friday,12.5,2026-01-30T16:53:01
spring-hill-tn-north,spring-hill-tn-north,2026-01-30,Friday,42.0,2026-01-30T18:58:42
allen-tx,allen-tx,2026-01-30,Friday,0.0,2026-01-30T02:10:57
amarillo-tx,amarillo-tx,2026-01-30,Friday,0.0,2026-01-30T02:10:57
houston-atascocita-tx,houston-atascocita-tx,2026-01-30,Friday,33.5,2026-01-30T22:22:32
eastaustintx,eastaustintx,2026-01-30,Friday,43.5,2026-01-30T18:58:42
southwestaustintx,southwestaustintx,2026-01-30,Friday,30.0,2026-01-30T20:40:20
colleyville-tx,colleyville-tx,2026-01-30,Friday,38.0,2026-01-30T21:01:59
denton-tx,denton-tx,2026-01-30,Friday,38.0,2026-01-30T23:43:36
flowermoundtx,flowermoundtx,2026-01-30,Friday,60.5,2026-01-30T22:51:05
granburytx,granburytx,2026-01-30,Friday,27.0,2026-01-30T18:58:42
grand-prairie-tx,grand-prairie-tx,2026-01-30,Friday,36.0,2026-01-30T23:43:36
houstonheightstx,houstonheightstx,2026-01-30,Friday,46.0,2026-01-30T23:43:36
houston-memorial-tx,houston-memorial-tx,2026-01-30,Friday,45.0,2026-01-30T11:39:16
katy-tx,katy-tx,2026-01-30,Friday,41.0,2026-01-30T21:01:59
kellertx,kellertx,2026-01-30,Friday,37.5,2026-01-30T22:51:05
lubbock-tx,lubbock-tx,2026-01-30,Friday,0.0,2026-01-30T02:10:57
woodlands-houston-tx,woodlands-houston-tx,2026-01-30,Friday,36.0,2026-01-30T22:22:32
mckinney-tx,mckinney-tx,2026-01-30,Friday,18.0,2026-01-30T16:53:01
midlandtx,midlandtx,2026-01-30,Friday,62.5,2026-01-30T23:59:27
east-odessa-tx,east-odessa-tx,2026-01-30,Friday,0.0,2026-01-30T02:10:57
planowesttx,planowesttx,2026-01-30,Friday,31.0,2026-01-30T21:37:34
round-rock-tx,round-rock-tx,2026-01-30,Friday,0.0,2026-01-30T02:10:57
shenandoah-tx,shenandoah-tx,2026-01-30,Friday,0.0,2026-01-30T02:10:57
sherman-tx,sherman-tx,2026-01-30,Friday,37.5,2026-01-30T22:51:05
spring-tx,spring-tx,2026-01-30,Friday,14.5,2026-01-30T23:43:36
tylersouthtx,tylersouthtx,2026-01-30,Friday,67.0,2026-01-30T19:39:05
americanforkut,americanforkut,2026-01-30,Friday,60.0,2026-01-30T16:53:01
cedarcity,cedarcity,2026-01-30,Friday,32.0,2026-01-30T19:58:44
layton-ut,layton-ut,2026-01-30,Friday,25.5,2026-01-30T23:43:36
lehiut,lehiut,2026-01-30,Friday,43.5,2026-01-30T04:18:01
millcreekut,millcreekut,2026-01-30,Friday,18.0,2026-01-30T06:08:10
murrayut,murrayut,2026-01-30,Friday,33.0,2026-01-30T20:40:20
ogden-pleasant-view-ut,ogden-pleasant-view-ut,2026-01-30,Friday,34.5,2026-01-30T23:59:27
ogden-riverdale-ut,ogden-riverdale-ut,2026-01-30,Friday,13.0,2026-01-30T21:54:00
orem-ut,orem-ut,2026-01-30,Friday,47.5,2026-01-30T19:58:44
richfield,richfield,2026-01-30,Friday,13.0,2026-01-30T18:58:42
sandyut,sandyut,2026-01-30,Friday,48.0,2026-01-30T18:58:42
spanishforkut,spanishforkut,2026-01-30,Friday,38.0,2026-01-30T23:59:27
stgeorgeut,stgeorgeut,2026-01-30,Friday,18.5,2026-01-30T23:59:27
st-george-ut-river-rd,st-george-ut-river-rd,2026-01-30,Friday,19.5,2026-01-30T22:51:05
st-george-ut-sunset,st-george-ut-sunset,2026-01-30,Friday,13.5,2026-01-30T21:01:59
lynchburg-va,lynchburg-va,2026-01-30,Friday,0.0,2026-01-30T02:10:57
virginia-beach-va-courthouse,virginia-beach-va-courthouse,2026-01-30,Friday,0.0,2026-01-30T02:10:57
birminghamal,birminghamal,2026-01-31,Saturday,41.0,2026-01-31T21:49:29
huntsville-al-research-park,huntsville-al-research-park,2026-01-31,Saturday,35.5,2026-01-31T23:21:46
chandleraz,chandleraz,2026-01-31,Saturday,20.0,2026-01-31T20:25:44
southchandleraz,southchandleraz,2026-01-31,Saturday,16.5,2026-01-31T22:00:09
gilbertaz,gilbertaz,2026-01-31,Saturday,36.0,2026-01-31T23:21:46
glendaleaz,glendaleaz,2026-01-31,Saturday,32.5,2026-01-31T15:42:12
goodyear-az,goodyear-az,2026-01-31,Saturday,0.0,2026-01-31T02:41:59
mesa-az-east,mesa-az-east,2026-01-31,Saturday,3.0,2026-01-31T23:56:41
paradise-valley-az,paradise-valley-az,2026-01-31,Saturday,96.0,2026-01-31T05:54:43
glendale-az-peoria,glendale-az-peoria,2026-01-31,Saturday,29.5,2026-01-31T22:54:49
scottsdaleaz,scottsdaleaz,2026-01-31,Saturday,49.5,2026-01-31T23:21:46
scottsdale-az-north,scottsdale-az-north,2026-01-31,Saturday,0.0,2026-01-31T02:41:59
surpriseaz,surpriseaz,2026-01-31,Saturday,20.0,2026-01-31T22:00:09
talkingstickaz,talkingstickaz,2026-01-31,Saturday,0.0,2026-01-31T02:41:59
tempeaz,tempeaz,2026-01-31,Saturday,17.0,2026-01-31T23:42:28
carlsbadca,carlsbadca,2026-01-31,Saturday,19.0,2026-01-31T23:42:28
rancho-mirage-ca,rancho-mirage-ca,2026-01-31,Saturday,0.0,2026-01-31T02:41:59
fort-collins-timnath-co,fort-collins-timnath-co,2026-01-31,Saturday,0.0,2026-01-31T02:41:59
invernessco,invernessco,2026-01-31,Saturday,29.0,2026-01-31T19:26:19
littleton-co,littleton-co,2026-01-31,Saturday,29.5,2026-01-31T23:42:28
loveland-co-johnstown,loveland-co-johnstown,2026-01-31,Saturday,0.0,2026-01-31T02:41:59
colorado-springs-northgate,colorado-springs-northgate,2026-01-31,Saturday,40.5,2026-01-31T23:42:28
pueblowestco,pueblowestco,2026-01-31,Saturday,39.0,2026-01-31T21:31:59
westminster-co,westminster-co,2026-01-31,Saturday,0.0,2026-01-31T02:41:59
wilmingtonde,wilmingtonde,2026-01-31,Saturday,53.5,2026-01-31T17:34:42
boca-raton-fl-west,boca-raton-fl-west,2026-01-31,Saturday,0.0,2026-01-31T02:41:59
bradentonfl,bradentonfl,2026-01-31,Saturday,45.0,2026-01-31T22:34:22
jacksonvillebeachfl,jacksonvillebeachfl,2026-01-31,Saturday,37.5,2026-01-31T23:21:46
miramarbeach,miramarbeach,2026-01-31,Saturday,36.0,2026-01-31T21:31:59
naplesfl,naplesfl,2026-01-31,Saturday,46.0,2026-01-31T22:54:49
naples-fl-north,naples-fl-north,2026-01-31,Saturday,18.0,2026-01-31T22:00:09
oldsmarfl,oldsmarfl,2026-01-31,Saturday,43.5,2026-01-31T17:53:41
orlando-fl-waterford-lakes,orlando-fl-waterford-lakes,2026-01-31,Saturday,0.0,2026-01-31T02:41:59
ponte-vedra-fl,ponte-vedra-fl,2026-01-31,Saturday,35.0,2026-01-31T22:34:22
port-charlotte-fl,port-charlotte-fl,2026-01-31,Saturday,31.5,2026-01-31T22:34:22
spring-hill-fl,spring-hill-fl,2026-01-31,Saturday,42.5,2026-01-31T20:25:44
alpharetta-ga,alpharetta-ga,2026-01-31,Saturday,23.0,2026-01-31T14:51:55
westmidtownga,westmidtownga,2026-01-31,Saturday,37.5,2026-01-31T23:42:28
augustaga,augustaga,2026-01-31,Saturday,40.0,2026-01-31T21:00:40
braseltonga,braseltonga,2026-01-31,Saturday,53.0,2026-01-31T07:57:56
dacula-ga,dacula-ga,2026-01-31,Saturday,36.5,2026-01-31T11:52:12
mcdonoughga,mcdonoughga,2026-01-31,Saturday,36.0,2026-01-31T13:56:18
warnerrobinsga,warnerrobinsga,2026-01-31,Saturday,48.0,2026-01-31T17:53:41
woodstock-ga,woodstock-ga,2026-01-31,Saturday,0.0,2026-01-31T02:41:59
ankeny-ia,ankeny-ia,2026-01-31,Saturday,32.5,2026-01-31T22:00:09
des-moines-ia-downtown,des-moines-ia-downtown,2026-01-31,Saturday,23.0,2026-01-31T23:21:46
des-moines-waukee-ia,des-moines-waukee-ia,2026-01-31,Saturday,32.0,2026-01-31T18:27:27
boise-id,boise-id,2026-01-31,Saturday,49.5,2026-01-31T22:54:49
meridian-id,meridian-id,2026-01-31,Saturday,39.5,2026-01-31T22:54:49
carmelin,carmelin,2026-01-31,Saturday,44.0,2026-01-31T20:25:44
fishers-in,fishers-in,2026-01-31,Saturday,55.5,2026-01-31T22:34:22
kansas-city-leawood,kansas-city-leawood,2026-01-31,Saturday,52.0,2026-01-31T17:53:41
overlandparkks,overlandparkks,2026-01-31,Saturday,51.0,2026-01-31T14:51:55
ascension-la,ascension-la,2026-01-31,Saturday,10.0,2026-01-31T19:43:22
baton-rouge-st-george,baton-rouge-st-george,2026-01-31,Saturday,27.0,2026-01-31T23:56:41
shreveport-la-south,shreveport-la-south,2026-01-31,Saturday,48.0,2026-01-31T09:38:04
maynardma,maynardma,2026-01-31,Saturday,44.0,2026-01-31T23:21:46
southborough-ma,southborough-ma,2026-01-31,Saturday,63.0,2026-01-31T17:01:04
crofton-md,crofton-md,2026-01-31,Saturday,0.0,2026-01-31T02:41:59
towson-baltimore-md,towson-baltimore-md,2026-01-31,Saturday,48.0,2026-01-31T20:25:44
white-marsh-baltimore-md,white-marsh-baltimore-md,2026-01-31,Saturday,0.0,2026-01-31T02:41:59
clarkstonmi,clarkstonmi,2026-01-31,Saturday,30.0,2026-01-31T18:27:27
farmington-mi,farmington-mi,2026-01-31,Saturday,44.5,2026-01-31T21:31:59
grand-blanc-mi,grand-blanc-mi,2026-01-31,Saturday,40.0,2026-01-31T19:54:49
lansing-mi,lansing-mi,2026-01-31,Saturday,52.0,2026-01-31T20:49:27
livonia-mi,livonia-mi,2026-01-31,Saturday,51.0,2026-01-31T07:43:47
novi-mi,novi-mi,2026-01-31,Saturday,0.0,2026-01-31T02:41:59
rochester-hills-mi,rochester-hills-mi,2026-01-31,Saturday,42.5,2026-01-31T20:49:27
troy-mi,troy-mi,2026-01-31,Saturday,44.5,2026-01-31T23:21:46
west-bloomfield-mi,west-bloomfield-mi,2026-01-31,Saturday,0.0,2026-01-31T02:41:59
st-louis-crestwood-mo,st-louis-crestwood-mo,2026-01-31,Saturday,33.0,2026-01-31T23:21:46
liberty-mo,liberty-mo,2026-01-31,Saturday,0.0,2026-01-31T02:41:59
rollamo,rollamo,2026-01-31,Saturday,42.5,2026-01-31T23:42:28
bozemanmt,bozemanmt,2026-01-31,Saturday,61.5,2026-01-31T15:58:16
chapel-hill-nc,chapel-hill-nc,2026-01-31,Saturday,27.0,2026-01-31T17:34:42
raleigh-nc-north,raleigh-nc-north,2026-01-31,Saturday,27.0,2026-01-31T20:25:44
lincoln-ne-south,lincoln-ne-south,2026-01-31,Saturday,52.0,2026-01-31T20:25:44
omahane,omahane,2026-01-31,Saturday,64.0,2026-01-31T23:42:28
papillionne,papillionne,2026-01-31,Saturday,54.5,2026-01-31T04:18:49
howell-nj,howell-nj,2026-01-31,Saturday,20.0,2026-01-31T21:31:59
pomptonplainsnj,pomptonplainsnj,2026-01-31,Saturday,81.5,2026-01-31T20:49:27
princetonnj,princetonnj,2026-01-31,Saturday,41.5,2026-01-31T23:56:41
toms-river-nj,toms-river-nj,2026-01-31,Saturday,0.0,2026-01-31T02:41:59
lascruces-nm,lascruces-nm,2026-01-31,Saturday,24.0,2026-01-31T23:42:28
hendersonnv,hendersonnv,2026-01-31,Saturday,40.0,2026-01-31T22:34:22
mesquitenv,mesquitenv,2026-01-31,Saturday,28.0,2026-01-31T21:49:29
southsummerlinnv,southsummerlinnv,2026-01-31,Saturday,32.0,2026-01-31T21:00:40
summerlinlasvegasnv,summerlinlasvegasnv,2026-01-31,Saturday,27.0,2026-01-31T22:54:49
bethpage-ny,bethpage-ny,2026-01-31,Saturday,51.0,2026-01-31T04:18:49
fivetowns-ny,fivetowns-ny,2026-01-31,Saturday,17.5,2026-01-31T13:25:17
brunswickoh,brunswickoh,2026-01-31,Saturday,51.5,2026-01-31T02:41:59
chardonoh,chardonoh,2026-01-31,Saturday,42.5,2026-01-31T19:43:22
columbus-upper-arlington-oh,columbus-upper-arlington-oh,2026-01-31,Saturday,57.0,2026-01-31T21:49:29
north-canton-oh,north-canton-oh,2026-01-31,Saturday,52.5,2026-01-31T13:56:18
woosteroh,woosteroh,2026-01-31,Saturday,52.0,2026-01-31T19:26:19
jenks-ok,jenks-ok,2026-01-31,Saturday,30.0,2026-01-31T22:54:49
tulsa-ok-southern-hills,tulsa-ok-southern-hills,2026-01-31,Saturday,33.0,2026-01-31T22:34:22
clackamas-or,clackamas-or,2026-01-31,Saturday,30.0,2026-01-31T20:25:44
eugeneor,eugeneor,2026-01-31,Saturday,55.0,2026-01-31T20:25:44
salem-keizer-or,salem-keizer-or,2026-01-31,Saturday,55.0,2026-01-31T21:00:40
sherwoodor,sherwoodor,2026-01-31,Saturday,43.0,2026-01-31T23:42:28
paoli-pa,paoli-pa,2026-01-31,Saturday,42.0,2026-01-31T15:42:12
yardley-pa,yardley-pa,2026-01-31,Saturday,43.0,2026-01-31T19:26:19
york-pa,york-pa,2026-01-31,Saturday,61.5,2026-01-31T21:31:59
aikensc,aikensc,2026-01-31,Saturday,54.5,2026-01-31T07:16:31
spartanburgsc,spartanburgsc,2026-01-31,Saturday,41.0,2026-01-31T06:38:47
sioux-falls-sd-south,sioux-falls-sd-south,2026-01-31,Saturday,55.5,2026-01-31T22:34:22
chattanoogatn,chattanoogatn,2026-01-31,Saturday,51.5,2026-01-31T02:41:59
clarksvilletn,clarksvilletn,2026-01-31,Saturday,78.5,2026-01-31T14:51:55
cleveland-tn,cleveland-tn,2026-01-31,Saturday,0.0,2026-01-31T02:41:59
franklintn,franklintn,2026-01-31,Saturday,40.5,2026-01-31T23:21:46
knoxvilletn,knoxvilletn,2026-01-31,Saturday,59.0,2026-01-31T11:37:29
memphis-tn-collierville,memphis-tn-collierville,2026-01-31,Saturday,39.0,2026-01-31T21:31:59
mt-juliet-tn,mt-juliet-tn,2026-01-31,Saturday,49.5,2026-01-31T22:54:49
nashville-bellevue-tn,nashville-bellevue-tn,2026-01-31,Saturday,23.0,2026-01-31T22:54:49
spring-hill-tn-north,spring-hill-tn-north,2026-01-31,Saturday,59.5,2026-01-31T20:25:44
allen-tx,allen-tx,2026-01-31,Saturday,0.0,2026-01-31T02:41:59
amarillo-tx,amarillo-tx,2026-01-31,Saturday,0.0,2026-01-31T02:41:59
houston-atascocita-tx,houston-atascocita-tx,2026-01-31,Saturday,44.5,2026-01-31T22:00:09
eastaustintx,eastaustintx,2026-01-31,Saturday,78.0,2026-01-31T14:28:04
southwestaustintx,southwestaustintx,2026-01-31,Saturday,40.0,2026-01-31T23:42:28
colleyville-tx,colleyville-tx,2026-01-31,Saturday,45.0,2026-01-31T23:56:41
denton-tx,denton-tx,2026-01-31,Saturday,40.5,2026-01-31T22:34:22
flowermoundtx,flowermoundtx,2026-01-31,Saturday,66.5,2026-01-31T18:27:27
granburytx,granburytx,2026-01-31,Saturday,35.5,2026-01-31T22:34:22
grand-prairie-tx,grand-prairie-tx,2026-01-31,Saturday,37.0,2026-01-31T22:34:22
houstonheightstx,houstonheightstx,2026-01-31,Saturday,51.5,2026-01-31T20:49:27
houston-memorial-tx,houston-memorial-tx,2026-01-31,Saturday,49.5,2026-01-31T19:26:19
katy-tx,katy-tx,2026-01-31,Saturday,45.5,2026-01-31T21:00:40
kellertx,kellertx,2026-01-31,Saturday,49.5,2026-01-31T23:56:41
lubbock-tx,lubbock-tx,2026-01-31,Saturday,0.0,2026-01-31T02:41:59
woodlands-houston-tx,woodlands-houston-tx,2026-01-31,Saturday,39.0,2026-01-31T23:56:41
mckinney-tx,mckinney-tx,2026-01-31,Saturday,25.0,2026-01-31T17:53:41
midlandtx,midlandtx,2026-01-31,Saturday,65.5,2026-01-31T20:25:44
east-odessa-tx,east-odessa-tx,2026-01-31,Saturday,0.0,2026-01-31T02:41:59
planowesttx,planowesttx,2026-01-31,Saturday,43.5,2026-01-31T19:26:19
round-rock-tx,round-rock-tx,2026-01-31,Saturday,0.0,2026-01-31T02:41:59
shenandoah-tx,shenandoah-tx,2026-01-31,Saturday,0.0,2026-01-31T02:41:59
sherman-tx,sherman-tx,2026-01-31,Saturday,45.5,2026-01-31T22:34:22
spring-tx,spring-tx,2026-01-31,Saturday,32.0,2026-01-31T22:00:09
tylersouthtx,tylersouthtx,2026-01-31,Saturday,63.5,2026-01-31T17:53:41
americanforkut,americanforkut,2026-01-31,Saturday,57.0,2026-01-31T13:56:18
cedarcity,cedarcity,2026-01-31,Saturday,33.5,2026-01-31T23:56:41
layton-ut,layton-ut,2026-01-31,Saturday,28.0,2026-01-31T22:54:49
lehiut,lehiut,2026-01-31,Saturday,49.0,2026-01-31T20:25:44
millcreekut,millcreekut,2026-01-31,Saturday,17.5,2026-01-31T04:18:49
murrayut,murrayut,2026-01-31,Saturday,27.0,2026-01-31T23:56:41
ogden-pleasant-view-ut,ogden-pleasant-view-ut,2026-01-31,Saturday,38.5,2026-01-31T18:27:27
ogden-riverdale-ut,ogden-riverdale-ut,2026-01-31,Saturday,21.5,2026-01-31T23:42:28
orem-ut,orem-ut,2026-01-31,Saturday,56.5,2026-01-31T21:49:29
richfield,richfield,2026-01-31,Saturday,8.0,2026-01-31T23:21:46
sandyut,sandyut,2026-01-31,Saturday,46.0,2026-01-31T17:34:42
spanishforkut,spanishforkut,2026-01-31,Saturday,43.5,2026-01-31T23:56:41
stgeorgeut,stgeorgeut,2026-01-31,Saturday,18.5,2026-01-31T22:54:49
st-george-ut-river-rd,st-george-ut-river-rd,2026-01-31,Saturday,27.0,2026-01-31T20:49:27
st-george-ut-sunset,st-george-ut-sunset,2026-01-31,Saturday,18.0,2026-01-31T22:34:22
lynchburg-va,lynchburg-va,2026-01-31,Saturday,0.0,2026-01-31T02:41:59
virginia-beach-va-courthouse,virginia-beach-va-courthouse,2026-01-31,Saturday,0.0,2026-01-31T02:41:59
birminghamal,birminghamal,2026-02-01,Sunday,38.5,2026-02-01T17:02:40
huntsville-al-research-park,huntsville-al-research-park,2026-02-01,Sunday,30.5,2026-02-01T23:55:21
chandleraz,chandleraz,2026-02-01,Sunday,17.5,2026-02-01T17:55:45
southchandleraz,southchandleraz,2026-02-01,Sunday,6.0,2026-02-01T21:51:51
gilbertaz,gilbertaz,2026-02-01,Sunday,39.5,2026-02-01T22:46:03
glendaleaz,glendaleaz,2026-02-01,Sunday,32.5,2026-02-01T21:34:07
goodyear-az,goodyear-az,2026-02-01,Sunday,0.0,2026-02-01T02:50:23
mesa-az-east,mesa-az-east,2026-02-01,Sunday,11.0,2026-02-01T19:04:45
paradise-valley-az,paradise-valley-az,2026-02-01,Sunday,21.0,2026-02-01T07:43:40
glendale-az-peoria,glendale-az-peoria,2026-02-01,Sunday,21.5,2026-02-01T23:36:03
scottsdaleaz,scottsdaleaz,2026-02-01,Sunday,40.0,2026-02-01T23:01:48
scottsdale-az-north,scottsdale-az-north,2026-02-01,Sunday,0.0,2026-02-01T02:50:23
surpriseaz,surpriseaz,2026-02-01,Sunday,30.0,2026-02-01T23:01:48
talkingstickaz,talkingstickaz,2026-02-01,Sunday,0.0,2026-02-01T02:50:23
tempeaz,tempeaz,2026-02-01,Sunday,17.0,2026-02-01T23:55:21
carlsbadca,carlsbadca,2026-02-01,Sunday,17.5,2026-02-01T21:34:07
rancho-mirage-ca,rancho-mirage-ca,2026-02-01,Sunday,0.0,2026-02-01T02:50:23
fort-collins-timnath-co,fort-collins-timnath-co,2026-02-01,Sunday,0.0,2026-02-01T02:50:23
invernessco,invernessco,2026-02-01,Sunday,33.5,2026-02-01T23:55:21
littleton-co,littleton-co,2026-02-01,Sunday,18.5,2026-02-01T22:46:03
loveland-co-johnstown,loveland-co-johnstown,2026-02-01,Sunday,0.0,2026-02-01T02:50:23
colorado-springs-northgate,colorado-springs-northgate,2026-02-01,Sunday,28.5,2026-02-01T18:38:11
pueblowestco,pueblowestco,2026-02-01,Sunday,32.0,2026-02-01T23:01:48
westminster-co,westminster-co,2026-02-01,Sunday,0.0,2026-02-01T02:50:23
wilmingtonde,wilmingtonde,2026-02-01,Sunday,53.0,2026-02-01T17:55:45
boca-raton-fl-west,boca-raton-fl-west,2026-02-01,Sunday,0.0,2026-02-01T02:50:23
bradentonfl,bradentonfl,2026-02-01,Sunday,37.5,2026-02-01T23:36:03
jacksonvillebeachfl,jacksonvillebeachfl,2026-02-01,Sunday,34.5,2026-02-01T23:55:21
miramarbeach,miramarbeach,2026-02-01,Sunday,45.5,2026-02-01T22:15:09
naplesfl,naplesfl,2026-02-01,Sunday,43.0,2026-02-01T23:01:48
naples-fl-north,naples-fl-north,2026-02-01,Sunday,18.0,2026-02-01T22:46:03
oldsmarfl,oldsmarfl,2026-02-01,Sunday,47.5,2026-02-01T22:15:09
orlando-fl-waterford-lakes,orlando-fl-waterford-lakes,2026-02-01,Sunday,0.0,2026-02-01T02:50:23
ponte-vedra-fl,ponte-vedra-fl,2026-02-01,Sunday,30.5,2026-02-01T21:34:07
port-charlotte-fl,port-charlotte-fl,2026-02-01,Sunday,42.5,2026-02-01T20:44:37
spring-hill-fl,spring-hill-fl,2026-02-01,Sunday,44.5,2026-02-01T23:55:21
alpharetta-ga,alpharetta-ga,2026-02-01,Sunday,24.5,2026-02-01T20:13:46
westmidtownga,westmidtownga,2026-02-01,Sunday,45.0,2026-02-01T20:13:46
augustaga,augustaga,2026-02-01,Sunday,44.0,2026-02-01T22:46:03
braseltonga,braseltonga,2026-02-01,Sunday,52.0,2026-02-01T22:46:03
dacula-ga,dacula-ga,2026-02-01,Sunday,32.5,2026-02-01T23:01:48
mcdonoughga,mcdonoughga,2026-02-01,Sunday,42.5,2026-02-01T19:34:46
warnerrobinsga,warnerrobinsga,2026-02-01,Sunday,44.0,2026-02-01T17:36:28
woodstock-ga,woodstock-ga,2026-02-01,Sunday,0.0,2026-02-01T02:50:23
ankeny-ia,ankeny-ia,2026-02-01,Sunday,31.0,2026-02-01T23:36:03
des-moines-ia-downtown,des-moines-ia-downtown,2026-02-01,Sunday,23.0,2026-02-01T23:01:48
des-moines-waukee-ia,des-moines-waukee-ia,2026-02-01,Sunday,23.0,2026-02-01T21:01:04
boise-id,boise-id,2026-02-01,Sunday,49.5,2026-02-01T17:36:28
meridian-id,meridian-id,2026-02-01,Sunday,41.5,2026-02-01T19:04:45
carmelin,carmelin,2026-02-01,Sunday,41.0,2026-02-01T15:59:29
fishers-in,fishers-in,2026-02-01,Sunday,51.5,2026-02-01T21:34:07
kansas-city-leawood,kansas-city-leawood,2026-02-01,Sunday,44.0,2026-02-01T19:34:46
overlandparkks,overlandparkks,2026-02-01,Sunday,49.0,2026-02-01T20:44:37
ascension-la,ascension-la,2026-02-01,Sunday,3.0,2026-02-01T15:41:57
baton-rouge-st-george,baton-rouge-st-george,2026-02-01,Sunday,25.5,2026-02-01T22:46:03
shreveport-la-south,shreveport-la-south,2026-02-01,Sunday,46.5,2026-02-01T22:46:03
maynardma,maynardma,2026-02-01,Sunday,44.0,2026-02-01T22:15:09
southborough-ma,southborough-ma,2026-02-01,Sunday,76.0,2026-02-01T16:41:06
crofton-md,crofton-md,2026-02-01,Sunday,0.0,2026-02-01T02:50:23
towson-baltimore-md,towson-baltimore-md,2026-02-01,Sunday,54.5,2026-02-01T22:46:03
white-marsh-baltimore-md,white-marsh-baltimore-md,2026-02-01,Sunday,0.0,2026-02-01T02:50:23
clarkstonmi,clarkstonmi,2026-02-01,Sunday,42.0,2026-02-01T23:55:21
farmington-mi,farmington-mi,2026-02-01,Sunday,39.0,2026-02-01T19:50:59
grand-blanc-mi,grand-blanc-mi,2026-02-01,Sunday,31.5,2026-02-01T19:50:59
lansing-mi,lansing-mi,2026-02-01,Sunday,54.0,2026-02-01T15:11:51
livonia-mi,livonia-mi,2026-02-01,Sunday,62.0,2026-02-01T13:52:35
novi-mi,novi-mi,2026-02-01,Sunday,0.0,2026-02-01T02:50:23
rochester-hills-mi,rochester-hills-mi,2026-02-01,Sunday,29.0,2026-02-01T23:36:03
troy-mi,troy-mi,2026-02-01,Sunday,35.0,2026-02-01T23:55:21
west-bloomfield-mi,west-bloomfield-mi,2026-02-01,Sunday,0.0,2026-02-01T02:50:23
st-louis-crestwood-mo,st-louis-crestwood-mo,2026-02-01,Sunday,36.0,2026-02-01T22:15:09
liberty-mo,liberty-mo,2026-02-01,Sunday,24.0,2026-02-01T23:36:03
rollamo,rollamo,2026-02-01,Sunday,39.5,2026-02-01T22:15:09
bozemanmt,bozemanmt,2026-02-01,Sunday,64.5,2026-02-01T23:01:48
chapel-hill-nc,chapel-hill-nc,2026-02-01,Sunday,31.0,2026-02-01T19:34:46
raleigh-nc-north,raleigh-nc-north,2026-02-01,Sunday,20.5,2026-02-01T21:51:51
lincoln-ne-south,lincoln-ne-south,2026-02-01,Sunday,47.0,2026-02-01T22:46:03
omahane,omahane,2026-02-01,Sunday,65.5,2026-02-01T21:51:51
papillionne,papillionne,2026-02-01,Sunday,52.0,2026-02-01T19:04:45
howell-nj,howell-nj,2026-02-01,Sunday,34.5,2026-02-01T23:55:21
pomptonplainsnj,pomptonplainsnj,2026-02-01,Sunday,88.5,2026-02-01T23:36:03
princetonnj,princetonnj,2026-02-01,Sunday,39.0,2026-02-01T23:55:21
toms-river-nj,toms-river-nj,2026-02-01,Sunday,0.0,2026-02-01T02:50:23
lascruces-nm,lascruces-nm,2026-02-01,Sunday,22.5,2026-02-01T23:55:21
hendersonnv,hendersonnv,2026-02-01,Sunday,26.0,2026-02-01T21:34:07
mesquitenv,mesquitenv,2026-02-01,Sunday,28.0,2026-02-01T22:15:09
southsummerlinnv,southsummerlinnv,2026-02-01,Sunday,23.5,2026-02-01T20:13:46
summerlinlasvegasnv,summerlinlasvegasnv,2026-02-01,Sunday,19.5,2026-02-01T21:34:07
bethpage-ny,bethpage-ny,2026-02-01,Sunday,53.5,2026-02-01T05:58:33
fivetowns-ny,fivetowns-ny,2026-02-01,Sunday,22.0,2026-02-01T19:04:45
brunswickoh,brunswickoh,2026-02-01,Sunday,62.5,2026-02-01T16:41:06
chardonoh,chardonoh,2026-02-01,Sunday,47.0,2026-02-01T20:13:46
columbus-upper-arlington-oh,columbus-upper-arlington-oh,2026-02-01,Sunday,42.0,2026-02-01T18:38:11
north-canton-oh,north-canton-oh,2026-02-01,Sunday,51.5,2026-02-01T22:15:09
woosteroh,woosteroh,2026-02-01,Sunday,46.5,2026-02-01T11:30:56
jenks-ok,jenks-ok,2026-02-01,Sunday,27.5,2026-02-01T21:34:07
tulsa-ok-southern-hills,tulsa-ok-southern-hills,2026-02-01,Sunday,29.5,2026-02-01T22:46:03
clackamas-or,clackamas-or,2026-02-01,Sunday,30.0,2026-02-01T19:04:45
eugeneor,eugeneor,2026-02-01,Sunday,55.0,2026-02-01T07:01:38
salem-keizer-or,salem-keizer-or,2026-02-01,Sunday,56.0,2026-02-01T23:01:48
sherwoodor,sherwoodor,2026-02-01,Sunday,38.5,2026-02-01T22:15:09
paoli-pa,paoli-pa,2026-02-01,Sunday,39.5,2026-02-01T22:46:03
yardley-pa,yardley-pa,2026-02-01,Sunday,41.5,2026-02-01T17:55:45
york-pa,york-pa,2026-02-01,Sunday,64.5,2026-02-01T22:46:03
aikensc,aikensc,2026-02-01,Sunday,47.0,2026-02-01T22:46:03
spartanburgsc,spartanburgsc,2026-02-01,Sunday,24.0,2026-02-01T02:50:23
sioux-falls-sd-south,sioux-falls-sd-south,2026-02-01,Sunday,48.0,2026-02-01T02:50:23
chattanoogatn,chattanoogatn,2026-02-01,Sunday,57.5,2026-02-01T23:55:21
clarksvilletn,clarksvilletn,2026-02-01,Sunday,78.0,2026-02-01T22:46:03
cleveland-tn,cleveland-tn,2026-02-01,Sunday,0.0,2026-02-01T02:50:23
franklintn,franklintn,2026-02-01,Sunday,36.5,2026-02-01T21:01:04
knoxvilletn,knoxvilletn,2026-02-01,Sunday,62.5,2026-02-01T23:36:03
memphis-tn-collierville,memphis-tn-collierville,2026-02-01,Sunday,38.0,2026-02-01T22:46:03
mt-juliet-tn,mt-juliet-tn,2026-02-01,Sunday,36.0,2026-02-01T22:46:03
nashville-bellevue-tn,nashville-bellevue-tn,2026-02-01,Sunday,20.5,2026-02-01T21:01:04
spring-hill-tn-north,spring-hill-tn-north,2026-02-01,Sunday,44.0,2026-02-01T19:04:45
allen-tx,allen-tx,2026-02-01,Sunday,0.0,2026-02-01T02:50:23
amarillo-tx,amarillo-tx,2026-02-01,Sunday,0.0,2026-02-01T02:50:23
houston-atascocita-tx,houston-atascocita-tx,2026-02-01,Sunday,42.5,2026-02-01T21:01:04
eastaustintx,eastaustintx,2026-02-01,Sunday,46.0,2026-02-01T10:59:44
southwestaustintx,southwestaustintx,2026-02-01,Sunday,31.5,2026-02-01T23:01:48
colleyville-tx,colleyville-tx,2026-02-01,Sunday,39.0,2026-02-01T20:13:46
denton-tx,denton-tx,2026-02-01,Sunday,43.5,2026-02-01T23:55:21
flowermoundtx,flowermoundtx,2026-02-01,Sunday,50.5,2026-02-01T21:34:07
granburytx,granburytx,2026-02-01,Sunday,20.0,2026-02-01T21:34:07
grand-prairie-tx,grand-prairie-tx,2026-02-01,Sunday,37.0,2026-02-01T22:46:03
houstonheightstx,houstonheightstx,2026-02-01,Sunday,45.5,2026-02-01T19:04:45
houston-memorial-tx,houston-memorial-tx,2026-02-01,Sunday,46.0,2026-02-01T23:01:48
katy-tx,katy-tx,2026-02-01,Sunday,44.5,2026-02-01T23:55:21
kellertx,kellertx,2026-02-01,Sunday,39.5,2026-02-01T20:44:37
lubbock-tx,lubbock-tx,2026-02-01,Sunday,0.0,2026-02-01T02:50:23
woodlands-houston-tx,woodlands-houston-tx,2026-02-01,Sunday,43.0,2026-02-01T22:15:09
mckinney-tx,mckinney-tx,2026-02-01,Sunday,18.5,2026-02-01T19:50:59
midlandtx,midlandtx,2026-02-01,Sunday,61.5,2026-02-01T07:43:40
east-odessa-tx,east-odessa-tx,2026-02-01,Sunday,0.0,2026-02-01T02:50:23
planowesttx,planowesttx,2026-02-01,Sunday,45.0,2026-02-01T17:36:28
round-rock-tx,round-rock-tx,2026-02-01,Sunday,0.0,2026-02-01T02:50:23
shenandoah-tx,shenandoah-tx,2026-02-01,Sunday,0.0,2026-02-01T02:50:23
sherman-tx,sherman-tx,2026-02-01,Sunday,32.0,2026-02-01T19:50:59
spring-tx,spring-tx,2026-02-01,Sunday,24.0,2026-02-01T22:46:03
tylersouthtx,tylersouthtx,2026-02-01,Sunday,65.5,2026-02-01T17:55:45
americanforkut,americanforkut,2026-02-01,Sunday,43.0,2026-02-01T04:54:13
cedarcity,cedarcity,2026-02-01,Sunday,25.0,2026-02-01T20:44:37
layton-ut,layton-ut,2026-02-01,Sunday,24.0,2026-02-01T22:15:09
lehiut,lehiut,2026-02-01,Sunday,39.5,2026-02-01T20:44:37
millcreekut,millcreekut,2026-02-01,Sunday,20.0,2026-02-01T22:15:09
murrayut,murrayut,2026-02-01,Sunday,13.0,2026-02-01T23:36:03
ogden-pleasant-view-ut,ogden-pleasant-view-ut,2026-02-01,Sunday,34.0,2026-02-01T23:55:21
ogden-riverdale-ut,ogden-riverdale-ut,2026-02-01,Sunday,12.0,2026-02-01T20:44:37
orem-ut,orem-ut,2026-02-01,Sunday,34.5,2026-02-01T23:01:48
richfield,richfield,2026-02-01,Sunday,5.5,2026-02-01T21:51:51
sandyut,sandyut,2026-02-01,Sunday,40.0,2026-02-01T22:46:03
spanishforkut,spanishforkut,2026-02-01,Sunday,31.5,2026-02-01T17:36:28
stgeorgeut,stgeorgeut,2026-02-01,Sunday,9.0,2026-02-01T22:46:03
st-george-ut-river-rd,st-george-ut-river-rd,2026-02-01,Sunday,22.0,2026-02-01T17:55:45
st-george-ut-sunset,st-george-ut-sunset,2026-02-01,Sunday,3.0,2026-02-01T17:02:40
lynchburg-va,lynchburg-va,2026-02-01,Sunday,0.0,2026-02-01T02:50:23
virginia-beach-va-courthouse,virginia-beach-va-courthouse,2026-02-01,Sunday,0.0,2026-02-01T02:50:23
birminghamal,birminghamal,2026-02-02,Monday,20.0,2026-02-02T23:08:00
huntsville-al-research-park,huntsville-al-research-park,2026-02-02,Monday,13.5,2026-02-02T23:08:00
chandleraz,chandleraz,2026-02-02,Monday,20.5,2026-02-02T23:08:00
southchandleraz,southchandleraz,2026-02-02,Monday,9.0,2026-02-02T23:08:00
gilbertaz,gilbertaz,2026-02-02,Monday,30.5,2026-02-02T23:08:00
glendaleaz,glendaleaz,2026-02-02,Monday,42.0,2026-02-02T23:08:00
goodyear-az,goodyear-az,2026-02-02,Monday,0.0,2026-02-02T02:22:30
mesa-az-east,mesa-az-east,2026-02-02,Monday,9.0,2026-02-02T23:56:14
paradise-valley-az,paradise-valley-az,2026-02-02,Monday,3.0,2026-02-02T02:22:30
glendale-az-peoria,glendale-az-peoria,2026-02-02,Monday,16.5,2026-02-02T23:56:14
scottsdaleaz,scottsdaleaz,2026-02-02,Monday,44.0,2026-02-02T23:33:00
scottsdale-az-north,scottsdale-az-north,2026-02-02,Monday,0.0,2026-02-02T02:22:30
surpriseaz,surpriseaz,2026-02-02,Monday,13.5,2026-02-02T23:08:00
talkingstickaz,talkingstickaz,2026-02-02,Monday,0.0,2026-02-02T02:22:30
tempeaz,tempeaz,2026-02-02,Monday,6.5,2026-02-02T23:08:00
carlsbadca,carlsbadca,2026-02-02,Monday,18.5,2026-02-02T23:56:14
rancho-mirage-ca,rancho-mirage-ca,2026-02-02,Monday,0.0,2026-02-02T02:22:30
fort-collins-timnath-co,fort-collins-timnath-co,2026-02-02,Monday,0.0,2026-02-02T02:22:30
invernessco,invernessco,2026-02-02,Monday,25.0,2026-02-02T23:33:00
littleton-co,littleton-co,2026-02-02,Monday,16.5,2026-02-02T23:08:00
loveland-co-johnstown,loveland-co-johnstown,2026-02-02,Monday,0.0,2026-02-02T02:22:30
colorado-springs-northgate,colorado-springs-northgate,2026-02-02,Monday,35.0,2026-02-02T23:08:00
pueblowestco,pueblowestco,2026-02-02,Monday,26.5,2026-02-02T23:56:14
westminster-co,westminster-co,2026-02-02,Monday,0.0,2026-02-02T02:22:30
wilmingtonde,wilmingtonde,2026-02-02,Monday,52.5,2026-02-02T23:08:00
boca-raton-fl-west,boca-raton-fl-west,2026-02-02,Monday,0.0,2026-02-02T02:22:30
bradentonfl,bradentonfl,2026-02-02,Monday,29.5,2026-02-02T23:08:00
jacksonvillebeachfl,jacksonvillebeachfl,2026-02-02,Monday,21.0,2026-02-02T23:08:00
miramarbeach,miramarbeach,2026-02-02,Monday,40.0,2026-02-02T23:08:00
naplesfl,naplesfl,2026-02-02,Monday,37.5,2026-02-02T23:08:00
naples-fl-north,naples-fl-north,2026-02-02,Monday,13.0,2026-02-02T23:08:00
oldsmarfl,oldsmarfl,2026-02-02,Monday,34.0,2026-02-02T17:12:06
orlando-fl-waterford-lakes,orlando-fl-waterford-lakes,2026-02-02,Monday,0.0,2026-02-02T02:22:30
ponte-vedra-fl,ponte-vedra-fl,2026-02-02,Monday,19.0,2026-02-02T23:08:00
port-charlotte-fl,port-charlotte-fl,2026-02-02,Monday,31.0,2026-02-02T23:08:00
spring-hill-fl,spring-hill-fl,2026-02-02,Monday,24.5,2026-02-02T23:08:00
alpharetta-ga,alpharetta-ga,2026-02-02,Monday,14.5,2026-02-02T23:56:14
westmidtownga,westmidtownga,2026-02-02,Monday,30.0,2026-02-02T23:08:00
augustaga,augustaga,2026-02-02,Monday,43.0,2026-02-02T23:33:00
braseltonga,braseltonga,2026-02-02,Monday,57.0,2026-02-02T23:33:00
dacula-ga,dacula-ga,2026-02-02,Monday,28.0,2026-02-02T23:08:00
mcdonoughga,mcdonoughga,2026-02-02,Monday,20.5,2026-02-02T23:08:00
warnerrobinsga,warnerrobinsga,2026-02-02,Monday,34.5,2026-02-02T16:29:03
woodstock-ga,woodstock-ga,2026-02-02,Monday,0.0,2026-02-02T02:22:30
ankeny-ia,ankeny-ia,2026-02-02,Monday,12.5,2026-02-02T23:08:00
des-moines-ia-downtown,des-moines-ia-downtown,2026-02-02,Monday,13.0,2026-02-02T23:33:00
des-moines-waukee-ia,des-moines-waukee-ia,2026-02-02,Monday,12.0,2026-02-02T16:29:03
boise-id,boise-id,2026-02-02,Monday,43.5,2026-02-02T17:59:16
meridian-id,meridian-id,2026-02-02,Monday,32.0,2026-02-02T23:08:00
carmelin,carmelin,2026-02-02,Monday,35.0,2026-02-02T23:08:00
fishers-in,fishers-in,2026-02-02,Monday,43.0,2026-02-02T23:08:00
kansas-city-leawood,kansas-city-leawood,2026-02-02,Monday,30.0,2026-02-02T23:08:00
overlandparkks,overlandparkks,2026-02-02,Monday,40.0,2026-02-02T23:08:00
ascension-la,ascension-la,2026-02-02,Monday,8.0,2026-02-02T23:08:00
baton-rouge-st-george,baton-rouge-st-george,2026-02-02,Monday,17.5,2026-02-02T23:08:00
shreveport-la-south,shreveport-la-south,2026-02-02,Monday,33.5,2026-02-02T16:29:03
maynardma,maynardma,2026-02-02,Monday,29.5,2026-02-02T23:08:00
southborough-ma,southborough-ma,2026-02-02,Monday,50.0,2026-02-02T16:29:03
crofton-md,crofton-md,2026-02-02,Monday,0.0,2026-02-02T02:22:30
towson-baltimore-md,towson-baltimore-md,2026-02-02,Monday,46.0,2026-02-02T05:49:27
white-marsh-baltimore-md,white-marsh-baltimore-md,2026-02-02,Monday,0.0,2026-02-02T02:22:30
clarkstonmi,clarkstonmi,2026-02-02,Monday,26.0,2026-02-02T23:08:00
farmington-mi,farmington-mi,2026-02-02,Monday,22.5,2026-02-02T23:08:00
grand-blanc-mi,grand-blanc-mi,2026-02-02,Monday,29.5,2026-02-02T23:08:00
lansing-mi,lansing-mi,2026-02-02,Monday,45.0,2026-02-02T23:08:00
livonia-mi,livonia-mi,2026-02-02,Monday,47.5,2026-02-02T15:10:23
novi-mi,novi-mi,2026-02-02,Monday,0.0,2026-02-02T02:22:30
rochester-hills-mi,rochester-hills-mi,2026-02-02,Monday,28.5,2026-02-02T23:08:00
troy-mi,troy-mi,2026-02-02,Monday,28.0,2026-02-02T23:08:00
west-bloomfield-mi,west-bloomfield-mi,2026-02-02,Monday,0.0,2026-02-02T02:22:30
st-louis-crestwood-mo,st-louis-crestwood-mo,2026-02-02,Monday,27.0,2026-02-02T23:08:00
liberty-mo,liberty-mo,2026-02-02,Monday,13.0,2026-02-02T23:08:00
rollamo,rollamo,2026-02-02,Monday,29.5,2026-02-02T23:08:00
bozemanmt,bozemanmt,2026-02-02,Monday,48.0,2026-02-02T23:08:00
chapel-hill-nc,chapel-hill-nc,2026-02-02,Monday,35.5,2026-02-02T23:08:00
raleigh-nc-north,raleigh-nc-north,2026-02-02,Monday,15.0,2026-02-02T23:08:00
lincoln-ne-south,lincoln-ne-south,2026-02-02,Monday,28.0,2026-02-02T23:56:14
omahane,omahane,2026-02-02,Monday,55.0,2026-02-02T23:08:00
papillionne,papillionne,2026-02-02,Monday,38.0,2026-02-02T10:07:12
howell-nj,howell-nj,2026-02-02,Monday,15.0,2026-02-02T23:56:14
pomptonplainsnj,pomptonplainsnj,2026-02-02,Monday,46.5,2026-02-02T17:12:06
princetonnj,princetonnj,2026-02-02,Monday,29.5,2026-02-02T23:08:00
toms-river-nj,toms-river-nj,2026-02-02,Monday,0.0,2026-02-02T02:22:30
lascruces-nm,lascruces-nm,2026-02-02,Monday,32.0,2026-02-02T23:08:00
hendersonnv,hendersonnv,2026-02-02,Monday,40.0,2026-02-02T23:08:00
mesquitenv,mesquitenv,2026-02-02,Monday,23.5,2026-02-02T23:33:00
southsummerlinnv,southsummerlinnv,2026-02-02,Monday,28.5,2026-02-02T23:56:14
summerlinlasvegasnv,summerlinlasvegasnv,2026-02-02,Monday,23.5,2026-02-02T23:08:00
bethpage-ny,bethpage-ny,2026-02-02,Monday,49.0,2026-02-02T15:10:23
fivetowns-ny,fivetowns-ny,2026-02-02,Monday,17.5,2026-02-02T16:29:03
brunswickoh,brunswickoh,2026-02-02,Monday,51.5,2026-02-02T11:05:20
chardonoh,chardonoh,2026-02-02,Monday,19.5,2026-02-02T23:08:00
columbus-upper-arlington-oh,columbus-upper-arlington-oh,2026-02-02,Monday,26.5,2026-02-02T23:08:00
north-canton-oh,north-canton-oh,2026-02-02,Monday,39.0,2026-02-02T23:08:00
woosteroh,woosteroh,2026-02-02,Monday,34.0,2026-02-02T23:08:00
jenks-ok,jenks-ok,2026-02-02,Monday,19.0,2026-02-02T23:08:00
tulsa-ok-southern-hills,tulsa-ok-southern-hills,2026-02-02,Monday,34.5,2026-02-02T23:08:00
clackamas-or,clackamas-or,2026-02-02,Monday,18.0,2026-02-02T23:08:00
eugeneor,eugeneor,2026-02-02,Monday,48.0,2026-02-02T23:33:00
salem-keizer-or,salem-keizer-or,2026-02-02,Monday,39.0,2026-02-02T23:08:00
sherwoodor,sherwoodor,2026-02-02,Monday,23.0,2026-02-02T23:56:14
paoli-pa,paoli-pa,2026-02-02,Monday,33.5,2026-02-02T23:56:14
yardley-pa,yardley-pa,2026-02-02,Monday,39.0,2026-02-02T23:08:00
york-pa,york-pa,2026-02-02,Monday,43.0,2026-02-02T23:08:00
aikensc,aikensc,2026-02-02,Monday,47.5,2026-02-02T23:08:00
spartanburgsc,spartanburgsc,2026-02-02,Monday,38.0,2026-02-02T23:08:00
sioux-falls-sd-south,sioux-falls-sd-south,2026-02-02,Monday,37.5,2026-02-02T23:08:00
chattanoogatn,chattanoogatn,2026-02-02,Monday,48.5,2026-02-02T17:59:16
clarksvilletn,clarksvilletn,2026-02-02,Monday,61.5,2026-02-02T09:09:47
cleveland-tn,cleveland-tn,2026-02-02,Monday,0.0,2026-02-02T02:22:30
franklintn,franklintn,2026-02-02,Monday,34.0,2026-02-02T23:08:00
knoxvilletn,knoxvilletn,2026-02-02,Monday,63.0,2026-02-02T23:08:00
memphis-tn-collierville,memphis-tn-collierville,2026-02-02,Monday,23.0,2026-02-02T23:08:00
mt-juliet-tn,mt-juliet-tn,2026-02-02,Monday,29.5,2026-02-02T23:08:00
nashville-bellevue-tn,nashville-bellevue-tn,2026-02-02,Monday,10.0,2026-02-02T23:56:14
spring-hill-tn-north,spring-hill-tn-north,2026-02-02,Monday,48.0,2026-02-02T23:56:14
allen-tx,allen-tx,2026-02-02,Monday,0.0,2026-02-02T02:22:30
amarillo-tx,amarillo-tx,2026-02-02,Monday,0.0,2026-02-02T02:22:30
houston-atascocita-tx,houston-atascocita-tx,2026-02-02,Monday,34.0,2026-02-02T23:56:14
eastaustintx,eastaustintx,2026-02-02,Monday,32.5,2026-02-02T23:08:00
southwestaustintx,southwestaustintx,2026-02-02,Monday,13.5,2026-02-02T23:56:14
colleyville-tx,colleyville-tx,2026-02-02,Monday,30.0,2026-02-02T23:33:00
denton-tx,denton-tx,2026-02-02,Monday,23.5,2026-02-02T23:56:14
flowermoundtx,flowermoundtx,2026-02-02,Monday,49.0,2026-02-02T23:08:00
granburytx,granburytx,2026-02-02,Monday,16.0,2026-02-02T23:08:00
grand-prairie-tx,grand-prairie-tx,2026-02-02,Monday,12.0,2026-02-02T17:59:16
houstonheightstx,houstonheightstx,2026-02-02,Monday,36.5,2026-02-02T23:08:00
houston-memorial-tx,houston-memorial-tx,2026-02-02,Monday,42.5,2026-02-02T23:08:00
katy-tx,katy-tx,2026-02-02,Monday,24.5,2026-02-02T23:56:14
kellertx,kellertx,2026-02-02,Monday,29.0,2026-02-02T23:08:00
lubbock-tx,lubbock-tx,2026-02-02,Monday,0.0,2026-02-02T02:22:30
woodlands-houston-tx,woodlands-houston-tx,2026-02-02,Monday,21.5,2026-02-02T23:08:00
mckinney-tx,mckinney-tx,2026-02-02,Monday,6.5,2026-02-02T23:08:00
midlandtx,midlandtx,2026-02-02,Monday,48.5,2026-02-02T17:59:16
east-odessa-tx,east-odessa-tx,2026-02-02,Monday,0.0,2026-02-02T02:22:30
planowesttx,planowesttx,2026-02-02,Monday,30.0,2026-02-02T23:08:00
round-rock-tx,round-rock-tx,2026-02-02,Monday,0.0,2026-02-02T02:22:30
shenandoah-tx,shenandoah-tx,2026-02-02,Monday,0.0,2026-02-02T02:22:30
sherman-tx,sherman-tx,2026-02-02,Monday,32.5,2026-02-02T23:33:00
spring-tx,spring-tx,2026-02-02,Monday,13.5,2026-02-02T23:08:00
tylersouthtx,tylersouthtx,2026-02-02,Monday,56.5,2026-02-02T23:08:00
americanforkut,americanforkut,2026-02-02,Monday,47.0,2026-02-02T23:08:00
cedarcity,cedarcity,2026-02-02,Monday,23.0,2026-02-02T14:27:53
layton-ut,layton-ut,2026-02-02,Monday,13.0,2026-02-02T23:33:00
lehiut,lehiut,2026-02-02,Monday,35.5,2026-02-02T17:12:06
millcreekut,millcreekut,2026-02-02,Monday,18.5,2026-02-02T23:08:00
murrayut,murrayut,2026-02-02,Monday,20.5,2026-02-02T23:33:00
ogden-pleasant-view-ut,ogden-pleasant-view-ut,2026-02-02,Monday,24.5,2026-02-02T17:59:16
ogden-riverdale-ut,ogden-riverdale-ut,2026-02-02,Monday,4.0,2026-02-02T23:08:00
orem-ut,orem-ut,2026-02-02,Monday,31.5,2026-02-02T23:56:14
richfield,richfield,2026-02-02,Monday,7.0,2026-02-02T23:33:00
sandyut,sandyut,2026-02-02,Monday,37.5,2026-02-02T23:33:00
spanishforkut,spanishforkut,2026-02-02,Monday,24.0,2026-02-02T23:08:00
stgeorgeut,stgeorgeut,2026-02-02,Monday,18.0,2026-02-02T23:56:14
st-george-ut-river-rd,st-george-ut-river-rd,2026-02-02,Monday,21.0,2026-02-02T23:08:00
st-george-ut-sunset,st-george-ut-sunset,2026-02-02,Monday,7.5,2026-02-02T23:08:00
lynchburg-va,lynchburg-va,2026-02-02,Monday,0.0,2026-02-02T02:22:30
virginia-beach-va-courthouse,virginia-beach-va-courthouse,2026-02-02,Monday,0.0,2026-02-02T02:22:30
austin-tx-westlake,austin-tx-westlake,2026-02-02,Monday,0.0,2026-02-02T23:08:00
fulshear-tx,fulshear-tx,2026-02-02,Monday,0.0,2026-02-02T23:08:00
birminghamal,birminghamal,2026-02-03,Tuesday,27.5,2026-02-03T23:37:40
huntsville-al-research-park,huntsville-al-research-park,2026-02-03,Tuesday,12.5,2026-02-03T20:50:39
chandleraz,chandleraz,2026-02-03,Tuesday,28.5,2026-02-03T21:55:39
southchandleraz,southchandleraz,2026-02-03,Tuesday,17.5,2026-02-03T21:23:28
gilbertaz,gilbertaz,2026-02-03,Tuesday,38.5,2026-02-03T22:31:57
glendaleaz,glendaleaz,2026-02-03,Tuesday,43.5,2026-02-03T22:31:57
goodyear-az,goodyear-az,2026-02-03,Tuesday,0.0,2026-02-03T02:30:06
mesa-az-east,mesa-az-east,2026-02-03,Tuesday,5.5,2026-02-03T23:57:42
paradise-valley-az,paradise-valley-az,2026-02-03,Tuesday,26.5,2026-02-03T20:50:39
glendale-az-peoria,glendale-az-peoria,2026-02-03,Tuesday,13.0,2026-02-03T21:55:39
scottsdaleaz,scottsdaleaz,2026-02-03,Tuesday,41.5,2026-02-03T23:37:40
scottsdale-az-north,scottsdale-az-north,2026-02-03,Tuesday,0.0,2026-02-03T02:30:06
surpriseaz,surpriseaz,2026-02-03,Tuesday,5.0,2026-02-03T20:01:29
talkingstickaz,talkingstickaz,2026-02-03,Tuesday,0.0,2026-02-03T02:30:06
tempeaz,tempeaz,2026-02-03,Tuesday,15.0,2026-02-03T23:37:40
carlsbadca,carlsbadca,2026-02-03,Tuesday,16.0,2026-02-03T21:55:39
rancho-mirage-ca,rancho-mirage-ca,2026-02-03,Tuesday,0.0,2026-02-03T02:30:06
fort-collins-timnath-co,fort-collins-timnath-co,2026-02-03,Tuesday,0.0,2026-02-03T02:30:06
invernessco,invernessco,2026-02-03,Tuesday,21.5,2026-02-03T23:37:40
littleton-co,littleton-co,2026-02-03,Tuesday,18.5,2026-02-03T23:57:42
loveland-co-johnstown,loveland-co-johnstown,2026-02-03,Tuesday,0.0,2026-02-03T02:30:06
colorado-springs-northgate,colorado-springs-northgate,2026-02-03,Tuesday,29.0,2026-02-03T14:31:40
pueblowestco,pueblowestco,2026-02-03,Tuesday,29.0,2026-02-03T23:37:40
westminster-co,westminster-co,2026-02-03,Tuesday,0.0,2026-02-03T02:30:06
wilmingtonde,wilmingtonde,2026-02-03,Tuesday,51.5,2026-02-03T20:50:39
boca-raton-fl-west,boca-raton-fl-west,2026-02-03,Tuesday,2.5,2026-02-03T23:57:42
bradentonfl,bradentonfl,2026-02-03,Tuesday,23.0,2026-02-03T23:37:40
jacksonvillebeachfl,jacksonvillebeachfl,2026-02-03,Tuesday,30.0,2026-02-03T21:23:28
miramarbeach,miramarbeach,2026-02-03,Tuesday,36.5,2026-02-03T19:29:34
naplesfl,naplesfl,2026-02-03,Tuesday,36.5,2026-02-03T23:37:40
naples-fl-north,naples-fl-north,2026-02-03,Tuesday,12.0,2026-02-03T19:29:34
oldsmarfl,oldsmarfl,2026-02-03,Tuesday,38.5,2026-02-03T20:50:39
orlando-fl-waterford-lakes,orlando-fl-waterford-lakes,2026-02-03,Tuesday,0.0,2026-02-03T02:30:06
ponte-vedra-fl,ponte-vedra-fl,2026-02-03,Tuesday,17.0,2026-02-03T23:37:40
port-charlotte-fl,port-charlotte-fl,2026-02-03,Tuesday,33.0,2026-02-03T20:50:39
spring-hill-fl,spring-hill-fl,2026-02-03,Tuesday,27.5,2026-02-03T23:37:40
alpharetta-ga,alpharetta-ga,2026-02-03,Tuesday,15.5,2026-02-03T23:00:09
westmidtownga,westmidtownga,2026-02-03,Tuesday,29.0,2026-02-03T23:00:09
augustaga,augustaga,2026-02-03,Tuesday,40.0,2026-02-03T19:29:34
braseltonga,braseltonga,2026-02-03,Tuesday,45.0,2026-02-03T23:37:40
dacula-ga,dacula-ga,2026-02-03,Tuesday,30.0,2026-02-03T23:00:09
mcdonoughga,mcdonoughga,2026-02-03,Tuesday,14.5,2026-02-03T21:23:28
warnerrobinsga,warnerrobinsga,2026-02-03,Tuesday,34.5,2026-02-03T23:57:42
woodstock-ga,woodstock-ga,2026-02-03,Tuesday,0.0,2026-02-03T02:30:06
ankeny-ia,ankeny-ia,2026-02-03,Tuesday,17.5,2026-02-03T21:23:28
des-moines-ia-downtown,des-moines-ia-downtown,2026-02-03,Tuesday,10.5,2026-02-03T22:31:57
des-moines-waukee-ia,des-moines-waukee-ia,2026-02-03,Tuesday,12.0,2026-02-03T23:57:42
boise-id,boise-id,2026-02-03,Tuesday,39.0,2026-02-03T16:28:28
meridian-id,meridian-id,2026-02-03,Tuesday,27.5,2026-02-03T23:00:09
carmelin,carmelin,2026-02-03,Tuesday,45.5,2026-02-03T18:31:19
fishers-in,fishers-in,2026-02-03,Tuesday,42.5,2026-02-03T22:31:57
kansas-city-leawood,kansas-city-leawood,2026-02-03,Tuesday,26.0,2026-02-03T21:55:39
overlandparkks,overlandparkks,2026-02-03,Tuesday,42.0,2026-02-03T21:55:39
ascension-la,ascension-la,2026-02-03,Tuesday,1.0,2026-02-03T04:27:31
baton-rouge-st-george,baton-rouge-st-george,2026-02-03,Tuesday,19.5,2026-02-03T23:57:42
shreveport-la-south,shreveport-la-south,2026-02-03,Tuesday,34.5,2026-02-03T19:29:34
maynardma,maynardma,2026-02-03,Tuesday,21.5,2026-02-03T20:50:39
southborough-ma,southborough-ma,2026-02-03,Tuesday,49.0,2026-02-03T20:01:29
crofton-md,crofton-md,2026-02-03,Tuesday,0.0,2026-02-03T02:30:06
towson-baltimore-md,towson-baltimore-md,2026-02-03,Tuesday,37.0,2026-02-03T23:57:42
white-marsh-baltimore-md,white-marsh-baltimore-md,2026-02-03,Tuesday,0.0,2026-02-03T02:30:06
clarkstonmi,clarkstonmi,2026-02-03,Tuesday,27.5,2026-02-03T20:50:39
farmington-mi,farmington-mi,2026-02-03,Tuesday,38.0,2026-02-03T18:31:19
grand-blanc-mi,grand-blanc-mi,2026-02-03,Tuesday,23.0,2026-02-03T23:37:40
lansing-mi,lansing-mi,2026-02-03,Tuesday,39.0,2026-02-03T19:29:34
livonia-mi,livonia-mi,2026-02-03,Tuesday,42.0,2026-02-03T23:57:42
novi-mi,novi-mi,2026-02-03,Tuesday,0.0,2026-02-03T02:30:06
rochester-hills-mi,rochester-hills-mi,2026-02-03,Tuesday,36.5,2026-02-03T23:00:09
troy-mi,troy-mi,2026-02-03,Tuesday,29.0,2026-02-03T23:37:40
west-bloomfield-mi,west-bloomfield-mi,2026-02-03,Tuesday,0.0,2026-02-03T02:30:06
st-louis-crestwood-mo,st-louis-crestwood-mo,2026-02-03,Tuesday,30.0,2026-02-03T15:28:18
liberty-mo,liberty-mo,2026-02-03,Tuesday,24.5,2026-02-03T22:31:57
rollamo,rollamo,2026-02-03,Tuesday,16.5,2026-02-03T22:31:57
bozemanmt,bozemanmt,2026-02-03,Tuesday,50.0,2026-02-03T18:31:19
chapel-hill-nc,chapel-hill-nc,2026-02-03,Tuesday,37.5,2026-02-03T20:50:39
raleigh-nc-north,raleigh-nc-north,2026-02-03,Tuesday,15.5,2026-02-03T23:37:40
lincoln-ne-south,lincoln-ne-south,2026-02-03,Tuesday,44.5,2026-02-03T23:37:40
omahane,omahane,2026-02-03,Tuesday,52.5,2026-02-03T20:01:29
papillionne,papillionne,2026-02-03,Tuesday,43.5,2026-02-03T02:30:06
howell-nj,howell-nj,2026-02-03,Tuesday,16.5,2026-02-03T23:37:40
pomptonplainsnj,pomptonplainsnj,2026-02-03,Tuesday,79.0,2026-02-03T13:43:21
princetonnj,princetonnj,2026-02-03,Tuesday,25.5,2026-02-03T23:37:40
toms-river-nj,toms-river-nj,2026-02-03,Tuesday,0.0,2026-02-03T02:30:06
lascruces-nm,lascruces-nm,2026-02-03,Tuesday,22.0,2026-02-03T20:01:29
hendersonnv,hendersonnv,2026-02-03,Tuesday,31.0,2026-02-03T23:57:42
mesquitenv,mesquitenv,2026-02-03,Tuesday,24.0,2026-02-03T16:28:28
southsummerlinnv,southsummerlinnv,2026-02-03,Tuesday,33.5,2026-02-03T20:50:39
summerlinlasvegasnv,summerlinlasvegasnv,2026-02-03,Tuesday,24.0,2026-02-03T23:37:40
bethpage-ny,bethpage-ny,2026-02-03,Tuesday,52.0,2026-02-03T23:37:40
fivetowns-ny,fivetowns-ny,2026-02-03,Tuesday,17.0,2026-02-03T18:31:19
brunswickoh,brunswickoh,2026-02-03,Tuesday,53.5,2026-02-03T14:31:40
chardonoh,chardonoh,2026-02-03,Tuesday,34.5,2026-02-03T22:31:57
columbus-upper-arlington-oh,columbus-upper-arlington-oh,2026-02-03,Tuesday,21.0,2026-02-03T09:39:29
north-canton-oh,north-canton-oh,2026-02-03,Tuesday,35.5,2026-02-03T15:28:18
woosteroh,woosteroh,2026-02-03,Tuesday,40.5,2026-02-03T21:55:39
jenks-ok,jenks-ok,2026-02-03,Tuesday,13.0,2026-02-03T22:31:57
tulsa-ok-southern-hills,tulsa-ok-southern-hills,2026-02-03,Tuesday,20.5,2026-02-03T23:37:40
clackamas-or,clackamas-or,2026-02-03,Tuesday,27.5,2026-02-03T21:55:39
eugeneor,eugeneor,2026-02-03,Tuesday,39.5,2026-02-03T20:50:39
salem-keizer-or,salem-keizer-or,2026-02-03,Tuesday,40.0,2026-02-03T19:29:34
sherwoodor,sherwoodor,2026-02-03,Tuesday,30.0,2026-02-03T23:57:42
paoli-pa,paoli-pa,2026-02-03,Tuesday,32.0,2026-02-03T18:31:19
yardley-pa,yardley-pa,2026-02-03,Tuesday,24.0,2026-02-03T22:31:57
york-pa,york-pa,2026-02-03,Tuesday,43.5,2026-02-03T20:50:39
aikensc,aikensc,2026-02-03,Tuesday,52.5,2026-02-03T21:23:28
spartanburgsc,spartanburgsc,2026-02-03,Tuesday,51.0,2026-02-03T15:28:18
sioux-falls-sd-south,sioux-falls-sd-south,2026-02-03,Tuesday,39.0,2026-02-03T23:57:42
chattanoogatn,chattanoogatn,2026-02-03,Tuesday,47.0,2026-02-03T17:31:00
clarksvilletn,clarksvilletn,2026-02-03,Tuesday,67.0,2026-02-03T07:27:52
cleveland-tn,cleveland-tn,2026-02-03,Tuesday,0.0,2026-02-03T02:30:06
franklintn,franklintn,2026-02-03,Tuesday,21.0,2026-02-03T21:23:28
knoxvilletn,knoxvilletn,2026-02-03,Tuesday,71.0,2026-02-03T23:37:40
memphis-tn-collierville,memphis-tn-collierville,2026-02-03,Tuesday,32.5,2026-02-03T23:37:40
mt-juliet-tn,mt-juliet-tn,2026-02-03,Tuesday,26.0,2026-02-03T23:00:09
nashville-bellevue-tn,nashville-bellevue-tn,2026-02-03,Tuesday,12.0,2026-02-03T20:50:39
spring-hill-tn-north,spring-hill-tn-north,2026-02-03,Tuesday,37.5,2026-02-03T16:28:28
allen-tx,allen-tx,2026-02-03,Tuesday,0.0,2026-02-03T02:30:06
amarillo-tx,amarillo-tx,2026-02-03,Tuesday,0.0,2026-02-03T02:30:06
houston-atascocita-tx,houston-atascocita-tx,2026-02-03,Tuesday,40.0,2026-02-03T23:37:40
eastaustintx,eastaustintx,2026-02-03,Tuesday,37.5,2026-02-03T22:31:57
southwestaustintx,southwestaustintx,2026-02-03,Tuesday,20.5,2026-02-03T22:31:57
austin-tx-westlake,austin-tx-westlake,2026-02-03,Tuesday,0.0,2026-02-03T02:30:06
colleyville-tx,colleyville-tx,2026-02-03,Tuesday,23.5,2026-02-03T21:23:28
denton-tx,denton-tx,2026-02-03,Tuesday,21.5,2026-02-03T22:31:57
flowermoundtx,flowermoundtx,2026-02-03,Tuesday,33.5,2026-02-03T23:37:40
fulshear-tx,fulshear-tx,2026-02-03,Tuesday,0.0,2026-02-03T02:30:06
granburytx,granburytx,2026-02-03,Tuesday,15.5,2026-02-03T23:57:42
grand-prairie-tx,grand-prairie-tx,2026-02-03,Tuesday,19.5,2026-02-03T23:37:40
houstonheightstx,houstonheightstx,2026-02-03,Tuesday,41.5,2026-02-03T23:37:40
houston-memorial-tx,houston-memorial-tx,2026-02-03,Tuesday,38.0,2026-02-03T23:37:40
katy-tx,katy-tx,2026-02-03,Tuesday,32.0,2026-02-03T23:00:09
kellertx,kellertx,2026-02-03,Tuesday,23.0,2026-02-03T19:29:34
lubbock-tx,lubbock-tx,2026-02-03,Tuesday,0.0,2026-02-03T02:30:06
woodlands-houston-tx,woodlands-houston-tx,2026-02-03,Tuesday,34.5,2026-02-03T23:37:40
mckinney-tx,mckinney-tx,2026-02-03,Tuesday,10.5,2026-02-03T18:31:19
midlandtx,midlandtx,2026-02-03,Tuesday,51.5,2026-02-03T20:50:39
east-odessa-tx,east-odessa-tx,2026-02-03,Tuesday,0.0,2026-02-03T02:30:06
planowesttx,planowesttx,2026-02-03,Tuesday,29.5,2026-02-03T21:23:28
round-rock-tx,round-rock-tx,2026-02-03,Tuesday,0.0,2026-02-03T02:30:06
shenandoah-tx,shenandoah-tx,2026-02-03,Tuesday,0.0,2026-02-03T02:30:06
sherman-tx,sherman-tx,2026-02-03,Tuesday,31.5,2026-02-03T23:37:40
spring-tx,spring-tx,2026-02-03,Tuesday,3.0,2026-02-03T18:31:19
tylersouthtx,tylersouthtx,2026-02-03,Tuesday,47.0,2026-02-03T21:23:28
americanforkut,americanforkut,2026-02-03,Tuesday,45.0,2026-02-03T21:55:39
cedarcity,cedarcity,2026-02-03,Tuesday,32.5,2026-02-03T16:28:28
layton-ut,layton-ut,2026-02-03,Tuesday,17.0,2026-02-03T22:31:57
lehiut,lehiut,2026-02-03,Tuesday,38.5,2026-02-03T16:28:28
millcreekut,millcreekut,2026-02-03,Tuesday,13.5,2026-02-03T04:27:31
murrayut,murrayut,2026-02-03,Tuesday,20.0,2026-02-03T23:57:42
ogden-pleasant-view-ut,ogden-pleasant-view-ut,2026-02-03,Tuesday,26.5,2026-02-03T23:37:40
ogden-riverdale-ut,ogden-riverdale-ut,2026-02-03,Tuesday,11.0,2026-02-03T21:55:39
orem-ut,orem-ut,2026-02-03,Tuesday,41.5,2026-02-03T21:55:39
richfield,richfield,2026-02-03,Tuesday,6.5,2026-02-03T23:37:40
sandyut,sandyut,2026-02-03,Tuesday,40.0,2026-02-03T23:00:09
spanishforkut,spanishforkut,2026-02-03,Tuesday,28.0,2026-02-03T21:55:39
stgeorgeut,stgeorgeut,2026-02-03,Tuesday,11.0,2026-02-03T23:37:40
st-george-ut-river-rd,st-george-ut-river-rd,2026-02-03,Tuesday,13.0,2026-02-03T23:00:09
st-george-ut-sunset,st-george-ut-sunset,2026-02-03,Tuesday,15.5,2026-02-03T23:37:40
lynchburg-va,lynchburg-va,2026-02-03,Tuesday,0.0,2026-02-03T02:30:06
virginia-beach-va-courthouse,virginia-beach-va-courthouse,2026-02-03,Tuesday,0.0,2026-02-03T02:30:06
birminghamal,birminghamal,2026-02-04,Wednesday,31.0,2026-02-04T23:32:38
huntsville-al-research-park,huntsville-al-research-park,2026-02-04,Wednesday,13.0,2026-02-04T20:17:40
chandleraz,chandleraz,2026-02-04,Wednesday,29.0,2026-02-04T22:56:30
southchandleraz,southchandleraz,2026-02-04,Wednesday,20.0,2026-02-04T23:32:38
gilbertaz,gilbertaz,2026-02-04,Wednesday,45.5,2026-02-04T23:55:23
glendaleaz,glendaleaz,2026-02-04,Wednesday,38.0,2026-02-04T23:55:23
goodyear-az,goodyear-az,2026-02-04,Wednesday,0.0,2026-02-04T02:41:29
mesa-az-east,mesa-az-east,2026-02-04,Wednesday,9.0,2026-02-04T23:55:23
paradise-valley-az,paradise-valley-az,2026-02-04,Wednesday,11.0,2026-02-04T18:01:19
glendale-az-peoria,glendale-az-peoria,2026-02-04,Wednesday,21.0,2026-02-04T12:25:38
scottsdaleaz,scottsdaleaz,2026-02-04,Wednesday,41.0,2026-02-04T22:56:30
scottsdale-az-north,scottsdale-az-north,2026-02-04,Wednesday,0.0,2026-02-04T02:41:29
surpriseaz,surpriseaz,2026-02-04,Wednesday,13.5,2026-02-04T23:55:23
talkingstickaz,talkingstickaz,2026-02-04,Wednesday,0.0,2026-02-04T02:41:29
tempeaz,tempeaz,2026-02-04,Wednesday,13.0,2026-02-04T23:55:23
carlsbadca,carlsbadca,2026-02-04,Wednesday,19.0,2026-02-04T21:34:55
rancho-mirage-ca,rancho-mirage-ca,2026-02-04,Wednesday,0.0,2026-02-04T02:41:29
fort-collins-timnath-co,fort-collins-timnath-co,2026-02-04,Wednesday,0.0,2026-02-04T02:41:29
invernessco,invernessco,2026-02-04,Wednesday,31.5,2026-02-04T19:47:52
littleton-co,littleton-co,2026-02-04,Wednesday,23.5,2026-02-04T23:32:38
loveland-co-johnstown,loveland-co-johnstown,2026-02-04,Wednesday,0.0,2026-02-04T02:41:29
colorado-springs-northgate,colorado-springs-northgate,2026-02-04,Wednesday,32.5,2026-02-04T22:56:30
pueblowestco,pueblowestco,2026-02-04,Wednesday,25.0,2026-02-04T20:55:27
westminster-co,westminster-co,2026-02-04,Wednesday,0.0,2026-02-04T02:41:29
wilmingtonde,wilmingtonde,2026-02-04,Wednesday,54.0,2026-02-04T17:06:10
boca-raton-fl-west,boca-raton-fl-west,2026-02-04,Wednesday,0.0,2026-02-04T02:41:29
bradentonfl,bradentonfl,2026-02-04,Wednesday,26.5,2026-02-04T20:17:40
jacksonvillebeachfl,jacksonvillebeachfl,2026-02-04,Wednesday,35.5,2026-02-04T22:33:37
miramarbeach,miramarbeach,2026-02-04,Wednesday,31.5,2026-02-04T23:32:38
naplesfl,naplesfl,2026-02-04,Wednesday,31.0,2026-02-04T23:32:38
naples-fl-north,naples-fl-north,2026-02-04,Wednesday,14.0,2026-02-04T23:32:38
oldsmarfl,oldsmarfl,2026-02-04,Wednesday,40.0,2026-02-04T23:55:23
orlando-fl-waterford-lakes,orlando-fl-waterford-lakes,2026-02-04,Wednesday,0.0,2026-02-04T02:41:29
ponte-vedra-fl,ponte-vedra-fl,2026-02-04,Wednesday,29.5,2026-02-04T19:47:52
port-charlotte-fl,port-charlotte-fl,2026-02-04,Wednesday,18.5,2026-02-04T21:34:55
spring-hill-fl,spring-hill-fl,2026-02-04,Wednesday,38.0,2026-02-04T22:33:37
alpharetta-ga,alpharetta-ga,2026-02-04,Wednesday,15.5,2026-02-04T22:33:37
westmidtownga,westmidtownga,2026-02-04,Wednesday,31.0,2026-02-04T18:01:19
augustaga,augustaga,2026-02-04,Wednesday,41.5,2026-02-04T21:34:55
braseltonga,braseltonga,2026-02-04,Wednesday,36.5,2026-02-04T23:55:23
dacula-ga,dacula-ga,2026-02-04,Wednesday,28.0,2026-02-04T17:06:10
mcdonoughga,mcdonoughga,2026-02-04,Wednesday,25.0,2026-02-04T23:32:38
warnerrobinsga,warnerrobinsga,2026-02-04,Wednesday,46.5,2026-02-04T13:42:28
woodstock-ga,woodstock-ga,2026-02-04,Wednesday,0.0,2026-02-04T02:41:29
ankeny-ia,ankeny-ia,2026-02-04,Wednesday,20.0,2026-02-04T20:55:27
des-moines-ia-downtown,des-moines-ia-downtown,2026-02-04,Wednesday,14.0,2026-02-04T22:33:37
des-moines-waukee-ia,des-moines-waukee-ia,2026-02-04,Wednesday,15.0,2026-02-04T22:33:37
boise-id,boise-id,2026-02-04,Wednesday,43.5,2026-02-04T20:17:40
meridian-id,meridian-id,2026-02-04,Wednesday,26.5,2026-02-04T07:11:00
carmelin,carmelin,2026-02-04,Wednesday,41.5,2026-02-04T22:56:30
fishers-in,fishers-in,2026-02-04,Wednesday,38.5,2026-02-04T19:03:26
kansas-city-leawood,kansas-city-leawood,2026-02-04,Wednesday,30.0,2026-02-04T20:17:40
overlandparkks,overlandparkks,2026-02-04,Wednesday,41.5,2026-02-04T23:32:38
ascension-la,ascension-la,2026-02-04,Wednesday,6.0,2026-02-04T18:01:19
baton-rouge-st-george,baton-rouge-st-george,2026-02-04,Wednesday,22.0,2026-02-04T20:17:40
shreveport-la-south,shreveport-la-south,2026-02-04,Wednesday,29.0,2026-02-04T20:55:27
maynardma,maynardma,2026-02-04,Wednesday,30.0,2026-02-04T22:56:30
southborough-ma,southborough-ma,2026-02-04,Wednesday,53.0,2026-02-04T22:56:30
crofton-md,crofton-md,2026-02-04,Wednesday,96.0,2026-02-04T19:03:26
towson-baltimore-md,towson-baltimore-md,2026-02-04,Wednesday,14.5,2026-02-04T21:56:24
white-marsh-baltimore-md,white-marsh-baltimore-md,2026-02-04,Wednesday,0.0,2026-02-04T02:41:29
clarkstonmi,clarkstonmi,2026-02-04,Wednesday,25.5,2026-02-04T16:06:57
farmington-mi,farmington-mi,2026-02-04,Wednesday,25.5,2026-02-04T17:06:10
grand-blanc-mi,grand-blanc-mi,2026-02-04,Wednesday,34.5,2026-02-04T13:42:28
lansing-mi,lansing-mi,2026-02-04,Wednesday,43.5,2026-02-04T23:32:38
livonia-mi,livonia-mi,2026-02-04,Wednesday,44.0,2026-02-04T19:47:52
novi-mi,novi-mi,2026-02-04,Wednesday,0.0,2026-02-04T02:41:29
rochester-hills-mi,rochester-hills-mi,2026-02-04,Wednesday,25.5,2026-02-04T22:56:30
troy-mi,troy-mi,2026-02-04,Wednesday,30.0,2026-02-04T19:47:52
west-bloomfield-mi,west-bloomfield-mi,2026-02-04,Wednesday,0.0,2026-02-04T02:41:29
st-louis-crestwood-mo,st-louis-crestwood-mo,2026-02-04,Wednesday,23.5,2026-02-04T23:32:38
liberty-mo,liberty-mo,2026-02-04,Wednesday,22.0,2026-02-04T22:56:30
rollamo,rollamo,2026-02-04,Wednesday,25.0,2026-02-04T20:55:27
bozemanmt,bozemanmt,2026-02-04,Wednesday,55.0,2026-02-04T23:55:23
chapel-hill-nc,chapel-hill-nc,2026-02-04,Wednesday,31.0,2026-02-04T16:06:57
raleigh-nc-north,raleigh-nc-north,2026-02-04,Wednesday,17.5,2026-02-04T20:17:40
lincoln-ne-south,lincoln-ne-south,2026-02-04,Wednesday,38.5,2026-02-04T23:32:38
omahane,omahane,2026-02-04,Wednesday,61.5,2026-02-04T15:23:18
papillionne,papillionne,2026-02-04,Wednesday,42.0,2026-02-04T17:06:10
howell-nj,howell-nj,2026-02-04,Wednesday,11.0,2026-02-04T20:55:27
pomptonplainsnj,pomptonplainsnj,2026-02-04,Wednesday,67.0,2026-02-04T19:47:52
princetonnj,princetonnj,2026-02-04,Wednesday,32.5,2026-02-04T21:34:55
toms-river-nj,toms-river-nj,2026-02-04,Wednesday,0.0,2026-02-04T02:41:29
lascruces-nm,lascruces-nm,2026-02-04,Wednesday,19.5,2026-02-04T21:56:24
hendersonnv,hendersonnv,2026-02-04,Wednesday,44.0,2026-02-04T23:55:23
mesquitenv,mesquitenv,2026-02-04,Wednesday,22.0,2026-02-04T23:55:23
southsummerlinnv,southsummerlinnv,2026-02-04,Wednesday,22.0,2026-02-04T22:56:30
summerlinlasvegasnv,summerlinlasvegasnv,2026-02-04,Wednesday,30.5,2026-02-04T22:33:37
bethpage-ny,bethpage-ny,2026-02-04,Wednesday,47.5,2026-02-04T19:47:52
fivetowns-ny,fivetowns-ny,2026-02-04,Wednesday,17.5,2026-02-04T18:01:19
brunswickoh,brunswickoh,2026-02-04,Wednesday,53.5,2026-02-04T04:22:22
chardonoh,chardonoh,2026-02-04,Wednesday,33.0,2026-02-04T23:32:38
columbus-upper-arlington-oh,columbus-upper-arlington-oh,2026-02-04,Wednesday,33.5,2026-02-04T17:06:10
north-canton-oh,north-canton-oh,2026-02-04,Wednesday,35.5,2026-02-04T13:42:28
woosteroh,woosteroh,2026-02-04,Wednesday,40.5,2026-02-04T15:23:18
jenks-ok,jenks-ok,2026-02-04,Wednesday,18.5,2026-02-04T23:32:38
tulsa-ok-southern-hills,tulsa-ok-southern-hills,2026-02-04,Wednesday,24.5,2026-02-04T23:32:38
clackamas-or,clackamas-or,2026-02-04,Wednesday,21.0,2026-02-04T22:56:30
eugeneor,eugeneor,2026-02-04,Wednesday,50.5,2026-02-04T07:57:05
salem-keizer-or,salem-keizer-or,2026-02-04,Wednesday,41.5,2026-02-04T19:47:52
sherwoodor,sherwoodor,2026-02-04,Wednesday,31.0,2026-02-04T23:32:38
paoli-pa,paoli-pa,2026-02-04,Wednesday,27.5,2026-02-04T21:56:24
yardley-pa,yardley-pa,2026-02-04,Wednesday,34.5,2026-02-04T18:01:19
york-pa,york-pa,2026-02-04,Wednesday,47.5,2026-02-04T21:56:24
aikensc,aikensc,2026-02-04,Wednesday,47.5,2026-02-04T20:17:40
spartanburgsc,spartanburgsc,2026-02-04,Wednesday,50.5,2026-02-04T17:06:10
sioux-falls-sd-south,sioux-falls-sd-south,2026-02-04,Wednesday,35.0,2026-02-04T20:17:40
chattanoogatn,chattanoogatn,2026-02-04,Wednesday,42.0,2026-02-04T14:29:52
clarksvilletn,clarksvilletn,2026-02-04,Wednesday,58.0,2026-02-04T22:33:37
cleveland-tn,cleveland-tn,2026-02-04,Wednesday,0.0,2026-02-04T02:41:29
franklintn,franklintn,2026-02-04,Wednesday,39.5,2026-02-04T22:33:37
knoxvilletn,knoxvilletn,2026-02-04,Wednesday,68.5,2026-02-04T23:55:23
memphis-tn-collierville,memphis-tn-collierville,2026-02-04,Wednesday,33.5,2026-02-04T21:56:24
mt-juliet-tn,mt-juliet-tn,2026-02-04,Wednesday,20.0,2026-02-04T21:34:55
nashville-bellevue-tn,nashville-bellevue-tn,2026-02-04,Wednesday,8.0,2026-02-04T20:55:27
spring-hill-tn-north,spring-hill-tn-north,2026-02-04,Wednesday,45.0,2026-02-04T22:33:37
allen-tx,allen-tx,2026-02-04,Wednesday,0.0,2026-02-04T02:41:29
amarillo-tx,amarillo-tx,2026-02-04,Wednesday,0.0,2026-02-04T02:41:29
houston-atascocita-tx,houston-atascocita-tx,2026-02-04,Wednesday,30.5,2026-02-04T23:55:23
eastaustintx,eastaustintx,2026-02-04,Wednesday,35.0,2026-02-04T20:55:27
southwestaustintx,southwestaustintx,2026-02-04,Wednesday,26.0,2026-02-04T22:56:30
austin-tx-westlake,austin-tx-westlake,2026-02-04,Wednesday,0.0,2026-02-04T02:41:29
colleyville-tx,colleyville-tx,2026-02-04,Wednesday,29.5,2026-02-04T22:56:30
denton-tx,denton-tx,2026-02-04,Wednesday,28.5,2026-02-04T23:32:38
flowermoundtx,flowermoundtx,2026-02-04,Wednesday,37.5,2026-02-04T22:33:37
fulshear-tx,fulshear-tx,2026-02-04,Wednesday,0.0,2026-02-04T02:41:29
granburytx,granburytx,2026-02-04,Wednesday,16.0,2026-02-04T22:56:30
grand-prairie-tx,grand-prairie-tx,2026-02-04,Wednesday,23.5,2026-02-04T21:34:55
houstonheightstx,houstonheightstx,2026-02-04,Wednesday,45.5,2026-02-04T20:17:40
houston-memorial-tx,houston-memorial-tx,2026-02-04,Wednesday,41.0,2026-02-04T22:33:37
katy-tx,katy-tx,2026-02-04,Wednesday,30.5,2026-02-04T22:56:30
kellertx,kellertx,2026-02-04,Wednesday,34.0,2026-02-04T23:32:38
lubbock-tx,lubbock-tx,2026-02-04,Wednesday,0.0,2026-02-04T02:41:29
woodlands-houston-tx,woodlands-houston-tx,2026-02-04,Wednesday,37.5,2026-02-04T23:55:23
mckinney-tx,mckinney-tx,2026-02-04,Wednesday,15.0,2026-02-04T21:34:55
midlandtx,midlandtx,2026-02-04,Wednesday,54.5,2026-02-04T23:32:38
east-odessa-tx,east-odessa-tx,2026-02-04,Wednesday,0.0,2026-02-04T02:41:29
planowesttx,planowesttx,2026-02-04,Wednesday,29.5,2026-02-04T21:34:55
round-rock-tx,round-rock-tx,2026-02-04,Wednesday,0.0,2026-02-04T02:41:29
shenandoah-tx,shenandoah-tx,2026-02-04,Wednesday,0.0,2026-02-04T02:41:29
sherman-tx,sherman-tx,2026-02-04,Wednesday,24.5,2026-02-04T20:55:27
spring-tx,spring-tx,2026-02-04,Wednesday,9.5,2026-02-04T23:32:38
tylersouthtx,tylersouthtx,2026-02-04,Wednesday,63.5,2026-02-04T23:32:38
americanforkut,americanforkut,2026-02-04,Wednesday,44.0,2026-02-04T19:03:26
cedarcity,cedarcity,2026-02-04,Wednesday,22.0,2026-02-04T18:01:19
layton-ut,layton-ut,2026-02-04,Wednesday,23.5,2026-02-04T23:32:38
lehiut,lehiut,2026-02-04,Wednesday,40.0,2026-02-04T21:56:24
millcreekut,millcreekut,2026-02-04,Wednesday,15.0,2026-02-04T22:33:37
murrayut,murrayut,2026-02-04,Wednesday,11.0,2026-02-04T22:56:30
ogden-pleasant-view-ut,ogden-pleasant-view-ut,2026-02-04,Wednesday,25.5,2026-02-04T23:32:38
ogden-riverdale-ut,ogden-riverdale-ut,2026-02-04,Wednesday,8.0,2026-02-04T21:34:55
orem-ut,orem-ut,2026-02-04,Wednesday,36.0,2026-02-04T22:56:30
richfield,richfield,2026-02-04,Wednesday,10.5,2026-02-04T22:33:37
sandyut,sandyut,2026-02-04,Wednesday,37.5,2026-02-04T19:47:52
spanishforkut,spanishforkut,2026-02-04,Wednesday,38.0,2026-02-04T22:33:37
stgeorgeut,stgeorgeut,2026-02-04,Wednesday,11.5,2026-02-04T23:32:38
st-george-ut-river-rd,st-george-ut-river-rd,2026-02-04,Wednesday,16.5,2026-02-04T23:32:38
st-george-ut-sunset,st-george-ut-sunset,2026-02-04,Wednesday,6.5,2026-02-04T19:47:52
lynchburg-va,lynchburg-va,2026-02-04,Wednesday,0.0,2026-02-04T02:41:29
virginia-beach-va-courthouse,virginia-beach-va-courthouse,2026-02-04,Wednesday,0.0,2026-02-04T02:41:29
st-augustine-fl,st-augustine-fl,2026-02-04,Wednesday,0.0,2026-02-04T19:03:26
arlington-tx-south,arlington-tx-south,2026-02-04,Wednesday,0.0,2026-02-04T19:03:26
midlothian-va,midlothian-va,2026-02-04,Wednesday,0.0,2026-02-04T19:03:26
birminghamal,birminghamal,2026-02-05,Thursday,26.5,2026-02-05T21:42:47
huntsville-al-research-park,huntsville-al-research-park,2026-02-05,Thursday,17.0,2026-02-05T23:35:01
chandleraz,chandleraz,2026-02-05,Thursday,23.0,2026-02-05T23:35:01
southchandleraz,southchandleraz,2026-02-05,Thursday,19.5,2026-02-05T22:41:33
gilbertaz,gilbertaz,2026-02-05,Thursday,35.5,2026-02-05T19:56:30
glendaleaz,glendaleaz,2026-02-05,Thursday,38.0,2026-02-05T21:42:47
goodyear-az,goodyear-az,2026-02-05,Thursday,0.0,2026-02-05T02:09:47
mesa-az-east,mesa-az-east,2026-02-05,Thursday,10.5,2026-02-05T22:41:33
paradise-valley-az,paradise-valley-az,2026-02-05,Thursday,13.5,2026-02-05T22:01:19
glendale-az-peoria,glendale-az-peoria,2026-02-05,Thursday,9.0,2026-02-05T23:54:51
scottsdaleaz,scottsdaleaz,2026-02-05,Thursday,33.0,2026-02-05T23:35:01
scottsdale-az-north,scottsdale-az-north,2026-02-05,Thursday,0.0,2026-02-05T02:09:47
surpriseaz,surpriseaz,2026-02-05,Thursday,22.0,2026-02-05T22:01:19
talkingstickaz,talkingstickaz,2026-02-05,Thursday,0.0,2026-02-05T02:09:47
tempeaz,tempeaz,2026-02-05,Thursday,10.0,2026-02-05T23:35:01
carlsbadca,carlsbadca,2026-02-05,Thursday,24.0,2026-02-05T23:54:51
rancho-mirage-ca,rancho-mirage-ca,2026-02-05,Thursday,0.0,2026-02-05T02:09:47
fort-collins-timnath-co,fort-collins-timnath-co,2026-02-05,Thursday,0.0,2026-02-05T02:09:47
invernessco,invernessco,2026-02-05,Thursday,31.5,2026-02-05T23:35:01
littleton-co,littleton-co,2026-02-05,Thursday,26.0,2026-02-05T18:32:01
loveland-co-johnstown,loveland-co-johnstown,2026-02-05,Thursday,0.0,2026-02-05T02:09:47
colorado-springs-northgate,colorado-springs-northgate,2026-02-05,Thursday,29.5,2026-02-05T22:41:33
pueblowestco,pueblowestco,2026-02-05,Thursday,23.0,2026-02-05T23:35:01
westminster-co,westminster-co,2026-02-05,Thursday,0.0,2026-02-05T02:09:47
wilmingtonde,wilmingtonde,2026-02-05,Thursday,57.0,2026-02-05T22:41:33
boca-raton-fl-west,boca-raton-fl-west,2026-02-05,Thursday,2.0,2026-02-05T02:09:47
bradentonfl,bradentonfl,2026-02-05,Thursday,31.0,2026-02-05T22:01:19
jacksonvillebeachfl,jacksonvillebeachfl,2026-02-05,Thursday,28.5,2026-02-05T22:01:19
miramarbeach,miramarbeach,2026-02-05,Thursday,39.5,2026-02-05T21:04:25
naplesfl,naplesfl,2026-02-05,Thursday,35.0,2026-02-05T22:41:33
naples-fl-north,naples-fl-north,2026-02-05,Thursday,20.5,2026-02-05T23:02:37
oldsmarfl,oldsmarfl,2026-02-05,Thursday,32.0,2026-02-05T15:55:35
orlando-fl-waterford-lakes,orlando-fl-waterford-lakes,2026-02-05,Thursday,0.0,2026-02-05T02:09:47
ponte-vedra-fl,ponte-vedra-fl,2026-02-05,Thursday,42.0,2026-02-05T21:42:47
port-charlotte-fl,port-charlotte-fl,2026-02-05,Thursday,50.0,2026-02-05T23:35:01
spring-hill-fl,spring-hill-fl,2026-02-05,Thursday,25.5,2026-02-05T23:02:37
st-augustine-fl,st-augustine-fl,2026-02-05,Thursday,0.0,2026-02-05T02:09:47
alpharetta-ga,alpharetta-ga,2026-02-05,Thursday,21.0,2026-02-05T21:04:25
westmidtownga,westmidtownga,2026-02-05,Thursday,33.0,2026-02-05T22:01:19
augustaga,augustaga,2026-02-05,Thursday,45.0,2026-02-05T18:32:01
braseltonga,braseltonga,2026-02-05,Thursday,38.5,2026-02-05T23:35:01
dacula-ga,dacula-ga,2026-02-05,Thursday,33.0,2026-02-05T23:35:01
mcdonoughga,mcdonoughga,2026-02-05,Thursday,21.5,2026-02-05T22:01:19
warnerrobinsga,warnerrobinsga,2026-02-05,Thursday,43.5,2026-02-05T23:35:01
woodstock-ga,woodstock-ga,2026-02-05,Thursday,0.0,2026-02-05T02:09:47
ankeny-ia,ankeny-ia,2026-02-05,Thursday,15.0,2026-02-05T21:42:47
des-moines-ia-downtown,des-moines-ia-downtown,2026-02-05,Thursday,7.0,2026-02-05T22:41:33
des-moines-waukee-ia,des-moines-waukee-ia,2026-02-05,Thursday,20.0,2026-02-05T21:04:25
boise-id,boise-id,2026-02-05,Thursday,32.0,2026-02-05T16:52:54
meridian-id,meridian-id,2026-02-05,Thursday,22.0,2026-02-05T18:32:01
carmelin,carmelin,2026-02-05,Thursday,35.5,2026-02-05T15:55:35
fishers-in,fishers-in,2026-02-05,Thursday,39.0,2026-02-05T22:01:19
kansas-city-leawood,kansas-city-leawood,2026-02-05,Thursday,40.5,2026-02-05T21:42:47
overlandparkks,overlandparkks,2026-02-05,Thursday,33.0,2026-02-05T15:06:27
ascension-la,ascension-la,2026-02-05,Thursday,7.0,2026-02-05T22:41:33
baton-rouge-st-george,baton-rouge-st-george,2026-02-05,Thursday,8.5,2026-02-05T22:41:33
shreveport-la-south,shreveport-la-south,2026-02-05,Thursday,29.5,2026-02-05T21:42:47
maynardma,maynardma,2026-02-05,Thursday,35.5,2026-02-05T23:54:51
southborough-ma,southborough-ma,2026-02-05,Thursday,56.0,2026-02-05T19:56:30
crofton-md,crofton-md,2026-02-05,Thursday,96.0,2026-02-05T02:09:47
towson-baltimore-md,towson-baltimore-md,2026-02-05,Thursday,34.0,2026-02-05T21:04:25
white-marsh-baltimore-md,white-marsh-baltimore-md,2026-02-05,Thursday,0.0,2026-02-05T02:09:47
clarkstonmi,clarkstonmi,2026-02-05,Thursday,26.5,2026-02-05T15:06:27
farmington-mi,farmington-mi,2026-02-05,Thursday,24.5,2026-02-05T02:49:51
grand-blanc-mi,grand-blanc-mi,2026-02-05,Thursday,28.0,2026-02-05T18:32:01
lansing-mi,lansing-mi,2026-02-05,Thursday,51.5,2026-02-05T22:01:19
livonia-mi,livonia-mi,2026-02-05,Thursday,40.5,2026-02-05T16:52:54
novi-mi,novi-mi,2026-02-05,Thursday,0.0,2026-02-05T02:09:47
rochester-hills-mi,rochester-hills-mi,2026-02-05,Thursday,32.0,2026-02-05T23:02:37
troy-mi,troy-mi,2026-02-05,Thursday,32.0,2026-02-05T21:04:25
west-bloomfield-mi,west-bloomfield-mi,2026-02-05,Thursday,0.0,2026-02-05T02:09:47
st-louis-crestwood-mo,st-louis-crestwood-mo,2026-02-05,Thursday,25.5,2026-02-05T20:38:41
liberty-mo,liberty-mo,2026-02-05,Thursday,19.0,2026-02-05T23:02:37
rollamo,rollamo,2026-02-05,Thursday,23.0,2026-02-05T19:24:25
bozemanmt,bozemanmt,2026-02-05,Thursday,43.0,2026-02-05T21:04:25
chapel-hill-nc,chapel-hill-nc,2026-02-05,Thursday,33.5,2026-02-05T23:02:37
raleigh-nc-north,raleigh-nc-north,2026-02-05,Thursday,18.5,2026-02-05T22:41:33
lincoln-ne-south,lincoln-ne-south,2026-02-05,Thursday,38.0,2026-02-05T20:38:41
omahane,omahane,2026-02-05,Thursday,58.0,2026-02-05T22:41:33
papillionne,papillionne,2026-02-05,Thursday,32.5,2026-02-05T02:49:51
howell-nj,howell-nj,2026-02-05,Thursday,24.0,2026-02-05T21:04:25
pomptonplainsnj,pomptonplainsnj,2026-02-05,Thursday,69.5,2026-02-05T23:02:37
princetonnj,princetonnj,2026-02-05,Thursday,27.5,2026-02-05T21:04:25
toms-river-nj,toms-river-nj,2026-02-05,Thursday,0.0,2026-02-05T02:09:47
lascruces-nm,lascruces-nm,2026-02-05,Thursday,10.5,2026-02-05T23:54:51
hendersonnv,hendersonnv,2026-02-05,Thursday,36.0,2026-02-05T12:00:19
mesquitenv,mesquitenv,2026-02-05,Thursday,21.5,2026-02-05T22:41:33
southsummerlinnv,southsummerlinnv,2026-02-05,Thursday,20.0,2026-02-05T20:38:41
summerlinlasvegasnv,summerlinlasvegasnv,2026-02-05,Thursday,35.5,2026-02-05T23:54:51
bethpage-ny,bethpage-ny,2026-02-05,Thursday,43.5,2026-02-05T23:02:37
fivetowns-ny,fivetowns-ny,2026-02-05,Thursday,22.5,2026-02-05T20:38:41
brunswickoh,brunswickoh,2026-02-05,Thursday,60.0,2026-02-05T15:55:35
chardonoh,chardonoh,2026-02-05,Thursday,26.0,2026-02-05T23:02:37
columbus-upper-arlington-oh,columbus-upper-arlington-oh,2026-02-05,Thursday,24.5,2026-02-05T10:53:17
north-canton-oh,north-canton-oh,2026-02-05,Thursday,45.5,2026-02-05T14:14:06
woosteroh,woosteroh,2026-02-05,Thursday,46.5,2026-02-05T23:35:01
jenks-ok,jenks-ok,2026-02-05,Thursday,17.0,2026-02-05T22:41:33
tulsa-ok-southern-hills,tulsa-ok-southern-hills,2026-02-05,Thursday,21.5,2026-02-05T23:35:01
clackamas-or,clackamas-or,2026-02-05,Thursday,17.5,2026-02-05T22:41:33
eugeneor,eugeneor,2026-02-05,Thursday,47.5,2026-02-05T21:42:47
salem-keizer-or,salem-keizer-or,2026-02-05,Thursday,32.0,2026-02-05T22:41:33
sherwoodor,sherwoodor,2026-02-05,Thursday,32.5,2026-02-05T21:04:25
paoli-pa,paoli-pa,2026-02-05,Thursday,30.5,2026-02-05T18:32:01
yardley-pa,yardley-pa,2026-02-05,Thursday,25.5,2026-02-05T13:23:49
york-pa,york-pa,2026-02-05,Thursday,54.0,2026-02-05T15:55:35
aikensc,aikensc,2026-02-05,Thursday,48.5,2026-02-05T20:38:41
spartanburgsc,spartanburgsc,2026-02-05,Thursday,55.5,2026-02-05T19:56:30
sioux-falls-sd-south,sioux-falls-sd-south,2026-02-05,Thursday,37.5,2026-02-05T22:41:33
chattanoogatn,chattanoogatn,2026-02-05,Thursday,46.0,2026-02-05T02:09:47
clarksvilletn,clarksvilletn,2026-02-05,Thursday,63.5,2026-02-05T21:04:25
cleveland-tn,cleveland-tn,2026-02-05,Thursday,0.0,2026-02-05T02:09:47
franklintn,franklintn,2026-02-05,Thursday,34.5,2026-02-05T22:41:33
knoxvilletn,knoxvilletn,2026-02-05,Thursday,78.0,2026-02-05T19:24:25
memphis-tn-collierville,memphis-tn-collierville,2026-02-05,Thursday,24.0,2026-02-05T21:42:47
mt-juliet-tn,mt-juliet-tn,2026-02-05,Thursday,26.0,2026-02-05T20:38:41
nashville-bellevue-tn,nashville-bellevue-tn,2026-02-05,Thursday,17.5,2026-02-05T23:02:37
spring-hill-tn-north,spring-hill-tn-north,2026-02-05,Thursday,46.0,2026-02-05T23:54:51
allen-tx,allen-tx,2026-02-05,Thursday,0.0,2026-02-05T02:09:47
amarillo-tx,amarillo-tx,2026-02-05,Thursday,0.0,2026-02-05T02:09:47
arlington-tx-south,arlington-tx-south,2026-02-05,Thursday,0.0,2026-02-05T02:09:47
houston-atascocita-tx,houston-atascocita-tx,2026-02-05,Thursday,33.0,2026-02-05T21:42:47
eastaustintx,eastaustintx,2026-02-05,Thursday,35.0,2026-02-05T22:01:19
southwestaustintx,southwestaustintx,2026-02-05,Thursday,22.0,2026-02-05T21:42:47
austin-tx-westlake,austin-tx-westlake,2026-02-05,Thursday,0.0,2026-02-05T02:09:47
colleyville-tx,colleyville-tx,2026-02-05,Thursday,30.0,2026-02-05T21:42:47
denton-tx,denton-tx,2026-02-05,Thursday,29.0,2026-02-05T23:35:01
flowermoundtx,flowermoundtx,2026-02-05,Thursday,35.0,2026-02-05T22:41:33
fulshear-tx,fulshear-tx,2026-02-05,Thursday,0.0,2026-02-05T02:09:47
granburytx,granburytx,2026-02-05,Thursday,11.5,2026-02-05T23:35:01
grand-prairie-tx,grand-prairie-tx,2026-02-05,Thursday,21.5,2026-02-05T23:35:01
houstonheightstx,houstonheightstx,2026-02-05,Thursday,45.5,2026-02-05T13:23:49
houston-memorial-tx,houston-memorial-tx,2026-02-05,Thursday,42.0,2026-02-05T22:41:33
katy-tx,katy-tx,2026-02-05,Thursday,24.0,2026-02-05T21:42:47
kellertx,kellertx,2026-02-05,Thursday,23.0,2026-02-05T23:35:01
lubbock-tx,lubbock-tx,2026-02-05,Thursday,0.0,2026-02-05T02:09:47
woodlands-houston-tx,woodlands-houston-tx,2026-02-05,Thursday,35.5,2026-02-05T22:41:33
mckinney-tx,mckinney-tx,2026-02-05,Thursday,21.0,2026-02-05T18:32:01
midlandtx,midlandtx,2026-02-05,Thursday,54.5,2026-02-05T17:42:27
east-odessa-tx,east-odessa-tx,2026-02-05,Thursday,0.0,2026-02-05T02:09:47
planowesttx,planowesttx,2026-02-05,Thursday,31.0,2026-02-05T21:04:25
round-rock-tx,round-rock-tx,2026-02-05,Thursday,0.0,2026-02-05T02:09:47
shenandoah-tx,shenandoah-tx,2026-02-05,Thursday,0.0,2026-02-05T02:09:47
sherman-tx,sherman-tx,2026-02-05,Thursday,24.0,2026-02-05T20:38:41
spring-tx,spring-tx,2026-02-05,Thursday,7.5,2026-02-05T23:35:01
tylersouthtx,tylersouthtx,2026-02-05,Thursday,47.0,2026-02-05T16:52:54
americanforkut,americanforkut,2026-02-05,Thursday,45.5,2026-02-05T17:42:27
cedarcity,cedarcity,2026-02-05,Thursday,31.5,2026-02-05T22:41:33
layton-ut,layton-ut,2026-02-05,Thursday,24.0,2026-02-05T23:54:51
lehiut,lehiut,2026-02-05,Thursday,41.5,2026-02-05T18:32:01
millcreekut,millcreekut,2026-02-05,Thursday,16.0,2026-02-05T15:55:35
murrayut,murrayut,2026-02-05,Thursday,20.0,2026-02-05T22:01:19
ogden-pleasant-view-ut,ogden-pleasant-view-ut,2026-02-05,Thursday,29.0,2026-02-05T21:04:25
ogden-riverdale-ut,ogden-riverdale-ut,2026-02-05,Thursday,14.0,2026-02-05T23:35:01
orem-ut,orem-ut,2026-02-05,Thursday,38.0,2026-02-05T22:01:19
richfield,richfield,2026-02-05,Thursday,8.0,2026-02-05T22:41:33
sandyut,sandyut,2026-02-05,Thursday,40.0,2026-02-05T16:52:54
spanishforkut,spanishforkut,2026-02-05,Thursday,27.5,2026-02-05T23:02:37
stgeorgeut,stgeorgeut,2026-02-05,Thursday,18.5,2026-02-05T23:54:51
st-george-ut-river-rd,st-george-ut-river-rd,2026-02-05,Thursday,23.5,2026-02-05T19:24:25
st-george-ut-sunset,st-george-ut-sunset,2026-02-05,Thursday,14.0,2026-02-05T23:35:01
lynchburg-va,lynchburg-va,2026-02-05,Thursday,0.0,2026-02-05T02:09:47
midlothian-va,midlothian-va,2026-02-05,Thursday,0.0,2026-02-05T02:09:47
virginia-beach-va-courthouse,virginia-beach-va-courthouse,2026-02-05,Thursday,0.0,2026-02-05T02:09:47
jackson-mi,jackson-mi,2026-02-05,Thursday,0.0,2026-02-05T18:32:01
aledo-willow-park-tx,aledo-willow-park-tx,2026-02-05,Thursday,0.0,2026-02-05T18:32:01
fayetteville-ar,fayetteville-ar,2026-02-05,Thursday,16.0,2026-02-05T23:54:51
birminghamal,birminghamal,2026-02-06,Friday,34.0,2026-02-06T21:14:30
huntsville-al-research-park,huntsville-al-research-park,2026-02-06,Friday,28.0,2026-02-06T23:54:39
fayetteville-ar,fayetteville-ar,2026-02-06,Friday,23.0,2026-02-06T18:40:27
chandleraz,chandleraz,2026-02-06,Friday,24.5,2026-02-06T22:37:36
southchandleraz,southchandleraz,2026-02-06,Friday,19.5,2026-02-06T23:32:25
gilbertaz,gilbertaz,2026-02-06,Friday,46.5,2026-02-06T23:32:25
glendaleaz,glendaleaz,2026-02-06,Friday,41.5,2026-02-06T18:40:27
goodyear-az,goodyear-az,2026-02-06,Friday,0.0,2026-02-06T02:03:29
mesa-az-east,mesa-az-east,2026-02-06,Friday,15.0,2026-02-06T23:32:25
paradise-valley-az,paradise-valley-az,2026-02-06,Friday,21.0,2026-02-06T21:47:53
glendale-az-peoria,glendale-az-peoria,2026-02-06,Friday,37.5,2026-02-06T23:32:25
scottsdaleaz,scottsdaleaz,2026-02-06,Friday,51.0,2026-02-06T23:32:25
scottsdale-az-north,scottsdale-az-north,2026-02-06,Friday,0.0,2026-02-06T02:03:29
surpriseaz,surpriseaz,2026-02-06,Friday,14.0,2026-02-06T22:57:15
talkingstickaz,talkingstickaz,2026-02-06,Friday,0.0,2026-02-06T02:03:29
tempeaz,tempeaz,2026-02-06,Friday,15.0,2026-02-06T23:54:39
carlsbadca,carlsbadca,2026-02-06,Friday,22.0,2026-02-06T21:14:30
rancho-mirage-ca,rancho-mirage-ca,2026-02-06,Friday,0.0,2026-02-06T02:03:29
fort-collins-timnath-co,fort-collins-timnath-co,2026-02-06,Friday,0.0,2026-02-06T02:03:29
invernessco,invernessco,2026-02-06,Friday,16.5,2026-02-06T17:52:56
littleton-co,littleton-co,2026-02-06,Friday,14.5,2026-02-06T17:00:15
loveland-co-johnstown,loveland-co-johnstown,2026-02-06,Friday,0.0,2026-02-06T02:03:29
colorado-springs-northgate,colorado-springs-northgate,2026-02-06,Friday,35.0,2026-02-06T23:32:25
pueblowestco,pueblowestco,2026-02-06,Friday,38.0,2026-02-06T19:27:01
westminster-co,westminster-co,2026-02-06,Friday,0.0,2026-02-06T02:03:29
wilmingtonde,wilmingtonde,2026-02-06,Friday,51.0,2026-02-06T19:27:01
boca-raton-fl-west,boca-raton-fl-west,2026-02-06,Friday,3.0,2026-02-06T17:52:56
bradentonfl,bradentonfl,2026-02-06,Friday,30.0,2026-02-06T23:54:39
jacksonvillebeachfl,jacksonvillebeachfl,2026-02-06,Friday,24.0,2026-02-06T23:32:25
miramarbeach,miramarbeach,2026-02-06,Friday,38.0,2026-02-06T22:37:36
naplesfl,naplesfl,2026-02-06,Friday,30.5,2026-02-06T23:54:39
naples-fl-north,naples-fl-north,2026-02-06,Friday,15.0,2026-02-06T23:54:39
oldsmarfl,oldsmarfl,2026-02-06,Friday,33.5,2026-02-06T12:42:48
orlando-fl-waterford-lakes,orlando-fl-waterford-lakes,2026-02-06,Friday,0.0,2026-02-06T02:03:29
ponte-vedra-fl,ponte-vedra-fl,2026-02-06,Friday,27.0,2026-02-06T04:22:30
port-charlotte-fl,port-charlotte-fl,2026-02-06,Friday,33.5,2026-02-06T23:32:25
spring-hill-fl,spring-hill-fl,2026-02-06,Friday,28.0,2026-02-06T21:14:30
st-augustine-fl,st-augustine-fl,2026-02-06,Friday,0.0,2026-02-06T02:03:29
alpharetta-ga,alpharetta-ga,2026-02-06,Friday,12.5,2026-02-06T22:37:36
westmidtownga,westmidtownga,2026-02-06,Friday,31.5,2026-02-06T23:32:25
augustaga,augustaga,2026-02-06,Friday,40.5,2026-02-06T18:40:27
braseltonga,braseltonga,2026-02-06,Friday,49.5,2026-02-06T19:27:01
dacula-ga,dacula-ga,2026-02-06,Friday,27.0,2026-02-06T23:32:25
mcdonoughga,mcdonoughga,2026-02-06,Friday,15.0,2026-02-06T21:14:30
warnerrobinsga,warnerrobinsga,2026-02-06,Friday,36.0,2026-02-06T18:40:27
woodstock-ga,woodstock-ga,2026-02-06,Friday,0.0,2026-02-06T02:03:29
ankeny-ia,ankeny-ia,2026-02-06,Friday,27.0,2026-02-06T21:14:30
des-moines-ia-downtown,des-moines-ia-downtown,2026-02-06,Friday,8.0,2026-02-06T23:54:39
des-moines-waukee-ia,des-moines-waukee-ia,2026-02-06,Friday,18.5,2026-02-06T23:32:25
boise-id,boise-id,2026-02-06,Friday,46.0,2026-02-06T05:34:12
meridian-id,meridian-id,2026-02-06,Friday,41.5,2026-02-06T23:32:25
carmelin,carmelin,2026-02-06,Friday,46.0,2026-02-06T18:40:27
fishers-in,fishers-in,2026-02-06,Friday,49.5,2026-02-06T17:00:15
kansas-city-leawood,kansas-city-leawood,2026-02-06,Friday,39.0,2026-02-06T17:52:56
overlandparkks,overlandparkks,2026-02-06,Friday,43.0,2026-02-06T02:03:29
ascension-la,ascension-la,2026-02-06,Friday,1.0,2026-02-06T02:03:29
baton-rouge-st-george,baton-rouge-st-george,2026-02-06,Friday,17.0,2026-02-06T21:47:53
shreveport-la-south,shreveport-la-south,2026-02-06,Friday,34.0,2026-02-06T16:02:06
maynardma,maynardma,2026-02-06,Friday,27.0,2026-02-06T22:37:36
southborough-ma,southborough-ma,2026-02-06,Friday,64.0,2026-02-06T22:37:36
crofton-md,crofton-md,2026-02-06,Friday,85.0,2026-02-06T21:14:30
towson-baltimore-md,towson-baltimore-md,2026-02-06,Friday,37.5,2026-02-06T21:47:53
white-marsh-baltimore-md,white-marsh-baltimore-md,2026-02-06,Friday,0.0,2026-02-06T02:03:29
clarkstonmi,clarkstonmi,2026-02-06,Friday,34.0,2026-02-06T21:14:30
farmington-mi,farmington-mi,2026-02-06,Friday,34.0,2026-02-06T21:14:30
grand-blanc-mi,grand-blanc-mi,2026-02-06,Friday,39.0,2026-02-06T23:54:39
jackson-mi,jackson-mi,2026-02-06,Friday,0.0,2026-02-06T02:03:29
lansing-mi,lansing-mi,2026-02-06,Friday,47.5,2026-02-06T18:40:27
livonia-mi,livonia-mi,2026-02-06,Friday,46.5,2026-02-06T17:52:56
novi-mi,novi-mi,2026-02-06,Friday,0.0,2026-02-06T02:03:29
rochester-hills-mi,rochester-hills-mi,2026-02-06,Friday,29.5,2026-02-06T15:22:45
troy-mi,troy-mi,2026-02-06,Friday,42.0,2026-02-06T19:27:01
west-bloomfield-mi,west-bloomfield-mi,2026-02-06,Friday,0.0,2026-02-06T02:03:29
st-louis-crestwood-mo,st-louis-crestwood-mo,2026-02-06,Friday,35.5,2026-02-06T23:32:25
liberty-mo,liberty-mo,2026-02-06,Friday,22.5,2026-02-06T19:27:01
rollamo,rollamo,2026-02-06,Friday,36.0,2026-02-06T18:40:27
bozemanmt,bozemanmt,2026-02-06,Friday,43.0,2026-02-06T19:57:48
chapel-hill-nc,chapel-hill-nc,2026-02-06,Friday,40.0,2026-02-06T23:54:39
raleigh-nc-north,raleigh-nc-north,2026-02-06,Friday,35.0,2026-02-06T23:54:39
lincoln-ne-south,lincoln-ne-south,2026-02-06,Friday,54.0,2026-02-06T22:37:36
omahane,omahane,2026-02-06,Friday,58.5,2026-02-06T19:27:01
papillionne,papillionne,2026-02-06,Friday,25.5,2026-02-06T04:22:30
howell-nj,howell-nj,2026-02-06,Friday,22.5,2026-02-06T21:47:53
pomptonplainsnj,pomptonplainsnj,2026-02-06,Friday,79.5,2026-02-06T22:37:36
princetonnj,princetonnj,2026-02-06,Friday,32.5,2026-02-06T20:42:30
toms-river-nj,toms-river-nj,2026-02-06,Friday,0.0,2026-02-06T02:03:29
lascruces-nm,lascruces-nm,2026-02-06,Friday,18.5,2026-02-06T23:32:25
hendersonnv,hendersonnv,2026-02-06,Friday,34.5,2026-02-06T23:32:25
mesquitenv,mesquitenv,2026-02-06,Friday,18.5,2026-02-06T17:52:56
southsummerlinnv,southsummerlinnv,2026-02-06,Friday,23.5,2026-02-06T22:37:36
summerlinlasvegasnv,summerlinlasvegasnv,2026-02-06,Friday,36.0,2026-02-06T22:57:15
bethpage-ny,bethpage-ny,2026-02-06,Friday,45.5,2026-02-06T19:27:01
fivetowns-ny,fivetowns-ny,2026-02-06,Friday,13.5,2026-02-06T15:22:45
brunswickoh,brunswickoh,2026-02-06,Friday,59.0,2026-02-06T17:00:15
chardonoh,chardonoh,2026-02-06,Friday,45.0,2026-02-06T20:42:30
columbus-upper-arlington-oh,columbus-upper-arlington-oh,2026-02-06,Friday,41.5,2026-02-06T17:52:56
north-canton-oh,north-canton-oh,2026-02-06,Friday,47.5,2026-02-06T20:42:30
woosteroh,woosteroh,2026-02-06,Friday,49.5,2026-02-06T23:32:25
jenks-ok,jenks-ok,2026-02-06,Friday,9.0,2026-02-06T22:00:21
tulsa-ok-southern-hills,tulsa-ok-southern-hills,2026-02-06,Friday,24.5,2026-02-06T21:47:53
clackamas-or,clackamas-or,2026-02-06,Friday,21.0,2026-02-06T23:32:25
eugeneor,eugeneor,2026-02-06,Friday,51.5,2026-02-06T19:27:01
salem-keizer-or,salem-keizer-or,2026-02-06,Friday,39.0,2026-02-06T21:14:30
sherwoodor,sherwoodor,2026-02-06,Friday,44.0,2026-02-06T23:32:25
paoli-pa,paoli-pa,2026-02-06,Friday,38.5,2026-02-06T18:40:27
yardley-pa,yardley-pa,2026-02-06,Friday,44.0,2026-02-06T20:42:30
york-pa,york-pa,2026-02-06,Friday,62.0,2026-02-06T22:00:21
aikensc,aikensc,2026-02-06,Friday,42.0,2026-02-06T20:42:30
spartanburgsc,spartanburgsc,2026-02-06,Friday,58.5,2026-02-06T18:40:27
sioux-falls-sd-south,sioux-falls-sd-south,2026-02-06,Friday,39.0,2026-02-06T16:02:06
chattanoogatn,chattanoogatn,2026-02-06,Friday,37.5,2026-02-06T05:34:12
clarksvilletn,clarksvilletn,2026-02-06,Friday,72.0,2026-02-06T23:54:39
cleveland-tn,cleveland-tn,2026-02-06,Friday,0.0,2026-02-06T02:03:29
franklintn,franklintn,2026-02-06,Friday,30.0,2026-02-06T11:21:23
knoxvilletn,knoxvilletn,2026-02-06,Friday,73.5,2026-02-06T21:47:53
memphis-tn-collierville,memphis-tn-collierville,2026-02-06,Friday,30.5,2026-02-06T22:37:36
mt-juliet-tn,mt-juliet-tn,2026-02-06,Friday,35.0,2026-02-06T21:14:30
nashville-bellevue-tn,nashville-bellevue-tn,2026-02-06,Friday,17.0,2026-02-06T09:55:45
spring-hill-tn-north,spring-hill-tn-north,2026-02-06,Friday,39.5,2026-02-06T17:52:56
aledo-willow-park-tx,aledo-willow-park-tx,2026-02-06,Friday,0.0,2026-02-06T02:03:29
allen-tx,allen-tx,2026-02-06,Friday,0.0,2026-02-06T02:03:29
amarillo-tx,amarillo-tx,2026-02-06,Friday,0.0,2026-02-06T02:03:29
arlington-tx-south,arlington-tx-south,2026-02-06,Friday,0.0,2026-02-06T02:03:29
houston-atascocita-tx,houston-atascocita-tx,2026-02-06,Friday,24.5,2026-02-06T21:47:53
eastaustintx,eastaustintx,2026-02-06,Friday,44.0,2026-02-06T21:14:30
southwestaustintx,southwestaustintx,2026-02-06,Friday,10.5,2026-02-06T21:14:30
austin-tx-westlake,austin-tx-westlake,2026-02-06,Friday,0.0,2026-02-06T02:03:29
colleyville-tx,colleyville-tx,2026-02-06,Friday,26.0,2026-02-06T21:14:30
denton-tx,denton-tx,2026-02-06,Friday,20.0,2026-02-06T22:57:15
flowermoundtx,flowermoundtx,2026-02-06,Friday,41.0,2026-02-06T22:37:36
fulshear-tx,fulshear-tx,2026-02-06,Friday,0.0,2026-02-06T02:03:29
granburytx,granburytx,2026-02-06,Friday,19.0,2026-02-06T23:32:25
grand-prairie-tx,grand-prairie-tx,2026-02-06,Friday,25.0,2026-02-06T22:37:36
houstonheightstx,houstonheightstx,2026-02-06,Friday,44.5,2026-02-06T20:42:30
houston-memorial-tx,houston-memorial-tx,2026-02-06,Friday,45.0,2026-02-06T18:40:27
katy-tx,katy-tx,2026-02-06,Friday,31.0,2026-02-06T23:54:39
kellertx,kellertx,2026-02-06,Friday,28.0,2026-02-06T20:42:30
lubbock-tx,lubbock-tx,2026-02-06,Friday,0.0,2026-02-06T02:03:29
woodlands-houston-tx,woodlands-houston-tx,2026-02-06,Friday,32.5,2026-02-06T23:32:25
mckinney-tx,mckinney-tx,2026-02-06,Friday,27.5,2026-02-06T19:57:48
midlandtx,midlandtx,2026-02-06,Friday,63.5,2026-02-06T02:03:29
east-odessa-tx,east-odessa-tx,2026-02-06,Friday,0.0,2026-02-06T02:03:29
planowesttx,planowesttx,2026-02-06,Friday,28.5,2026-02-06T20:42:30
round-rock-tx,round-rock-tx,2026-02-06,Friday,0.0,2026-02-06T02:03:29
shenandoah-tx,shenandoah-tx,2026-02-06,Friday,0.0,2026-02-06T02:03:29
sherman-tx,sherman-tx,2026-02-06,Friday,24.0,2026-02-06T19:27:01
spring-tx,spring-tx,2026-02-06,Friday,6.0,2026-02-06T23:54:39
tylersouthtx,tylersouthtx,2026-02-06,Friday,57.0,2026-02-06T23:54:39
americanforkut,americanforkut,2026-02-06,Friday,46.0,2026-02-06T04:22:30
cedarcity,cedarcity,2026-02-06,Friday,33.0,2026-02-06T22:57:15
layton-ut,layton-ut,2026-02-06,Friday,24.0,2026-02-06T23:54:39
lehiut,lehiut,2026-02-06,Friday,46.0,2026-02-06T23:54:39
millcreekut,millcreekut,2026-02-06,Friday,15.0,2026-02-06T04:22:30
murrayut,murrayut,2026-02-06,Friday,11.5,2026-02-06T20:42:30
ogden-pleasant-view-ut,ogden-pleasant-view-ut,2026-02-06,Friday,32.5,2026-02-06T21:47:53
ogden-riverdale-ut,ogden-riverdale-ut,2026-02-06,Friday,8.0,2026-02-06T21:14:30
orem-ut,orem-ut,2026-02-06,Friday,46.5,2026-02-06T23:54:39
richfield,richfield,2026-02-06,Friday,3.0,2026-02-06T13:48:49
sandyut,sandyut,2026-02-06,Friday,37.0,2026-02-06T19:57:48
spanishforkut,spanishforkut,2026-02-06,Friday,33.0,2026-02-06T22:57:15
stgeorgeut,stgeorgeut,2026-02-06,Friday,14.5,2026-02-06T23:32:25
st-george-ut-river-rd,st-george-ut-river-rd,2026-02-06,Friday,29.5,2026-02-06T23:32:25
st-george-ut-sunset,st-george-ut-sunset,2026-02-06,Friday,18.5,2026-02-06T22:00:21
lynchburg-va,lynchburg-va,2026-02-06,Friday,0.0,2026-02-06T02:03:29
midlothian-va,midlothian-va,2026-02-06,Friday,0.0,2026-02-06T02:03:29
virginia-beach-va-courthouse,virginia-beach-va-courthouse,2026-02-06,Friday,0.0,2026-02-06T02:03:29
lake-havasu-city-az,lake-havasu-city-az,2026-02-06,Friday,0.0,2026-02-06T18:40:27
cedar-rapids-ia,cedar-rapids-ia,2026-02-06,Friday,0.0,2026-02-06T18:40:27
birminghamal,birminghamal,2026-02-07,Saturday,25.5,2026-02-07T23:40:54
huntsville-al-research-park,huntsville-al-research-park,2026-02-07,Saturday,31.5,2026-02-07T23:40:54
fayetteville-ar,fayetteville-ar,2026-02-07,Saturday,25.0,2026-02-07T18:47:23
chandleraz,chandleraz,2026-02-07,Saturday,22.5,2026-02-07T23:01:08
southchandleraz,southchandleraz,2026-02-07,Saturday,18.5,2026-02-07T23:01:08
gilbertaz,gilbertaz,2026-02-07,Saturday,40.0,2026-02-07T22:39:28
glendaleaz,glendaleaz,2026-02-07,Saturday,39.5,2026-02-07T22:39:28
goodyear-az,goodyear-az,2026-02-07,Saturday,0.0,2026-02-07T01:55:26
lake-havasu-city-az,lake-havasu-city-az,2026-02-07,Saturday,0.0,2026-02-07T01:55:26
mesa-az-east,mesa-az-east,2026-02-07,Saturday,8.0,2026-02-07T22:39:28
paradise-valley-az,paradise-valley-az,2026-02-07,Saturday,30.0,2026-02-07T21:45:47
glendale-az-peoria,glendale-az-peoria,2026-02-07,Saturday,43.0,2026-02-07T23:40:54
scottsdaleaz,scottsdaleaz,2026-02-07,Saturday,43.5,2026-02-07T23:40:54
scottsdale-az-north,scottsdale-az-north,2026-02-07,Saturday,0.0,2026-02-07T01:55:26
surpriseaz,surpriseaz,2026-02-07,Saturday,22.0,2026-02-07T23:01:08
talkingstickaz,talkingstickaz,2026-02-07,Saturday,0.0,2026-02-07T01:55:26
tempeaz,tempeaz,2026-02-07,Saturday,22.0,2026-02-07T23:01:08
carlsbadca,carlsbadca,2026-02-07,Saturday,24.0,2026-02-07T23:40:54
rancho-mirage-ca,rancho-mirage-ca,2026-02-07,Saturday,0.0,2026-02-07T01:55:26
fort-collins-timnath-co,fort-collins-timnath-co,2026-02-07,Saturday,0.0,2026-02-07T01:55:26
invernessco,invernessco,2026-02-07,Saturday,31.0,2026-02-07T23:01:08
littleton-co,littleton-co,2026-02-07,Saturday,28.0,2026-02-07T23:40:54
loveland-co-johnstown,loveland-co-johnstown,2026-02-07,Saturday,0.0,2026-02-07T01:55:26
colorado-springs-northgate,colorado-springs-northgate,2026-02-07,Saturday,30.0,2026-02-07T23:40:54
pueblowestco,pueblowestco,2026-02-07,Saturday,36.0,2026-02-07T22:39:28
westminster-co,westminster-co,2026-02-07,Saturday,0.0,2026-02-07T01:55:26
wilmingtonde,wilmingtonde,2026-02-07,Saturday,61.5,2026-02-07T18:47:23
boca-raton-fl-west,boca-raton-fl-west,2026-02-07,Saturday,7.0,2026-02-07T18:47:23
bradentonfl,bradentonfl,2026-02-07,Saturday,26.0,2026-02-07T23:40:54
jacksonvillebeachfl,jacksonvillebeachfl,2026-02-07,Saturday,13.0,2026-02-07T20:24:11
miramarbeach,miramarbeach,2026-02-07,Saturday,30.0,2026-02-07T21:45:47
naplesfl,naplesfl,2026-02-07,Saturday,37.5,2026-02-07T23:40:54
naples-fl-north,naples-fl-north,2026-02-07,Saturday,2.0,2026-02-07T04:09:14
oldsmarfl,oldsmarfl,2026-02-07,Saturday,42.5,2026-02-07T21:45:47
orlando-fl-waterford-lakes,orlando-fl-waterford-lakes,2026-02-07,Saturday,0.0,2026-02-07T01:55:26
ponte-vedra-fl,ponte-vedra-fl,2026-02-07,Saturday,16.0,2026-02-07T01:55:26
port-charlotte-fl,port-charlotte-fl,2026-02-07,Saturday,29.5,2026-02-07T22:39:28
spring-hill-fl,spring-hill-fl,2026-02-07,Saturday,24.0,2026-02-07T23:40:54
st-augustine-fl,st-augustine-fl,2026-02-07,Saturday,0.0,2026-02-07T01:55:26
alpharetta-ga,alpharetta-ga,2026-02-07,Saturday,24.0,2026-02-07T22:39:28
westmidtownga,westmidtownga,2026-02-07,Saturday,46.5,2026-02-07T22:39:28
augustaga,augustaga,2026-02-07,Saturday,49.5,2026-02-07T18:47:23
braseltonga,braseltonga,2026-02-07,Saturday,59.0,2026-02-07T23:01:08
dacula-ga,dacula-ga,2026-02-07,Saturday,39.5,2026-02-07T23:01:08
mcdonoughga,mcdonoughga,2026-02-07,Saturday,26.0,2026-02-07T20:24:11
warnerrobinsga,warnerrobinsga,2026-02-07,Saturday,40.5,2026-02-07T23:01:08
woodstock-ga,woodstock-ga,2026-02-07,Saturday,0.0,2026-02-07T01:55:26
cedar-rapids-ia,cedar-rapids-ia,2026-02-07,Saturday,0.0,2026-02-07T01:55:26
ankeny-ia,ankeny-ia,2026-02-07,Saturday,36.5,2026-02-07T20:51:46
des-moines-ia-downtown,des-moines-ia-downtown,2026-02-07,Saturday,27.0,2026-02-07T22:39:28
des-moines-waukee-ia,des-moines-waukee-ia,2026-02-07,Saturday,24.0,2026-02-07T19:39:23
boise-id,boise-id,2026-02-07,Saturday,46.0,2026-02-07T17:38:29
meridian-id,meridian-id,2026-02-07,Saturday,21.0,2026-02-07T23:40:54
carmelin,carmelin,2026-02-07,Saturday,43.0,2026-02-07T05:11:36
fishers-in,fishers-in,2026-02-07,Saturday,56.0,2026-02-07T21:45:47
kansas-city-leawood,kansas-city-leawood,2026-02-07,Saturday,48.5,2026-02-07T22:39:28
overlandparkks,overlandparkks,2026-02-07,Saturday,52.0,2026-02-07T01:55:26
ascension-la,ascension-la,2026-02-07,Saturday,5.0,2026-02-07T22:39:28
baton-rouge-st-george,baton-rouge-st-george,2026-02-07,Saturday,15.0,2026-02-07T22:39:28
shreveport-la-south,shreveport-la-south,2026-02-07,Saturday,32.5,2026-02-07T22:39:28
maynardma,maynardma,2026-02-07,Saturday,40.0,2026-02-07T21:45:47
southborough-ma,southborough-ma,2026-02-07,Saturday,71.5,2026-02-07T20:24:11
crofton-md,crofton-md,2026-02-07,Saturday,91.0,2026-02-07T17:04:24
towson-baltimore-md,towson-baltimore-md,2026-02-07,Saturday,44.0,2026-02-07T22:39:28
white-marsh-baltimore-md,white-marsh-baltimore-md,2026-02-07,Saturday,0.0,2026-02-07T01:55:26
clarkstonmi,clarkstonmi,2026-02-07,Saturday,41.5,2026-02-07T23:40:54
farmington-mi,farmington-mi,2026-02-07,Saturday,41.0,2026-02-07T16:43:47
grand-blanc-mi,grand-blanc-mi,2026-02-07,Saturday,41.5,2026-02-07T20:24:11
jackson-mi,jackson-mi,2026-02-07,Saturday,0.0,2026-02-07T01:55:26
lansing-mi,lansing-mi,2026-02-07,Saturday,49.5,2026-02-07T20:51:46
livonia-mi,livonia-mi,2026-02-07,Saturday,56.5,2026-02-07T22:00:59
novi-mi,novi-mi,2026-02-07,Saturday,0.0,2026-02-07T01:55:26
rochester-hills-mi,rochester-hills-mi,2026-02-07,Saturday,43.5,2026-02-07T16:43:47
troy-mi,troy-mi,2026-02-07,Saturday,50.0,2026-02-07T21:45:47
west-bloomfield-mi,west-bloomfield-mi,2026-02-07,Saturday,0.0,2026-02-07T01:55:26
st-louis-crestwood-mo,st-louis-crestwood-mo,2026-02-07,Saturday,41.5,2026-02-07T23:40:54
liberty-mo,liberty-mo,2026-02-07,Saturday,29.0,2026-02-07T22:39:28
rollamo,rollamo,2026-02-07,Saturday,49.5,2026-02-07T18:47:23
bozemanmt,bozemanmt,2026-02-07,Saturday,63.0,2026-02-07T19:39:23
chapel-hill-nc,chapel-hill-nc,2026-02-07,Saturday,35.0,2026-02-07T23:40:54
raleigh-nc-north,raleigh-nc-north,2026-02-07,Saturday,41.0,2026-02-07T21:17:09
lincoln-ne-south,lincoln-ne-south,2026-02-07,Saturday,50.0,2026-02-07T21:45:47
omahane,omahane,2026-02-07,Saturday,62.5,2026-02-07T08:25:42
papillionne,papillionne,2026-02-07,Saturday,27.0,2026-02-07T19:39:23
howell-nj,howell-nj,2026-02-07,Saturday,24.5,2026-02-07T23:01:08
pomptonplainsnj,pomptonplainsnj,2026-02-07,Saturday,82.5,2026-02-07T21:45:47
princetonnj,princetonnj,2026-02-07,Saturday,43.5,2026-02-07T23:40:54
toms-river-nj,toms-river-nj,2026-02-07,Saturday,0.0,2026-02-07T01:55:26
lascruces-nm,lascruces-nm,2026-02-07,Saturday,35.0,2026-02-07T23:01:08
hendersonnv,hendersonnv,2026-02-07,Saturday,33.0,2026-02-07T23:40:54
mesquitenv,mesquitenv,2026-02-07,Saturday,16.0,2026-02-07T19:54:07
southsummerlinnv,southsummerlinnv,2026-02-07,Saturday,34.5,2026-02-07T21:17:09
summerlinlasvegasnv,summerlinlasvegasnv,2026-02-07,Saturday,34.0,2026-02-07T23:01:08
bethpage-ny,bethpage-ny,2026-02-07,Saturday,55.5,2026-02-07T19:39:23
fivetowns-ny,fivetowns-ny,2026-02-07,Saturday,19.0,2026-02-07T23:01:08
brunswickoh,brunswickoh,2026-02-07,Saturday,52.5,2026-02-07T01:55:26
chardonoh,chardonoh,2026-02-07,Saturday,47.5,2026-02-07T20:24:11
columbus-upper-arlington-oh,columbus-upper-arlington-oh,2026-02-07,Saturday,45.0,2026-02-07T20:51:46
north-canton-oh,north-canton-oh,2026-02-07,Saturday,49.0,2026-02-07T20:24:11
woosteroh,woosteroh,2026-02-07,Saturday,51.0,2026-02-07T14:20:13
jenks-ok,jenks-ok,2026-02-07,Saturday,19.5,2026-02-07T22:39:28
tulsa-ok-southern-hills,tulsa-ok-southern-hills,2026-02-07,Saturday,20.5,2026-02-07T23:01:08
clackamas-or,clackamas-or,2026-02-07,Saturday,44.5,2026-02-07T23:40:54
eugeneor,eugeneor,2026-02-07,Saturday,55.0,2026-02-07T23:40:54
salem-keizer-or,salem-keizer-or,2026-02-07,Saturday,47.0,2026-02-07T19:39:23
sherwoodor,sherwoodor,2026-02-07,Saturday,47.5,2026-02-07T22:39:28
paoli-pa,paoli-pa,2026-02-07,Saturday,48.5,2026-02-07T23:40:54
yardley-pa,yardley-pa,2026-02-07,Saturday,54.5,2026-02-07T18:47:23
york-pa,york-pa,2026-02-07,Saturday,67.0,2026-02-07T20:51:46
aikensc,aikensc,2026-02-07,Saturday,46.5,2026-02-07T17:38:29
spartanburgsc,spartanburgsc,2026-02-07,Saturday,65.0,2026-02-07T17:04:24
sioux-falls-sd-south,sioux-falls-sd-south,2026-02-07,Saturday,52.0,2026-02-07T10:33:50
chattanoogatn,chattanoogatn,2026-02-07,Saturday,35.0,2026-02-07T17:04:24
clarksvilletn,clarksvilletn,2026-02-07,Saturday,85.5,2026-02-07T13:52:32
cleveland-tn,cleveland-tn,2026-02-07,Saturday,0.0,2026-02-07T01:55:26
franklintn,franklintn,2026-02-07,Saturday,53.0,2026-02-07T18:47:23
knoxvilletn,knoxvilletn,2026-02-07,Saturday,76.5,2026-02-07T23:01:08
memphis-tn-collierville,memphis-tn-collierville,2026-02-07,Saturday,36.5,2026-02-07T22:39:28
mt-juliet-tn,mt-juliet-tn,2026-02-07,Saturday,42.0,2026-02-07T23:40:54
nashville-bellevue-tn,nashville-bellevue-tn,2026-02-07,Saturday,13.0,2026-02-07T23:01:08
spring-hill-tn-north,spring-hill-tn-north,2026-02-07,Saturday,38.0,2026-02-07T16:43:47
aledo-willow-park-tx,aledo-willow-park-tx,2026-02-07,Saturday,0.0,2026-02-07T01:55:26
allen-tx,allen-tx,2026-02-07,Saturday,0.0,2026-02-07T01:55:26
amarillo-tx,amarillo-tx,2026-02-07,Saturday,0.0,2026-02-07T01:55:26
arlington-tx-south,arlington-tx-south,2026-02-07,Saturday,0.0,2026-02-07T01:55:26
houston-atascocita-tx,houston-atascocita-tx,2026-02-07,Saturday,33.0,2026-02-07T23:40:54
eastaustintx,eastaustintx,2026-02-07,Saturday,39.0,2026-02-07T23:40:54
southwestaustintx,southwestaustintx,2026-02-07,Saturday,26.0,2026-02-07T19:39:23
austin-tx-westlake,austin-tx-westlake,2026-02-07,Saturday,0.0,2026-02-07T01:55:26
colleyville-tx,colleyville-tx,2026-02-07,Saturday,30.0,2026-02-07T23:01:08
denton-tx,denton-tx,2026-02-07,Saturday,17.5,2026-02-07T17:57:37
flowermoundtx,flowermoundtx,2026-02-07,Saturday,43.5,2026-02-07T21:45:47
fulshear-tx,fulshear-tx,2026-02-07,Saturday,0.0,2026-02-07T01:55:26
granburytx,granburytx,2026-02-07,Saturday,12.0,2026-02-07T22:39:28
grand-prairie-tx,grand-prairie-tx,2026-02-07,Saturday,26.0,2026-02-07T22:39:28
houstonheightstx,houstonheightstx,2026-02-07,Saturday,42.5,2026-02-07T21:17:09
houston-memorial-tx,houston-memorial-tx,2026-02-07,Saturday,45.5,2026-02-07T18:47:23
katy-tx,katy-tx,2026-02-07,Saturday,35.5,2026-02-07T22:00:59
kellertx,kellertx,2026-02-07,Saturday,28.0,2026-02-07T21:17:09
lubbock-tx,lubbock-tx,2026-02-07,Saturday,0.0,2026-02-07T01:55:26
woodlands-houston-tx,woodlands-houston-tx,2026-02-07,Saturday,30.5,2026-02-07T23:01:08
mckinney-tx,mckinney-tx,2026-02-07,Saturday,15.5,2026-02-07T18:47:23
midlandtx,midlandtx,2026-02-07,Saturday,66.0,2026-02-07T15:42:42
east-odessa-tx,east-odessa-tx,2026-02-07,Saturday,0.0,2026-02-07T01:55:26
planowesttx,planowesttx,2026-02-07,Saturday,37.5,2026-02-07T23:40:54
round-rock-tx,round-rock-tx,2026-02-07,Saturday,0.0,2026-02-07T01:55:26
shenandoah-tx,shenandoah-tx,2026-02-07,Saturday,0.0,2026-02-07T01:55:26
sherman-tx,sherman-tx,2026-02-07,Saturday,24.5,2026-02-07T23:40:54
spring-tx,spring-tx,2026-02-07,Saturday,12.5,2026-02-07T23:40:54
tylersouthtx,tylersouthtx,2026-02-07,Saturday,56.5,2026-02-07T19:13:40
americanforkut,americanforkut,2026-02-07,Saturday,54.5,2026-02-07T01:55:26
cedarcity,cedarcity,2026-02-07,Saturday,38.5,2026-02-07T22:39:28
layton-ut,layton-ut,2026-02-07,Saturday,25.0,2026-02-07T23:01:08
lehiut,lehiut,2026-02-07,Saturday,47.5,2026-02-07T20:24:11
millcreekut,millcreekut,2026-02-07,Saturday,15.0,2026-02-07T17:38:29
murrayut,murrayut,2026-02-07,Saturday,19.5,2026-02-07T22:39:28
ogden-pleasant-view-ut,ogden-pleasant-view-ut,2026-02-07,Saturday,40.5,2026-02-07T23:40:54
ogden-riverdale-ut,ogden-riverdale-ut,2026-02-07,Saturday,23.0,2026-02-07T23:01:08
orem-ut,orem-ut,2026-02-07,Saturday,46.5,2026-02-07T22:00:59
richfield,richfield,2026-02-07,Saturday,7.0,2026-02-07T23:40:54
sandyut,sandyut,2026-02-07,Saturday,43.5,2026-02-07T19:39:23
spanishforkut,spanishforkut,2026-02-07,Saturday,36.5,2026-02-07T05:11:36
stgeorgeut,stgeorgeut,2026-02-07,Saturday,18.0,2026-02-07T22:39:28
st-george-ut-river-rd,st-george-ut-river-rd,2026-02-07,Saturday,26.0,2026-02-07T23:01:08
st-george-ut-sunset,st-george-ut-sunset,2026-02-07,Saturday,13.5,2026-02-07T23:01:08
lynchburg-va,lynchburg-va,2026-02-07,Saturday,0.0,2026-02-07T01:55:26
midlothian-va,midlothian-va,2026-02-07,Saturday,0.0,2026-02-07T01:55:26
virginia-beach-va-courthouse,virginia-beach-va-courthouse,2026-02-07,Saturday,0.0,2026-02-07T01:55:26
birminghamal,birminghamal,2026-02-08,Sunday,17.0,2026-02-08T22:56:25
huntsville-al-research-park,huntsville-al-research-park,2026-02-08,Sunday,18.0,2026-02-08T18:52:35
fayetteville-ar,fayetteville-ar,2026-02-08,Sunday,28.0,2026-02-08T21:54:30
chandleraz,chandleraz,2026-02-08,Sunday,15.0,2026-02-08T21:54:30
southchandleraz,southchandleraz,2026-02-08,Sunday,27.5,2026-02-08T21:31:41
gilbertaz,gilbertaz,2026-02-08,Sunday,33.5,2026-02-08T22:25:57
glendaleaz,glendaleaz,2026-02-08,Sunday,39.5,2026-02-08T18:52:35
goodyear-az,goodyear-az,2026-02-08,Sunday,0.0,2026-02-08T00:02:46
lake-havasu-city-az,lake-havasu-city-az,2026-02-08,Sunday,0.0,2026-02-08T00:02:46
mesa-az-east,mesa-az-east,2026-02-08,Sunday,11.0,2026-02-08T23:35:57
paradise-valley-az,paradise-valley-az,2026-02-08,Sunday,11.5,2026-02-08T19:43:21
glendale-az-peoria,glendale-az-peoria,2026-02-08,Sunday,29.0,2026-02-08T23:35:57
scottsdaleaz,scottsdaleaz,2026-02-08,Sunday,31.5,2026-02-08T22:25:57
scottsdale-az-north,scottsdale-az-north,2026-02-08,Sunday,0.0,2026-02-08T00:02:46
surpriseaz,surpriseaz,2026-02-08,Sunday,21.5,2026-02-08T19:43:21
talkingstickaz,talkingstickaz,2026-02-08,Sunday,0.0,2026-02-08T00:02:46
tempeaz,tempeaz,2026-02-08,Sunday,9.5,2026-02-08T19:43:21
carlsbadca,carlsbadca,2026-02-08,Sunday,23.0,2026-02-08T21:31:41
rancho-mirage-ca,rancho-mirage-ca,2026-02-08,Sunday,0.0,2026-02-08T00:02:46
fort-collins-timnath-co,fort-collins-timnath-co,2026-02-08,Sunday,0.0,2026-02-08T00:02:46
invernessco,invernessco,2026-02-08,Sunday,26.5,2026-02-08T23:35:57
littleton-co,littleton-co,2026-02-08,Sunday,17.5,2026-02-08T16:45:05
loveland-co-johnstown,loveland-co-johnstown,2026-02-08,Sunday,0.0,2026-02-08T00:02:46
colorado-springs-northgate,colorado-springs-northgate,2026-02-08,Sunday,26.5,2026-02-08T21:54:30
pueblowestco,pueblowestco,2026-02-08,Sunday,27.5,2026-02-08T23:35:57
westminster-co,westminster-co,2026-02-08,Sunday,0.0,2026-02-08T00:02:46
wilmingtonde,wilmingtonde,2026-02-08,Sunday,57.5,2026-02-08T14:50:00
boca-raton-fl-west,boca-raton-fl-west,2026-02-08,Sunday,2.5,2026-02-08T00:02:46
bradentonfl,bradentonfl,2026-02-08,Sunday,18.0,2026-02-08T23:35:57
jacksonvillebeachfl,jacksonvillebeachfl,2026-02-08,Sunday,20.0,2026-02-08T19:19:54
miramarbeach,miramarbeach,2026-02-08,Sunday,21.0,2026-02-08T21:54:30
naplesfl,naplesfl,2026-02-08,Sunday,34.5,2026-02-08T20:56:42
naples-fl-north,naples-fl-north,2026-02-08,Sunday,8.0,2026-02-08T20:56:42
oldsmarfl,oldsmarfl,2026-02-08,Sunday,28.5,2026-02-08T19:56:41
orlando-fl-waterford-lakes,orlando-fl-waterford-lakes,2026-02-08,Sunday,0.0,2026-02-08T00:02:46
ponte-vedra-fl,ponte-vedra-fl,2026-02-08,Sunday,15.0,2026-02-08T19:43:21
port-charlotte-fl,port-charlotte-fl,2026-02-08,Sunday,28.5,2026-02-08T23:57:33
spring-hill-fl,spring-hill-fl,2026-02-08,Sunday,14.5,2026-02-08T19:43:21
st-augustine-fl,st-augustine-fl,2026-02-08,Sunday,0.0,2026-02-08T00:02:46
alpharetta-ga,alpharetta-ga,2026-02-08,Sunday,20.5,2026-02-08T03:31:35
westmidtownga,westmidtownga,2026-02-08,Sunday,39.0,2026-02-08T20:32:47
augustaga,augustaga,2026-02-08,Sunday,40.5,2026-02-08T21:54:30
braseltonga,braseltonga,2026-02-08,Sunday,56.0,2026-02-08T22:25:57
dacula-ga,dacula-ga,2026-02-08,Sunday,19.0,2026-02-08T20:56:42
mcdonoughga,mcdonoughga,2026-02-08,Sunday,13.0,2026-02-08T16:45:05
warnerrobinsga,warnerrobinsga,2026-02-08,Sunday,40.5,2026-02-08T17:13:15
woodstock-ga,woodstock-ga,2026-02-08,Sunday,0.0,2026-02-08T00:02:46
cedar-rapids-ia,cedar-rapids-ia,2026-02-08,Sunday,0.0,2026-02-08T00:02:46
ankeny-ia,ankeny-ia,2026-02-08,Sunday,31.5,2026-02-08T19:19:54
des-moines-ia-downtown,des-moines-ia-downtown,2026-02-08,Sunday,10.0,2026-02-08T23:35:57
des-moines-waukee-ia,des-moines-waukee-ia,2026-02-08,Sunday,25.5,2026-02-08T22:25:57
boise-id,boise-id,2026-02-08,Sunday,29.0,2026-02-08T05:15:43
meridian-id,meridian-id,2026-02-08,Sunday,21.0,2026-02-08T15:44:19
carmelin,carmelin,2026-02-08,Sunday,42.5,2026-02-08T20:56:42
fishers-in,fishers-in,2026-02-08,Sunday,40.5,2026-02-08T16:45:05
kansas-city-leawood,kansas-city-leawood,2026-02-08,Sunday,13.0,2026-02-08T19:19:54
overlandparkks,overlandparkks,2026-02-08,Sunday,43.0,2026-02-08T08:53:16
ascension-la,ascension-la,2026-02-08,Sunday,0.0,2026-02-08T00:02:46
baton-rouge-st-george,baton-rouge-st-george,2026-02-08,Sunday,9.5,2026-02-08T19:43:21
shreveport-la-south,shreveport-la-south,2026-02-08,Sunday,13.0,2026-02-08T16:00:47
maynardma,maynardma,2026-02-08,Sunday,33.0,2026-02-08T17:45:50
southborough-ma,southborough-ma,2026-02-08,Sunday,48.0,2026-02-08T05:15:43
crofton-md,crofton-md,2026-02-08,Sunday,94.0,2026-02-08T14:50:00
towson-baltimore-md,towson-baltimore-md,2026-02-08,Sunday,43.0,2026-02-08T18:52:35
white-marsh-baltimore-md,white-marsh-baltimore-md,2026-02-08,Sunday,0.0,2026-02-08T00:02:46
clarkstonmi,clarkstonmi,2026-02-08,Sunday,35.0,2026-02-08T20:32:47
farmington-mi,farmington-mi,2026-02-08,Sunday,32.0,2026-02-08T06:09:13
grand-blanc-mi,grand-blanc-mi,2026-02-08,Sunday,35.5,2026-02-08T23:35:57
jackson-mi,jackson-mi,2026-02-08,Sunday,0.0,2026-02-08T00:02:46
lansing-mi,lansing-mi,2026-02-08,Sunday,49.0,2026-02-08T09:53:14
livonia-mi,livonia-mi,2026-02-08,Sunday,58.5,2026-02-08T17:45:50
novi-mi,novi-mi,2026-02-08,Sunday,0.0,2026-02-08T00:02:46
rochester-hills-mi,rochester-hills-mi,2026-02-08,Sunday,32.0,2026-02-08T22:25:57
troy-mi,troy-mi,2026-02-08,Sunday,43.0,2026-02-08T21:31:41
west-bloomfield-mi,west-bloomfield-mi,2026-02-08,Sunday,0.0,2026-02-08T00:02:46
st-louis-crestwood-mo,st-louis-crestwood-mo,2026-02-08,Sunday,19.0,2026-02-08T23:35:57
liberty-mo,liberty-mo,2026-02-08,Sunday,19.5,2026-02-08T23:35:57
rollamo,rollamo,2026-02-08,Sunday,27.0,2026-02-08T19:19:54
bozemanmt,bozemanmt,2026-02-08,Sunday,38.0,2026-02-08T21:31:41
chapel-hill-nc,chapel-hill-nc,2026-02-08,Sunday,38.5,2026-02-08T05:15:43
raleigh-nc-north,raleigh-nc-north,2026-02-08,Sunday,26.0,2026-02-08T20:56:42
lincoln-ne-south,lincoln-ne-south,2026-02-08,Sunday,38.5,2026-02-08T22:56:25
omahane,omahane,2026-02-08,Sunday,54.0,2026-02-08T05:15:43
papillionne,papillionne,2026-02-08,Sunday,26.5,2026-02-08T05:15:43
howell-nj,howell-nj,2026-02-08,Sunday,32.5,2026-02-08T22:25:57
pomptonplainsnj,pomptonplainsnj,2026-02-08,Sunday,64.5,2026-02-08T16:45:05
princetonnj,princetonnj,2026-02-08,Sunday,38.5,2026-02-08T23:35:57
toms-river-nj,toms-river-nj,2026-02-08,Sunday,0.0,2026-02-08T00:02:46
lascruces-nm,lascruces-nm,2026-02-08,Sunday,10.0,2026-02-08T18:52:35
hendersonnv,hendersonnv,2026-02-08,Sunday,20.0,2026-02-08T19:19:54
mesquitenv,mesquitenv,2026-02-08,Sunday,18.0,2026-02-08T00:02:46
southsummerlinnv,southsummerlinnv,2026-02-08,Sunday,30.0,2026-02-08T20:32:47
summerlinlasvegasnv,summerlinlasvegasnv,2026-02-08,Sunday,23.0,2026-02-08T21:54:30
bethpage-ny,bethpage-ny,2026-02-08,Sunday,55.0,2026-02-08T15:13:47
fivetowns-ny,fivetowns-ny,2026-02-08,Sunday,24.0,2026-02-08T20:32:47
brunswickoh,brunswickoh,2026-02-08,Sunday,60.0,2026-02-08T14:50:00
chardonoh,chardonoh,2026-02-08,Sunday,41.5,2026-02-08T19:56:41
columbus-upper-arlington-oh,columbus-upper-arlington-oh,2026-02-08,Sunday,45.0,2026-02-08T22:56:25
north-canton-oh,north-canton-oh,2026-02-08,Sunday,44.5,2026-02-08T14:50:00
woosteroh,woosteroh,2026-02-08,Sunday,49.5,2026-02-08T19:19:54
jenks-ok,jenks-ok,2026-02-08,Sunday,10.5,2026-02-08T18:52:35
tulsa-ok-southern-hills,tulsa-ok-southern-hills,2026-02-08,Sunday,12.5,2026-02-08T17:13:15
clackamas-or,clackamas-or,2026-02-08,Sunday,28.0,2026-02-08T23:35:57
eugeneor,eugeneor,2026-02-08,Sunday,56.0,2026-02-08T06:09:13
salem-keizer-or,salem-keizer-or,2026-02-08,Sunday,55.5,2026-02-08T23:57:33
sherwoodor,sherwoodor,2026-02-08,Sunday,36.0,2026-02-08T18:52:35
paoli-pa,paoli-pa,2026-02-08,Sunday,41.0,2026-02-08T15:13:47
yardley-pa,yardley-pa,2026-02-08,Sunday,45.5,2026-02-08T14:17:19
york-pa,york-pa,2026-02-08,Sunday,63.5,2026-02-08T07:06:40
aikensc,aikensc,2026-02-08,Sunday,44.0,2026-02-08T22:25:57
spartanburgsc,spartanburgsc,2026-02-08,Sunday,46.5,2026-02-08T07:48:56
sioux-falls-sd-south,sioux-falls-sd-south,2026-02-08,Sunday,41.0,2026-02-08T10:21:22
chattanoogatn,chattanoogatn,2026-02-08,Sunday,35.0,2026-02-08T08:53:16
clarksvilletn,clarksvilletn,2026-02-08,Sunday,65.5,2026-02-08T22:25:57
cleveland-tn,cleveland-tn,2026-02-08,Sunday,0.0,2026-02-08T00:02:46
franklintn,franklintn,2026-02-08,Sunday,26.0,2026-02-08T19:56:41
knoxvilletn,knoxvilletn,2026-02-08,Sunday,60.0,2026-02-08T15:13:47
memphis-tn-collierville,memphis-tn-collierville,2026-02-08,Sunday,25.5,2026-02-08T16:45:05
mt-juliet-tn,mt-juliet-tn,2026-02-08,Sunday,31.0,2026-02-08T21:54:30
nashville-bellevue-tn,nashville-bellevue-tn,2026-02-08,Sunday,13.5,2026-02-08T23:57:33
spring-hill-tn-north,spring-hill-tn-north,2026-02-08,Sunday,35.5,2026-02-08T22:56:25
aledo-willow-park-tx,aledo-willow-park-tx,2026-02-08,Sunday,0.0,2026-02-08T00:02:46
allen-tx,allen-tx,2026-02-08,Sunday,0.0,2026-02-08T00:02:46
amarillo-tx,amarillo-tx,2026-02-08,Sunday,0.0,2026-02-08T00:02:46
arlington-tx-south,arlington-tx-south,2026-02-08,Sunday,0.0,2026-02-08T00:02:46
houston-atascocita-tx,houston-atascocita-tx,2026-02-08,Sunday,27.0,2026-02-08T22:56:25
eastaustintx,eastaustintx,2026-02-08,Sunday,28.0,2026-02-08T22:25:57
southwestaustintx,southwestaustintx,2026-02-08,Sunday,19.5,2026-02-08T21:31:41
austin-tx-westlake,austin-tx-westlake,2026-02-08,Sunday,0.0,2026-02-08T00:02:46
colleyville-tx,colleyville-tx,2026-02-08,Sunday,21.0,2026-02-08T22:25:57
denton-tx,denton-tx,2026-02-08,Sunday,17.5,2026-02-08T22:25:57
flowermoundtx,flowermoundtx,2026-02-08,Sunday,39.0,2026-02-08T21:54:30
fulshear-tx,fulshear-tx,2026-02-08,Sunday,0.0,2026-02-08T00:02:46
granburytx,granburytx,2026-02-08,Sunday,10.0,2026-02-08T20:32:47
grand-prairie-tx,grand-prairie-tx,2026-02-08,Sunday,12.0,2026-02-08T18:01:09
houstonheightstx,houstonheightstx,2026-02-08,Sunday,29.5,2026-02-08T12:57:41
houston-memorial-tx,houston-memorial-tx,2026-02-08,Sunday,28.0,2026-02-08T17:13:15
katy-tx,katy-tx,2026-02-08,Sunday,24.0,2026-02-08T23:35:57
kellertx,kellertx,2026-02-08,Sunday,18.5,2026-02-08T21:31:41
lubbock-tx,lubbock-tx,2026-02-08,Sunday,0.0,2026-02-08T00:02:46
woodlands-houston-tx,woodlands-houston-tx,2026-02-08,Sunday,24.5,2026-02-08T23:57:33
mckinney-tx,mckinney-tx,2026-02-08,Sunday,14.5,2026-02-08T21:54:30
midlandtx,midlandtx,2026-02-08,Sunday,54.0,2026-02-08T23:35:57
east-odessa-tx,east-odessa-tx,2026-02-08,Sunday,0.0,2026-02-08T00:02:46
planowesttx,planowesttx,2026-02-08,Sunday,20.0,2026-02-08T23:57:33
round-rock-tx,round-rock-tx,2026-02-08,Sunday,0.0,2026-02-08T00:02:46
shenandoah-tx,shenandoah-tx,2026-02-08,Sunday,0.0,2026-02-08T00:02:46
sherman-tx,sherman-tx,2026-02-08,Sunday,26.0,2026-02-08T20:32:47
spring-tx,spring-tx,2026-02-08,Sunday,10.0,2026-02-08T19:56:41
tylersouthtx,tylersouthtx,2026-02-08,Sunday,44.0,2026-02-08T23:57:33
americanforkut,americanforkut,2026-02-08,Sunday,39.0,2026-02-08T05:15:43
cedarcity,cedarcity,2026-02-08,Sunday,12.0,2026-02-08T21:54:30
layton-ut,layton-ut,2026-02-08,Sunday,12.0,2026-02-08T20:32:47
lehiut,lehiut,2026-02-08,Sunday,26.0,2026-02-08T22:56:25
millcreekut,millcreekut,2026-02-08,Sunday,11.5,2026-02-08T12:57:41
murrayut,murrayut,2026-02-08,Sunday,5.0,2026-02-08T22:25:57
ogden-pleasant-view-ut,ogden-pleasant-view-ut,2026-02-08,Sunday,34.0,2026-02-08T17:45:50
ogden-riverdale-ut,ogden-riverdale-ut,2026-02-08,Sunday,7.0,2026-02-08T19:19:54
orem-ut,orem-ut,2026-02-08,Sunday,11.0,2026-02-08T19:19:54
richfield,richfield,2026-02-08,Sunday,4.0,2026-02-08T03:31:35
sandyut,sandyut,2026-02-08,Sunday,35.0,2026-02-08T00:02:46
spanishforkut,spanishforkut,2026-02-08,Sunday,18.0,2026-02-08T19:19:54
stgeorgeut,stgeorgeut,2026-02-08,Sunday,5.0,2026-02-08T05:15:43
st-george-ut-river-rd,st-george-ut-river-rd,2026-02-08,Sunday,16.5,2026-02-08T22:25:57
st-george-ut-sunset,st-george-ut-sunset,2026-02-08,Sunday,19.5,2026-02-08T03:31:35
lynchburg-va,lynchburg-va,2026-02-08,Sunday,0.0,2026-02-08T00:02:46
midlothian-va,midlothian-va,2026-02-08,Sunday,0.0,2026-02-08T00:02:46
virginia-beach-va-courthouse,virginia-beach-va-courthouse,2026-02-08,Sunday,0.0,2026-02-08T00:02:46
birminghamal,birminghamal,2026-02-09,Monday,19.5,2026-02-09T21:54:40
huntsville-al-research-park,huntsville-al-research-park,2026-02-09,Monday,16.5,2026-02-09T23:20:23
fayetteville-ar,fayetteville-ar,2026-02-09,Monday,18.0,2026-02-09T23:20:23
chandleraz,chandleraz,2026-02-09,Monday,19.5,2026-02-09T23:56:59
southchandleraz,southchandleraz,2026-02-09,Monday,35.0,2026-02-09T21:54:40
gilbertaz,gilbertaz,2026-02-09,Monday,41.0,2026-02-09T21:54:40
glendaleaz,glendaleaz,2026-02-09,Monday,42.5,2026-02-09T23:56:59
goodyear-az,goodyear-az,2026-02-09,Monday,0.0,2026-02-09T02:50:39
lake-havasu-city-az,lake-havasu-city-az,2026-02-09,Monday,0.0,2026-02-09T02:50:39
mesa-az-east,mesa-az-east,2026-02-09,Monday,13.0,2026-02-09T21:54:40
paradise-valley-az,paradise-valley-az,2026-02-09,Monday,25.5,2026-02-09T22:34:55
glendale-az-peoria,glendale-az-peoria,2026-02-09,Monday,19.0,2026-02-09T23:20:23
scottsdaleaz,scottsdaleaz,2026-02-09,Monday,44.5,2026-02-09T23:56:59
scottsdale-az-north,scottsdale-az-north,2026-02-09,Monday,0.0,2026-02-09T02:50:39
surpriseaz,surpriseaz,2026-02-09,Monday,10.0,2026-02-09T23:56:59
talkingstickaz,talkingstickaz,2026-02-09,Monday,0.0,2026-02-09T02:50:39
tempeaz,tempeaz,2026-02-09,Monday,12.5,2026-02-09T23:56:59
carlsbadca,carlsbadca,2026-02-09,Monday,14.5,2026-02-09T23:56:59
rancho-mirage-ca,rancho-mirage-ca,2026-02-09,Monday,0.0,2026-02-09T02:50:39
fort-collins-timnath-co,fort-collins-timnath-co,2026-02-09,Monday,0.0,2026-02-09T02:50:39
invernessco,invernessco,2026-02-09,Monday,21.0,2026-02-09T22:34:55
littleton-co,littleton-co,2026-02-09,Monday,11.5,2026-02-09T17:35:52
loveland-co-johnstown,loveland-co-johnstown,2026-02-09,Monday,0.0,2026-02-09T02:50:39
colorado-springs-northgate,colorado-springs-northgate,2026-02-09,Monday,21.5,2026-02-09T23:20:23
pueblowestco,pueblowestco,2026-02-09,Monday,25.5,2026-02-09T22:34:55
westminster-co,westminster-co,2026-02-09,Monday,0.0,2026-02-09T02:50:39
wilmingtonde,wilmingtonde,2026-02-09,Monday,53.0,2026-02-09T18:33:12
boca-raton-fl-west,boca-raton-fl-west,2026-02-09,Monday,0.0,2026-02-09T02:50:39
bradentonfl,bradentonfl,2026-02-09,Monday,20.0,2026-02-09T18:33:12
jacksonvillebeachfl,jacksonvillebeachfl,2026-02-09,Monday,30.5,2026-02-09T23:20:23
miramarbeach,miramarbeach,2026-02-09,Monday,31.5,2026-02-09T22:34:55
naplesfl,naplesfl,2026-02-09,Monday,25.5,2026-02-09T23:20:23
naples-fl-north,naples-fl-north,2026-02-09,Monday,5.0,2026-02-09T13:25:08
oldsmarfl,oldsmarfl,2026-02-09,Monday,33.5,2026-02-09T22:34:55
orlando-fl-waterford-lakes,orlando-fl-waterford-lakes,2026-02-09,Monday,0.0,2026-02-09T02:50:39
ponte-vedra-fl,ponte-vedra-fl,2026-02-09,Monday,8.0,2026-02-09T02:50:39
port-charlotte-fl,port-charlotte-fl,2026-02-09,Monday,26.5,2026-02-09T22:34:55
spring-hill-fl,spring-hill-fl,2026-02-09,Monday,29.0,2026-02-09T22:34:55
st-augustine-fl,st-augustine-fl,2026-02-09,Monday,0.0,2026-02-09T02:50:39
alpharetta-ga,alpharetta-ga,2026-02-09,Monday,9.5,2026-02-09T23:56:59
westmidtownga,westmidtownga,2026-02-09,Monday,31.0,2026-02-09T22:34:55
augustaga,augustaga,2026-02-09,Monday,32.0,2026-02-09T22:34:55
braseltonga,braseltonga,2026-02-09,Monday,23.0,2026-02-09T19:49:10
dacula-ga,dacula-ga,2026-02-09,Monday,21.5,2026-02-09T23:20:23
mcdonoughga,mcdonoughga,2026-02-09,Monday,1.0,2026-02-09T21:54:40
warnerrobinsga,warnerrobinsga,2026-02-09,Monday,26.5,2026-02-09T22:34:55
woodstock-ga,woodstock-ga,2026-02-09,Monday,0.0,2026-02-09T02:50:39
cedar-rapids-ia,cedar-rapids-ia,2026-02-09,Monday,0.0,2026-02-09T02:50:39
ankeny-ia,ankeny-ia,2026-02-09,Monday,13.0,2026-02-09T23:56:59
des-moines-ia-downtown,des-moines-ia-downtown,2026-02-09,Monday,4.0,2026-02-09T20:26:42
des-moines-waukee-ia,des-moines-waukee-ia,2026-02-09,Monday,8.0,2026-02-09T23:20:23
boise-id,boise-id,2026-02-09,Monday,35.0,2026-02-09T21:54:40
meridian-id,meridian-id,2026-02-09,Monday,35.0,2026-02-09T19:49:10
carmelin,carmelin,2026-02-09,Monday,40.5,2026-02-09T23:56:59
fishers-in,fishers-in,2026-02-09,Monday,47.0,2026-02-09T17:35:52
kansas-city-leawood,kansas-city-leawood,2026-02-09,Monday,19.5,2026-02-09T20:26:42
overlandparkks,overlandparkks,2026-02-09,Monday,33.5,2026-02-09T23:20:23
ascension-la,ascension-la,2026-02-09,Monday,4.0,2026-02-09T23:56:59
baton-rouge-st-george,baton-rouge-st-george,2026-02-09,Monday,22.5,2026-02-09T18:33:12
shreveport-la-south,shreveport-la-south,2026-02-09,Monday,25.0,2026-02-09T21:54:40
maynardma,maynardma,2026-02-09,Monday,21.0,2026-02-09T23:56:59
southborough-ma,southborough-ma,2026-02-09,Monday,51.0,2026-02-09T20:26:42
crofton-md,crofton-md,2026-02-09,Monday,71.0,2026-02-09T23:20:23
towson-baltimore-md,towson-baltimore-md,2026-02-09,Monday,32.5,2026-02-09T19:49:10
white-marsh-baltimore-md,white-marsh-baltimore-md,2026-02-09,Monday,0.0,2026-02-09T02:50:39
clarkstonmi,clarkstonmi,2026-02-09,Monday,24.0,2026-02-09T15:34:56
farmington-mi,farmington-mi,2026-02-09,Monday,30.0,2026-02-09T19:49:10
grand-blanc-mi,grand-blanc-mi,2026-02-09,Monday,23.0,2026-02-09T22:34:55
jackson-mi,jackson-mi,2026-02-09,Monday,0.0,2026-02-09T02:50:39
lansing-mi,lansing-mi,2026-02-09,Monday,43.5,2026-02-09T17:35:52
livonia-mi,livonia-mi,2026-02-09,Monday,48.0,2026-02-09T20:26:42
novi-mi,novi-mi,2026-02-09,Monday,0.0,2026-02-09T02:50:39
rochester-hills-mi,rochester-hills-mi,2026-02-09,Monday,29.5,2026-02-09T23:56:59
troy-mi,troy-mi,2026-02-09,Monday,32.5,2026-02-09T21:07:58
west-bloomfield-mi,west-bloomfield-mi,2026-02-09,Monday,0.0,2026-02-09T02:50:39
st-louis-crestwood-mo,st-louis-crestwood-mo,2026-02-09,Monday,27.0,2026-02-09T23:56:59
liberty-mo,liberty-mo,2026-02-09,Monday,15.0,2026-02-09T02:50:39
rollamo,rollamo,2026-02-09,Monday,9.0,2026-02-09T23:56:59
bozemanmt,bozemanmt,2026-02-09,Monday,36.0,2026-02-09T23:56:59
chapel-hill-nc,chapel-hill-nc,2026-02-09,Monday,28.5,2026-02-09T21:07:58
raleigh-nc-north,raleigh-nc-north,2026-02-09,Monday,20.5,2026-02-09T23:20:23
lincoln-ne-south,lincoln-ne-south,2026-02-09,Monday,38.0,2026-02-09T23:20:23
omahane,omahane,2026-02-09,Monday,53.0,2026-02-09T21:54:40
papillionne,papillionne,2026-02-09,Monday,22.0,2026-02-09T22:34:55
howell-nj,howell-nj,2026-02-09,Monday,9.5,2026-02-09T19:49:10
pomptonplainsnj,pomptonplainsnj,2026-02-09,Monday,59.0,2026-02-09T21:54:40
princetonnj,princetonnj,2026-02-09,Monday,33.0,2026-02-09T21:54:40
toms-river-nj,toms-river-nj,2026-02-09,Monday,0.0,2026-02-09T02:50:39
lascruces-nm,lascruces-nm,2026-02-09,Monday,15.0,2026-02-09T18:33:12
hendersonnv,hendersonnv,2026-02-09,Monday,30.5,2026-02-09T23:56:59
mesquitenv,mesquitenv,2026-02-09,Monday,15.5,2026-02-09T23:20:23
southsummerlinnv,southsummerlinnv,2026-02-09,Monday,37.0,2026-02-09T21:07:58
summerlinlasvegasnv,summerlinlasvegasnv,2026-02-09,Monday,25.5,2026-02-09T23:20:23
bethpage-ny,bethpage-ny,2026-02-09,Monday,40.5,2026-02-09T15:34:56
fivetowns-ny,fivetowns-ny,2026-02-09,Monday,14.0,2026-02-09T18:33:12
brunswickoh,brunswickoh,2026-02-09,Monday,53.5,2026-02-09T15:34:56
chardonoh,chardonoh,2026-02-09,Monday,22.0,2026-02-09T23:20:23
columbus-upper-arlington-oh,columbus-upper-arlington-oh,2026-02-09,Monday,30.0,2026-02-09T17:35:52
north-canton-oh,north-canton-oh,2026-02-09,Monday,40.5,2026-02-09T06:03:49
woosteroh,woosteroh,2026-02-09,Monday,40.0,2026-02-09T23:20:23
jenks-ok,jenks-ok,2026-02-09,Monday,4.0,2026-02-09T23:20:23
tulsa-ok-southern-hills,tulsa-ok-southern-hills,2026-02-09,Monday,14.5,2026-02-09T23:56:59
clackamas-or,clackamas-or,2026-02-09,Monday,21.5,2026-02-09T21:07:58
eugeneor,eugeneor,2026-02-09,Monday,55.0,2026-02-09T19:49:10
salem-keizer-or,salem-keizer-or,2026-02-09,Monday,43.0,2026-02-09T23:56:59
sherwoodor,sherwoodor,2026-02-09,Monday,20.5,2026-02-09T23:20:23
paoli-pa,paoli-pa,2026-02-09,Monday,37.5,2026-02-09T21:54:40
yardley-pa,yardley-pa,2026-02-09,Monday,42.5,2026-02-09T22:34:55
york-pa,york-pa,2026-02-09,Monday,61.5,2026-02-09T17:35:52
aikensc,aikensc,2026-02-09,Monday,39.0,2026-02-09T21:07:58
spartanburgsc,spartanburgsc,2026-02-09,Monday,45.5,2026-02-09T23:56:59
sioux-falls-sd-south,sioux-falls-sd-south,2026-02-09,Monday,35.5,2026-02-09T19:49:10
chattanoogatn,chattanoogatn,2026-02-09,Monday,29.0,2026-02-09T13:25:08
clarksvilletn,clarksvilletn,2026-02-09,Monday,111.5,2026-02-09T17:35:52
cleveland-tn,cleveland-tn,2026-02-09,Monday,0.0,2026-02-09T02:50:39
franklintn,franklintn,2026-02-09,Monday,19.0,2026-02-09T17:35:52
knoxvilletn,knoxvilletn,2026-02-09,Monday,50.5,2026-02-09T23:56:59
memphis-tn-collierville,memphis-tn-collierville,2026-02-09,Monday,23.0,2026-02-09T23:56:59
mt-juliet-tn,mt-juliet-tn,2026-02-09,Monday,31.0,2026-02-09T22:34:55
nashville-bellevue-tn,nashville-bellevue-tn,2026-02-09,Monday,5.0,2026-02-09T21:07:58
spring-hill-tn-north,spring-hill-tn-north,2026-02-09,Monday,22.5,2026-02-09T14:34:56
aledo-willow-park-tx,aledo-willow-park-tx,2026-02-09,Monday,0.0,2026-02-09T02:50:39
allen-tx,allen-tx,2026-02-09,Monday,0.0,2026-02-09T02:50:39
amarillo-tx,amarillo-tx,2026-02-09,Monday,0.0,2026-02-09T02:50:39
arlington-tx-south,arlington-tx-south,2026-02-09,Monday,0.0,2026-02-09T02:50:39
houston-atascocita-tx,houston-atascocita-tx,2026-02-09,Monday,25.0,2026-02-09T19:49:10
eastaustintx,eastaustintx,2026-02-09,Monday,36.0,2026-02-09T20:26:42
southwestaustintx,southwestaustintx,2026-02-09,Monday,17.0,2026-02-09T23:20:23
austin-tx-westlake,austin-tx-westlake,2026-02-09,Monday,0.0,2026-02-09T02:50:39
colleyville-tx,colleyville-tx,2026-02-09,Monday,13.5,2026-02-09T23:20:23
denton-tx,denton-tx,2026-02-09,Monday,20.5,2026-02-09T23:20:23
flowermoundtx,flowermoundtx,2026-02-09,Monday,28.0,2026-02-09T23:20:23
fulshear-tx,fulshear-tx,2026-02-09,Monday,0.0,2026-02-09T02:50:39
granburytx,granburytx,2026-02-09,Monday,5.0,2026-02-09T21:54:40
grand-prairie-tx,grand-prairie-tx,2026-02-09,Monday,9.0,2026-02-09T23:56:59
houstonheightstx,houstonheightstx,2026-02-09,Monday,31.5,2026-02-09T21:07:58
houston-memorial-tx,houston-memorial-tx,2026-02-09,Monday,36.5,2026-02-09T22:34:55
katy-tx,katy-tx,2026-02-09,Monday,23.5,2026-02-09T23:20:23
kellertx,kellertx,2026-02-09,Monday,20.5,2026-02-09T23:20:23
lubbock-tx,lubbock-tx,2026-02-09,Monday,0.0,2026-02-09T02:50:39
woodlands-houston-tx,woodlands-houston-tx,2026-02-09,Monday,24.0,2026-02-09T23:56:59
mckinney-tx,mckinney-tx,2026-02-09,Monday,12.0,2026-02-09T23:56:59
midlandtx,midlandtx,2026-02-09,Monday,43.0,2026-02-09T20:26:42
east-odessa-tx,east-odessa-tx,2026-02-09,Monday,0.0,2026-02-09T02:50:39
planowesttx,planowesttx,2026-02-09,Monday,13.5,2026-02-09T21:54:40
round-rock-tx,round-rock-tx,2026-02-09,Monday,0.0,2026-02-09T02:50:39
shenandoah-tx,shenandoah-tx,2026-02-09,Monday,0.0,2026-02-09T02:50:39
sherman-tx,sherman-tx,2026-02-09,Monday,10.0,2026-02-09T23:20:23
spring-tx,spring-tx,2026-02-09,Monday,7.0,2026-02-09T23:20:23
tylersouthtx,tylersouthtx,2026-02-09,Monday,44.0,2026-02-09T21:07:58
americanforkut,americanforkut,2026-02-09,Monday,47.5,2026-02-09T19:49:10
cedarcity,cedarcity,2026-02-09,Monday,25.5,2026-02-09T22:34:55
layton-ut,layton-ut,2026-02-09,Monday,25.0,2026-02-09T23:20:23
lehiut,lehiut,2026-02-09,Monday,39.0,2026-02-09T21:54:40
millcreekut,millcreekut,2026-02-09,Monday,18.5,2026-02-09T11:57:29
murrayut,murrayut,2026-02-09,Monday,18.5,2026-02-09T22:34:55
ogden-pleasant-view-ut,ogden-pleasant-view-ut,2026-02-09,Monday,22.5,2026-02-09T23:20:23
ogden-riverdale-ut,ogden-riverdale-ut,2026-02-09,Monday,6.5,2026-02-09T19:49:10
orem-ut,orem-ut,2026-02-09,Monday,25.0,2026-02-09T23:56:59
richfield,richfield,2026-02-09,Monday,5.0,2026-02-09T23:56:59
sandyut,sandyut,2026-02-09,Monday,39.5,2026-02-09T22:34:55
spanishforkut,spanishforkut,2026-02-09,Monday,28.5,2026-02-09T20:26:42
stgeorgeut,stgeorgeut,2026-02-09,Monday,16.0,2026-02-09T23:56:59
st-george-ut-river-rd,st-george-ut-river-rd,2026-02-09,Monday,13.5,2026-02-09T22:34:55
st-george-ut-sunset,st-george-ut-sunset,2026-02-09,Monday,11.0,2026-02-09T23:56:59
lynchburg-va,lynchburg-va,2026-02-09,Monday,72.0,2026-02-09T22:34:55
midlothian-va,midlothian-va,2026-02-09,Monday,0.0,2026-02-09T02:50:39
virginia-beach-va-courthouse,virginia-beach-va-courthouse,2026-02-09,Monday,0.0,2026-02-09T02:50:39
birminghamal,birminghamal,2026-02-10,Tuesday,21.0,2026-02-10T20:22:52
huntsville-al-research-park,huntsville-al-research-park,2026-02-10,Tuesday,9.0,2026-02-10T21:57:59
fayetteville-ar,fayetteville-ar,2026-02-10,Tuesday,20.0,2026-02-10T21:57:59
chandleraz,chandleraz,2026-02-10,Tuesday,18.5,2026-02-10T22:52:14
southchandleraz,southchandleraz,2026-02-10,Tuesday,39.5,2026-02-10T23:31:43
gilbertaz,gilbertaz,2026-02-10,Tuesday,41.0,2026-02-10T14:55:46
glendaleaz,glendaleaz,2026-02-10,Tuesday,31.5,2026-02-10T22:52:14
goodyear-az,goodyear-az,2026-02-10,Tuesday,0.0,2026-02-10T02:51:31
lake-havasu-city-az,lake-havasu-city-az,2026-02-10,Tuesday,0.0,2026-02-10T02:51:31
mesa-az-east,mesa-az-east,2026-02-10,Tuesday,7.0,2026-02-10T23:31:43
paradise-valley-az,paradise-valley-az,2026-02-10,Tuesday,19.5,2026-02-10T19:34:10
glendale-az-peoria,glendale-az-peoria,2026-02-10,Tuesday,21.5,2026-02-10T21:57:59
scottsdaleaz,scottsdaleaz,2026-02-10,Tuesday,45.0,2026-02-10T21:06:50
scottsdale-az-north,scottsdale-az-north,2026-02-10,Tuesday,0.0,2026-02-10T02:51:31
surpriseaz,surpriseaz,2026-02-10,Tuesday,8.0,2026-02-10T21:06:50
talkingstickaz,talkingstickaz,2026-02-10,Tuesday,0.0,2026-02-10T02:51:31
tempeaz,tempeaz,2026-02-10,Tuesday,13.5,2026-02-10T23:31:43
carlsbadca,carlsbadca,2026-02-10,Tuesday,20.5,2026-02-10T23:31:43
rancho-mirage-ca,rancho-mirage-ca,2026-02-10,Tuesday,0.0,2026-02-10T02:51:31
fort-collins-timnath-co,fort-collins-timnath-co,2026-02-10,Tuesday,0.0,2026-02-10T02:51:31
invernessco,invernessco,2026-02-10,Tuesday,25.0,2026-02-10T21:57:59
littleton-co,littleton-co,2026-02-10,Tuesday,22.5,2026-02-10T22:52:14
loveland-co-johnstown,loveland-co-johnstown,2026-02-10,Tuesday,0.0,2026-02-10T02:51:31
colorado-springs-northgate,colorado-springs-northgate,2026-02-10,Tuesday,25.0,2026-02-10T22:52:14
pueblowestco,pueblowestco,2026-02-10,Tuesday,17.0,2026-02-10T21:06:50
westminster-co,westminster-co,2026-02-10,Tuesday,0.0,2026-02-10T02:51:31
wilmingtonde,wilmingtonde,2026-02-10,Tuesday,58.0,2026-02-10T20:22:52
boca-raton-fl-west,boca-raton-fl-west,2026-02-10,Tuesday,4.0,2026-02-10T18:14:57
bradentonfl,bradentonfl,2026-02-10,Tuesday,32.0,2026-02-10T21:57:59
jacksonvillebeachfl,jacksonvillebeachfl,2026-02-10,Tuesday,27.0,2026-02-10T21:57:59
miramarbeach,miramarbeach,2026-02-10,Tuesday,35.5,2026-02-10T21:06:50
naplesfl,naplesfl,2026-02-10,Tuesday,29.0,2026-02-10T22:52:14
naples-fl-north,naples-fl-north,2026-02-10,Tuesday,8.5,2026-02-10T21:57:59
oldsmarfl,oldsmarfl,2026-02-10,Tuesday,36.0,2026-02-10T19:34:10
orlando-fl-waterford-lakes,orlando-fl-waterford-lakes,2026-02-10,Tuesday,0.0,2026-02-10T02:51:31
ponte-vedra-fl,ponte-vedra-fl,2026-02-10,Tuesday,16.0,2026-02-10T21:57:59
port-charlotte-fl,port-charlotte-fl,2026-02-10,Tuesday,21.0,2026-02-10T19:34:10
spring-hill-fl,spring-hill-fl,2026-02-10,Tuesday,22.5,2026-02-10T22:52:14
st-augustine-fl,st-augustine-fl,2026-02-10,Tuesday,0.0,2026-02-10T02:51:31
alpharetta-ga,alpharetta-ga,2026-02-10,Tuesday,14.5,2026-02-10T22:52:14
westmidtownga,westmidtownga,2026-02-10,Tuesday,22.0,2026-02-10T07:33:25
augustaga,augustaga,2026-02-10,Tuesday,34.0,2026-02-10T19:34:10
braseltonga,braseltonga,2026-02-10,Tuesday,28.0,2026-02-10T21:06:50
dacula-ga,dacula-ga,2026-02-10,Tuesday,13.5,2026-02-10T21:57:59
mcdonoughga,mcdonoughga,2026-02-10,Tuesday,4.0,2026-02-10T23:31:43
warnerrobinsga,warnerrobinsga,2026-02-10,Tuesday,34.0,2026-02-10T19:34:10
woodstock-ga,woodstock-ga,2026-02-10,Tuesday,0.0,2026-02-10T02:51:31
cedar-rapids-ia,cedar-rapids-ia,2026-02-10,Tuesday,0.0,2026-02-10T02:51:31
ankeny-ia,ankeny-ia,2026-02-10,Tuesday,13.5,2026-02-10T21:57:59
des-moines-ia-downtown,des-moines-ia-downtown,2026-02-10,Tuesday,6.0,2026-02-10T21:57:59
des-moines-waukee-ia,des-moines-waukee-ia,2026-02-10,Tuesday,16.5,2026-02-10T23:31:43
boise-id,boise-id,2026-02-10,Tuesday,36.0,2026-02-10T04:57:45
meridian-id,meridian-id,2026-02-10,Tuesday,27.0,2026-02-10T06:14:04
carmelin,carmelin,2026-02-10,Tuesday,38.0,2026-02-10T17:17:32
fishers-in,fishers-in,2026-02-10,Tuesday,46.0,2026-02-10T20:22:52
kansas-city-leawood,kansas-city-leawood,2026-02-10,Tuesday,28.5,2026-02-10T20:22:52
overlandparkks,overlandparkks,2026-02-10,Tuesday,32.5,2026-02-10T18:14:57
ascension-la,ascension-la,2026-02-10,Tuesday,2.0,2026-02-10T04:57:45
baton-rouge-st-george,baton-rouge-st-george,2026-02-10,Tuesday,19.5,2026-02-10T20:22:52
shreveport-la-south,shreveport-la-south,2026-02-10,Tuesday,19.0,2026-02-10T20:22:52
maynardma,maynardma,2026-02-10,Tuesday,19.5,2026-02-10T23:31:43
southborough-ma,southborough-ma,2026-02-10,Tuesday,58.5,2026-02-10T21:06:50
crofton-md,crofton-md,2026-02-10,Tuesday,39.0,2026-02-10T22:52:14
towson-baltimore-md,towson-baltimore-md,2026-02-10,Tuesday,40.5,2026-02-10T23:31:43
white-marsh-baltimore-md,white-marsh-baltimore-md,2026-02-10,Tuesday,0.0,2026-02-10T02:51:31
clarkstonmi,clarkstonmi,2026-02-10,Tuesday,22.5,2026-02-10T02:51:31
farmington-mi,farmington-mi,2026-02-10,Tuesday,42.0,2026-02-10T23:31:43
grand-blanc-mi,grand-blanc-mi,2026-02-10,Tuesday,28.0,2026-02-10T21:57:59
jackson-mi,jackson-mi,2026-02-10,Tuesday,0.0,2026-02-10T02:51:31
lansing-mi,lansing-mi,2026-02-10,Tuesday,47.5,2026-02-10T19:34:10
livonia-mi,livonia-mi,2026-02-10,Tuesday,52.5,2026-02-10T11:32:20
novi-mi,novi-mi,2026-02-10,Tuesday,0.0,2026-02-10T02:51:31
rochester-hills-mi,rochester-hills-mi,2026-02-10,Tuesday,28.0,2026-02-10T21:57:59
troy-mi,troy-mi,2026-02-10,Tuesday,36.0,2026-02-10T23:31:43
west-bloomfield-mi,west-bloomfield-mi,2026-02-10,Tuesday,0.0,2026-02-10T02:51:31
st-louis-crestwood-mo,st-louis-crestwood-mo,2026-02-10,Tuesday,23.5,2026-02-10T23:31:43
liberty-mo,liberty-mo,2026-02-10,Tuesday,18.0,2026-02-10T18:14:57
rollamo,rollamo,2026-02-10,Tuesday,15.5,2026-02-10T23:31:43
bozemanmt,bozemanmt,2026-02-10,Tuesday,34.0,2026-02-10T21:06:50
chapel-hill-nc,chapel-hill-nc,2026-02-10,Tuesday,30.0,2026-02-10T16:07:49
raleigh-nc-north,raleigh-nc-north,2026-02-10,Tuesday,12.5,2026-02-10T20:22:52
lincoln-ne-south,lincoln-ne-south,2026-02-10,Tuesday,24.5,2026-02-10T21:06:50
omahane,omahane,2026-02-10,Tuesday,57.5,2026-02-10T08:26:25
papillionne,papillionne,2026-02-10,Tuesday,26.5,2026-02-10T17:17:32
howell-nj,howell-nj,2026-02-10,Tuesday,13.5,2026-02-10T22:52:14
pomptonplainsnj,pomptonplainsnj,2026-02-10,Tuesday,63.5,2026-02-10T17:17:32
princetonnj,princetonnj,2026-02-10,Tuesday,32.0,2026-02-10T19:34:10
toms-river-nj,toms-river-nj,2026-02-10,Tuesday,0.0,2026-02-10T02:51:31
lascruces-nm,lascruces-nm,2026-02-10,Tuesday,19.5,2026-02-10T23:31:43
hendersonnv,hendersonnv,2026-02-10,Tuesday,27.5,2026-02-10T21:57:59
mesquitenv,mesquitenv,2026-02-10,Tuesday,28.5,2026-02-10T19:34:10
southsummerlinnv,southsummerlinnv,2026-02-10,Tuesday,30.5,2026-02-10T23:31:43
summerlinlasvegasnv,summerlinlasvegasnv,2026-02-10,Tuesday,29.0,2026-02-10T23:31:43
bethpage-ny,bethpage-ny,2026-02-10,Tuesday,50.5,2026-02-10T21:06:50
fivetowns-ny,fivetowns-ny,2026-02-10,Tuesday,20.0,2026-02-10T18:14:57
brunswickoh,brunswickoh,2026-02-10,Tuesday,47.5,2026-02-10T16:07:49
chardonoh,chardonoh,2026-02-10,Tuesday,29.0,2026-02-10T22:52:14
columbus-upper-arlington-oh,columbus-upper-arlington-oh,2026-02-10,Tuesday,38.0,2026-02-10T22:52:14
north-canton-oh,north-canton-oh,2026-02-10,Tuesday,30.0,2026-02-10T13:53:50
woosteroh,woosteroh,2026-02-10,Tuesday,39.0,2026-02-10T11:32:20
jenks-ok,jenks-ok,2026-02-10,Tuesday,10.0,2026-02-10T21:57:59
tulsa-ok-southern-hills,tulsa-ok-southern-hills,2026-02-10,Tuesday,7.0,2026-02-10T23:31:43
clackamas-or,clackamas-or,2026-02-10,Tuesday,29.5,2026-02-10T21:57:59
eugeneor,eugeneor,2026-02-10,Tuesday,56.0,2026-02-10T19:34:10
salem-keizer-or,salem-keizer-or,2026-02-10,Tuesday,37.5,2026-02-10T21:57:59
sherwoodor,sherwoodor,2026-02-10,Tuesday,25.0,2026-02-10T21:06:50
paoli-pa,paoli-pa,2026-02-10,Tuesday,24.0,2026-02-10T23:31:43
yardley-pa,yardley-pa,2026-02-10,Tuesday,28.5,2026-02-10T22:52:14
york-pa,york-pa,2026-02-10,Tuesday,45.0,2026-02-10T20:22:52
aikensc,aikensc,2026-02-10,Tuesday,24.0,2026-02-10T13:53:50
spartanburgsc,spartanburgsc,2026-02-10,Tuesday,34.0,2026-02-10T23:31:43
sioux-falls-sd-south,sioux-falls-sd-south,2026-02-10,Tuesday,45.5,2026-02-10T21:06:50
chattanoogatn,chattanoogatn,2026-02-10,Tuesday,27.0,2026-02-10T13:53:50
clarksvilletn,clarksvilletn,2026-02-10,Tuesday,53.0,2026-02-10T06:14:04
cleveland-tn,cleveland-tn,2026-02-10,Tuesday,0.0,2026-02-10T02:51:31
franklintn,franklintn,2026-02-10,Tuesday,19.0,2026-02-10T19:34:10
knoxvilletn,knoxvilletn,2026-02-10,Tuesday,33.5,2026-02-10T22:52:14
memphis-tn-collierville,memphis-tn-collierville,2026-02-10,Tuesday,22.0,2026-02-10T22:52:14
mt-juliet-tn,mt-juliet-tn,2026-02-10,Tuesday,21.0,2026-02-10T23:31:43
nashville-bellevue-tn,nashville-bellevue-tn,2026-02-10,Tuesday,16.5,2026-02-10T21:57:59
spring-hill-tn-north,spring-hill-tn-north,2026-02-10,Tuesday,28.5,2026-02-10T23:31:43
aledo-willow-park-tx,aledo-willow-park-tx,2026-02-10,Tuesday,0.0,2026-02-10T02:51:31
allen-tx,allen-tx,2026-02-10,Tuesday,0.0,2026-02-10T02:51:31
amarillo-tx,amarillo-tx,2026-02-10,Tuesday,0.0,2026-02-10T02:51:31
arlington-tx-south,arlington-tx-south,2026-02-10,Tuesday,0.0,2026-02-10T02:51:31
houston-atascocita-tx,houston-atascocita-tx,2026-02-10,Tuesday,35.5,2026-02-10T22:52:14
eastaustintx,eastaustintx,2026-02-10,Tuesday,35.0,2026-02-10T22:52:14
southwestaustintx,southwestaustintx,2026-02-10,Tuesday,26.5,2026-02-10T23:31:43
austin-tx-westlake,austin-tx-westlake,2026-02-10,Tuesday,0.0,2026-02-10T02:51:31
colleyville-tx,colleyville-tx,2026-02-10,Tuesday,21.0,2026-02-10T22:52:14
denton-tx,denton-tx,2026-02-10,Tuesday,20.5,2026-02-10T22:52:14
flowermoundtx,flowermoundtx,2026-02-10,Tuesday,36.0,2026-02-10T21:57:59
fulshear-tx,fulshear-tx,2026-02-10,Tuesday,0.0,2026-02-10T02:51:31
granburytx,granburytx,2026-02-10,Tuesday,16.5,2026-02-10T23:31:43
grand-prairie-tx,grand-prairie-tx,2026-02-10,Tuesday,16.5,2026-02-10T21:57:59
houstonheightstx,houstonheightstx,2026-02-10,Tuesday,40.0,2026-02-10T18:14:57
houston-memorial-tx,houston-memorial-tx,2026-02-10,Tuesday,36.5,2026-02-10T21:57:59
katy-tx,katy-tx,2026-02-10,Tuesday,14.5,2026-02-10T21:57:59
kellertx,kellertx,2026-02-10,Tuesday,20.5,2026-02-10T22:52:14
lubbock-tx,lubbock-tx,2026-02-10,Tuesday,3.5,2026-02-10T23:31:43
woodlands-houston-tx,woodlands-houston-tx,2026-02-10,Tuesday,31.0,2026-02-10T23:31:43
mckinney-tx,mckinney-tx,2026-02-10,Tuesday,10.0,2026-02-10T19:34:10
midlandtx,midlandtx,2026-02-10,Tuesday,49.0,2026-02-10T23:31:43
east-odessa-tx,east-odessa-tx,2026-02-10,Tuesday,0.0,2026-02-10T02:51:31
planowesttx,planowesttx,2026-02-10,Tuesday,19.0,2026-02-10T22:52:14
round-rock-tx,round-rock-tx,2026-02-10,Tuesday,0.0,2026-02-10T02:51:31
shenandoah-tx,shenandoah-tx,2026-02-10,Tuesday,0.0,2026-02-10T02:51:31
sherman-tx,sherman-tx,2026-02-10,Tuesday,16.0,2026-02-10T23:31:43
spring-tx,spring-tx,2026-02-10,Tuesday,8.5,2026-02-10T22:52:14
tylersouthtx,tylersouthtx,2026-02-10,Tuesday,45.5,2026-02-10T21:57:59
americanforkut,americanforkut,2026-02-10,Tuesday,46.0,2026-02-10T06:14:04
cedarcity,cedarcity,2026-02-10,Tuesday,32.0,2026-02-10T22:52:14
layton-ut,layton-ut,2026-02-10,Tuesday,30.0,2026-02-10T23:31:43
lehiut,lehiut,2026-02-10,Tuesday,45.5,2026-02-10T19:34:10
millcreekut,millcreekut,2026-02-10,Tuesday,18.5,2026-02-10T02:51:31
murrayut,murrayut,2026-02-10,Tuesday,13.0,2026-02-10T21:06:50
ogden-pleasant-view-ut,ogden-pleasant-view-ut,2026-02-10,Tuesday,32.0,2026-02-10T21:06:50
ogden-riverdale-ut,ogden-riverdale-ut,2026-02-10,Tuesday,10.5,2026-02-10T22:52:14
orem-ut,orem-ut,2026-02-10,Tuesday,34.5,2026-02-10T22:52:14
richfield,richfield,2026-02-10,Tuesday,9.0,2026-02-10T23:31:43
sandyut,sandyut,2026-02-10,Tuesday,47.0,2026-02-10T21:06:50
spanishforkut,spanishforkut,2026-02-10,Tuesday,26.5,2026-02-10T21:57:59
stgeorgeut,stgeorgeut,2026-02-10,Tuesday,14.5,2026-02-10T16:07:49
st-george-ut-river-rd,st-george-ut-river-rd,2026-02-10,Tuesday,26.5,2026-02-10T22:52:14
st-george-ut-sunset,st-george-ut-sunset,2026-02-10,Tuesday,7.0,2026-02-10T21:57:59
lynchburg-va,lynchburg-va,2026-02-10,Tuesday,72.0,2026-02-10T02:51:31
midlothian-va,midlothian-va,2026-02-10,Tuesday,0.0,2026-02-10T02:51:31
virginia-beach-va-courthouse,virginia-beach-va-courthouse,2026-02-10,Tuesday,0.0,2026-02-10T02:51:31
cedar-park-tx-lakeline,cedar-park-tx-lakeline,2026-02-10,Tuesday,0.0,2026-02-10T19:34:10
birminghamal,birminghamal,2026-02-11,Wednesday,32.0,2026-02-11T21:44:18
huntsville-al-research-park,huntsville-al-research-park,2026-02-11,Wednesday,9.0,2026-02-11T23:53:32
fayetteville-ar,fayetteville-ar,2026-02-11,Wednesday,8.0,2026-02-11T23:25:42
chandleraz,chandleraz,2026-02-11,Wednesday,14.0,2026-02-11T23:53:32
southchandleraz,southchandleraz,2026-02-11,Wednesday,34.0,2026-02-11T22:14:28
gilbertaz,gilbertaz,2026-02-11,Wednesday,49.0,2026-02-11T23:25:42
glendaleaz,glendaleaz,2026-02-11,Wednesday,34.0,2026-02-11T23:25:42
goodyear-az,goodyear-az,2026-02-11,Wednesday,0.0,2026-02-11T00:04:47
lake-havasu-city-az,lake-havasu-city-az,2026-02-11,Wednesday,0.0,2026-02-11T00:04:47
mesa-az-east,mesa-az-east,2026-02-11,Wednesday,4.5,2026-02-11T23:25:42
paradise-valley-az,paradise-valley-az,2026-02-11,Wednesday,12.5,2026-02-11T22:14:28
glendale-az-peoria,glendale-az-peoria,2026-02-11,Wednesday,23.0,2026-02-11T22:14:28
scottsdaleaz,scottsdaleaz,2026-02-11,Wednesday,37.5,2026-02-11T21:44:18
scottsdale-az-north,scottsdale-az-north,2026-02-11,Wednesday,0.0,2026-02-11T00:04:47
surpriseaz,surpriseaz,2026-02-11,Wednesday,14.5,2026-02-11T21:00:33
talkingstickaz,talkingstickaz,2026-02-11,Wednesday,0.0,2026-02-11T00:04:47
tempeaz,tempeaz,2026-02-11,Wednesday,20.0,2026-02-11T23:53:32
carlsbadca,carlsbadca,2026-02-11,Wednesday,28.0,2026-02-11T22:14:28
rancho-mirage-ca,rancho-mirage-ca,2026-02-11,Wednesday,0.0,2026-02-11T00:04:47
fort-collins-timnath-co,fort-collins-timnath-co,2026-02-11,Wednesday,0.0,2026-02-11T00:04:47
invernessco,invernessco,2026-02-11,Wednesday,31.5,2026-02-11T19:42:51
littleton-co,littleton-co,2026-02-11,Wednesday,14.5,2026-02-11T19:42:51
loveland-co-johnstown,loveland-co-johnstown,2026-02-11,Wednesday,0.0,2026-02-11T00:04:47
colorado-springs-northgate,colorado-springs-northgate,2026-02-11,Wednesday,22.0,2026-02-11T23:25:42
pueblowestco,pueblowestco,2026-02-11,Wednesday,20.0,2026-02-11T23:53:32
westminster-co,westminster-co,2026-02-11,Wednesday,0.0,2026-02-11T00:04:47
wilmingtonde,wilmingtonde,2026-02-11,Wednesday,55.5,2026-02-11T23:25:42
boca-raton-fl-west,boca-raton-fl-west,2026-02-11,Wednesday,24.0,2026-02-11T00:04:47
bradentonfl,bradentonfl,2026-02-11,Wednesday,20.0,2026-02-11T22:52:39
jacksonvillebeachfl,jacksonvillebeachfl,2026-02-11,Wednesday,23.5,2026-02-11T22:52:39
miramarbeach,miramarbeach,2026-02-11,Wednesday,28.5,2026-02-11T23:53:32
naplesfl,naplesfl,2026-02-11,Wednesday,31.5,2026-02-11T23:53:32
naples-fl-north,naples-fl-north,2026-02-11,Wednesday,9.5,2026-02-11T21:00:33
oldsmarfl,oldsmarfl,2026-02-11,Wednesday,35.5,2026-02-11T16:43:33
orlando-fl-waterford-lakes,orlando-fl-waterford-lakes,2026-02-11,Wednesday,0.0,2026-02-11T00:04:47
ponte-vedra-fl,ponte-vedra-fl,2026-02-11,Wednesday,20.0,2026-02-11T23:53:32
port-charlotte-fl,port-charlotte-fl,2026-02-11,Wednesday,23.5,2026-02-11T23:53:32
spring-hill-fl,spring-hill-fl,2026-02-11,Wednesday,37.0,2026-02-11T21:44:18
st-augustine-fl,st-augustine-fl,2026-02-11,Wednesday,0.0,2026-02-11T00:04:47
alpharetta-ga,alpharetta-ga,2026-02-11,Wednesday,21.5,2026-02-11T22:52:39
westmidtownga,westmidtownga,2026-02-11,Wednesday,28.5,2026-02-11T22:52:39
augustaga,augustaga,2026-02-11,Wednesday,36.5,2026-02-11T22:52:39
braseltonga,braseltonga,2026-02-11,Wednesday,30.0,2026-02-11T19:42:51
dacula-ga,dacula-ga,2026-02-11,Wednesday,16.5,2026-02-11T22:14:28
mcdonoughga,mcdonoughga,2026-02-11,Wednesday,8.0,2026-02-11T23:53:32
warnerrobinsga,warnerrobinsga,2026-02-11,Wednesday,31.0,2026-02-11T19:42:51
woodstock-ga,woodstock-ga,2026-02-11,Wednesday,0.0,2026-02-11T00:04:47
cedar-rapids-ia,cedar-rapids-ia,2026-02-11,Wednesday,0.0,2026-02-11T00:04:47
ankeny-ia,ankeny-ia,2026-02-11,Wednesday,15.0,2026-02-11T21:44:18
des-moines-ia-downtown,des-moines-ia-downtown,2026-02-11,Wednesday,10.0,2026-02-11T21:44:18
des-moines-waukee-ia,des-moines-waukee-ia,2026-02-11,Wednesday,7.0,2026-02-11T17:42:58
boise-id,boise-id,2026-02-11,Wednesday,41.0,2026-02-11T22:14:28
meridian-id,meridian-id,2026-02-11,Wednesday,28.0,2026-02-11T05:15:20
carmelin,carmelin,2026-02-11,Wednesday,42.0,2026-02-11T20:21:43
fishers-in,fishers-in,2026-02-11,Wednesday,48.5,2026-02-11T18:40:41
kansas-city-leawood,kansas-city-leawood,2026-02-11,Wednesday,24.0,2026-02-11T19:42:51
overlandparkks,overlandparkks,2026-02-11,Wednesday,37.0,2026-02-11T13:38:59
ascension-la,ascension-la,2026-02-11,Wednesday,5.0,2026-02-11T05:15:20
baton-rouge-st-george,baton-rouge-st-george,2026-02-11,Wednesday,20.0,2026-02-11T21:00:33
shreveport-la-south,shreveport-la-south,2026-02-11,Wednesday,30.5,2026-02-11T19:42:51
maynardma,maynardma,2026-02-11,Wednesday,23.5,2026-02-11T18:40:41
southborough-ma,southborough-ma,2026-02-11,Wednesday,63.0,2026-02-11T23:53:32
crofton-md,crofton-md,2026-02-11,Wednesday,44.5,2026-02-11T23:53:32
towson-baltimore-md,towson-baltimore-md,2026-02-11,Wednesday,20.5,2026-02-11T20:21:43
white-marsh-baltimore-md,white-marsh-baltimore-md,2026-02-11,Wednesday,0.0,2026-02-11T00:04:47
clarkstonmi,clarkstonmi,2026-02-11,Wednesday,33.0,2026-02-11T17:42:58
farmington-mi,farmington-mi,2026-02-11,Wednesday,31.5,2026-02-11T18:40:41
grand-blanc-mi,grand-blanc-mi,2026-02-11,Wednesday,30.0,2026-02-11T21:00:33
jackson-mi,jackson-mi,2026-02-11,Wednesday,0.0,2026-02-11T00:04:47
lansing-mi,lansing-mi,2026-02-11,Wednesday,54.5,2026-02-11T17:42:58
livonia-mi,livonia-mi,2026-02-11,Wednesday,43.0,2026-02-11T11:09:16
novi-mi,novi-mi,2026-02-11,Wednesday,0.0,2026-02-11T00:04:47
rochester-hills-mi,rochester-hills-mi,2026-02-11,Wednesday,24.0,2026-02-11T18:40:41
troy-mi,troy-mi,2026-02-11,Wednesday,30.0,2026-02-11T21:44:18
west-bloomfield-mi,west-bloomfield-mi,2026-02-11,Wednesday,0.0,2026-02-11T00:04:47
st-louis-crestwood-mo,st-louis-crestwood-mo,2026-02-11,Wednesday,24.0,2026-02-11T23:25:42
liberty-mo,liberty-mo,2026-02-11,Wednesday,17.0,2026-02-11T21:44:18
rollamo,rollamo,2026-02-11,Wednesday,15.5,2026-02-11T22:14:28
bozemanmt,bozemanmt,2026-02-11,Wednesday,42.0,2026-02-11T23:25:42
chapel-hill-nc,chapel-hill-nc,2026-02-11,Wednesday,27.5,2026-02-11T23:25:42
raleigh-nc-north,raleigh-nc-north,2026-02-11,Wednesday,7.5,2026-02-11T17:42:58
lincoln-ne-south,lincoln-ne-south,2026-02-11,Wednesday,34.5,2026-02-11T22:52:39
omahane,omahane,2026-02-11,Wednesday,55.0,2026-02-11T23:25:42
papillionne,papillionne,2026-02-11,Wednesday,25.0,2026-02-11T17:42:58
howell-nj,howell-nj,2026-02-11,Wednesday,15.5,2026-02-11T22:52:39
pomptonplainsnj,pomptonplainsnj,2026-02-11,Wednesday,58.0,2026-02-11T20:21:43
princetonnj,princetonnj,2026-02-11,Wednesday,29.0,2026-02-11T21:44:18
toms-river-nj,toms-river-nj,2026-02-11,Wednesday,0.0,2026-02-11T00:04:47
lascruces-nm,lascruces-nm,2026-02-11,Wednesday,13.5,2026-02-11T21:00:33
hendersonnv,hendersonnv,2026-02-11,Wednesday,31.0,2026-02-11T23:53:32
mesquitenv,mesquitenv,2026-02-11,Wednesday,20.5,2026-02-11T18:40:41
southsummerlinnv,southsummerlinnv,2026-02-11,Wednesday,36.0,2026-02-11T23:53:32
summerlinlasvegasnv,summerlinlasvegasnv,2026-02-11,Wednesday,38.5,2026-02-11T21:00:33
bethpage-ny,bethpage-ny,2026-02-11,Wednesday,47.0,2026-02-11T19:42:51
fivetowns-ny,fivetowns-ny,2026-02-11,Wednesday,19.5,2026-02-11T16:43:33
brunswickoh,brunswickoh,2026-02-11,Wednesday,51.5,2026-02-11T22:52:39
chardonoh,chardonoh,2026-02-11,Wednesday,30.5,2026-02-11T23:53:32
columbus-upper-arlington-oh,columbus-upper-arlington-oh,2026-02-11,Wednesday,26.5,2026-02-11T19:42:51
north-canton-oh,north-canton-oh,2026-02-11,Wednesday,42.5,2026-02-11T13:38:59
woosteroh,woosteroh,2026-02-11,Wednesday,36.5,2026-02-11T16:43:33
jenks-ok,jenks-ok,2026-02-11,Wednesday,11.0,2026-02-11T23:25:42
tulsa-ok-southern-hills,tulsa-ok-southern-hills,2026-02-11,Wednesday,24.0,2026-02-11T22:14:28
clackamas-or,clackamas-or,2026-02-11,Wednesday,30.0,2026-02-11T23:53:32
eugeneor,eugeneor,2026-02-11,Wednesday,58.0,2026-02-11T21:00:33
salem-keizer-or,salem-keizer-or,2026-02-11,Wednesday,32.5,2026-02-11T20:21:43
sherwoodor,sherwoodor,2026-02-11,Wednesday,31.5,2026-02-11T23:25:42
paoli-pa,paoli-pa,2026-02-11,Wednesday,29.5,2026-02-11T21:44:18
yardley-pa,yardley-pa,2026-02-11,Wednesday,45.0,2026-02-11T18:40:41
york-pa,york-pa,2026-02-11,Wednesday,49.5,2026-02-11T11:09:16
aikensc,aikensc,2026-02-11,Wednesday,30.0,2026-02-11T16:43:33
spartanburgsc,spartanburgsc,2026-02-11,Wednesday,26.0,2026-02-11T23:25:42
sioux-falls-sd-south,sioux-falls-sd-south,2026-02-11,Wednesday,35.5,2026-02-11T19:42:51
chattanoogatn,chattanoogatn,2026-02-11,Wednesday,26.0,2026-02-11T20:21:43
clarksvilletn,clarksvilletn,2026-02-11,Wednesday,52.5,2026-02-11T23:25:42
cleveland-tn,cleveland-tn,2026-02-11,Wednesday,0.0,2026-02-11T00:04:47
franklintn,franklintn,2026-02-11,Wednesday,23.0,2026-02-11T20:21:43
knoxvilletn,knoxvilletn,2026-02-11,Wednesday,41.5,2026-02-11T23:25:42
memphis-tn-collierville,memphis-tn-collierville,2026-02-11,Wednesday,18.0,2026-02-11T13:38:59
mt-juliet-tn,mt-juliet-tn,2026-02-11,Wednesday,18.5,2026-02-11T22:52:39
nashville-bellevue-tn,nashville-bellevue-tn,2026-02-11,Wednesday,13.0,2026-02-11T22:14:28
spring-hill-tn-north,spring-hill-tn-north,2026-02-11,Wednesday,31.0,2026-02-11T03:23:01
aledo-willow-park-tx,aledo-willow-park-tx,2026-02-11,Wednesday,0.0,2026-02-11T00:04:47
allen-tx,allen-tx,2026-02-11,Wednesday,0.0,2026-02-11T00:04:47
amarillo-tx,amarillo-tx,2026-02-11,Wednesday,0.0,2026-02-11T00:04:47
arlington-tx-south,arlington-tx-south,2026-02-11,Wednesday,0.0,2026-02-11T00:04:47
houston-atascocita-tx,houston-atascocita-tx,2026-02-11,Wednesday,22.5,2026-02-11T23:53:32
eastaustintx,eastaustintx,2026-02-11,Wednesday,36.0,2026-02-11T20:21:43
southwestaustintx,southwestaustintx,2026-02-11,Wednesday,15.0,2026-02-11T22:52:39
austin-tx-westlake,austin-tx-westlake,2026-02-11,Wednesday,0.0,2026-02-11T00:04:47
cedar-park-tx-lakeline,cedar-park-tx-lakeline,2026-02-11,Wednesday,0.0,2026-02-11T00:04:47
colleyville-tx,colleyville-tx,2026-02-11,Wednesday,31.5,2026-02-11T22:52:39
denton-tx,denton-tx,2026-02-11,Wednesday,15.0,2026-02-11T22:14:28
flowermoundtx,flowermoundtx,2026-02-11,Wednesday,43.5,2026-02-11T22:52:39
fulshear-tx,fulshear-tx,2026-02-11,Wednesday,0.0,2026-02-11T00:04:47
granburytx,granburytx,2026-02-11,Wednesday,11.0,2026-02-11T22:52:39
grand-prairie-tx,grand-prairie-tx,2026-02-11,Wednesday,22.0,2026-02-11T23:25:42
houstonheightstx,houstonheightstx,2026-02-11,Wednesday,44.0,2026-02-11T22:14:28
houston-memorial-tx,houston-memorial-tx,2026-02-11,Wednesday,44.5,2026-02-11T15:40:40
katy-tx,katy-tx,2026-02-11,Wednesday,26.0,2026-02-11T06:18:20
kellertx,kellertx,2026-02-11,Wednesday,29.0,2026-02-11T21:00:33
lubbock-tx,lubbock-tx,2026-02-11,Wednesday,18.5,2026-02-11T22:52:39
woodlands-houston-tx,woodlands-houston-tx,2026-02-11,Wednesday,33.0,2026-02-11T18:40:41
mckinney-tx,mckinney-tx,2026-02-11,Wednesday,16.0,2026-02-11T23:25:42
midlandtx,midlandtx,2026-02-11,Wednesday,63.0,2026-02-11T22:52:39
east-odessa-tx,east-odessa-tx,2026-02-11,Wednesday,0.0,2026-02-11T00:04:47
planowesttx,planowesttx,2026-02-11,Wednesday,28.5,2026-02-11T22:52:39
round-rock-tx,round-rock-tx,2026-02-11,Wednesday,0.0,2026-02-11T00:04:47
shenandoah-tx,shenandoah-tx,2026-02-11,Wednesday,0.0,2026-02-11T00:04:47
sherman-tx,sherman-tx,2026-02-11,Wednesday,22.5,2026-02-11T23:25:42
spring-tx,spring-tx,2026-02-11,Wednesday,15.5,2026-02-11T21:00:33
tylersouthtx,tylersouthtx,2026-02-11,Wednesday,59.0,2026-02-11T23:25:42
americanforkut,americanforkut,2026-02-11,Wednesday,53.5,2026-02-11T03:23:01
cedarcity,cedarcity,2026-02-11,Wednesday,33.5,2026-02-11T19:42:51
layton-ut,layton-ut,2026-02-11,Wednesday,23.0,2026-02-11T23:25:42
lehiut,lehiut,2026-02-11,Wednesday,49.5,2026-02-11T23:53:32
millcreekut,millcreekut,2026-02-11,Wednesday,18.0,2026-02-11T13:38:59
murrayut,murrayut,2026-02-11,Wednesday,21.5,2026-02-11T22:52:39
ogden-pleasant-view-ut,ogden-pleasant-view-ut,2026-02-11,Wednesday,32.0,2026-02-11T21:44:18
ogden-riverdale-ut,ogden-riverdale-ut,2026-02-11,Wednesday,25.0,2026-02-11T23:25:42
orem-ut,orem-ut,2026-02-11,Wednesday,37.5,2026-02-11T22:52:39
richfield,richfield,2026-02-11,Wednesday,15.0,2026-02-11T22:52:39
sandyut,sandyut,2026-02-11,Wednesday,54.0,2026-02-11T22:14:28
spanishforkut,spanishforkut,2026-02-11,Wednesday,31.0,2026-02-11T16:43:33
stgeorgeut,stgeorgeut,2026-02-11,Wednesday,20.5,2026-02-11T23:53:32
st-george-ut-river-rd,st-george-ut-river-rd,2026-02-11,Wednesday,18.5,2026-02-11T18:40:41
st-george-ut-sunset,st-george-ut-sunset,2026-02-11,Wednesday,13.5,2026-02-11T23:25:42
lynchburg-va,lynchburg-va,2026-02-11,Wednesday,56.0,2026-02-11T22:52:39
midlothian-va,midlothian-va,2026-02-11,Wednesday,0.0,2026-02-11T00:04:47
virginia-beach-va-courthouse,virginia-beach-va-courthouse,2026-02-11,Wednesday,0.0,2026-02-11T00:04:47
birminghamal,birminghamal,2026-02-12,Thursday,24.0,2026-02-12T22:16:59
huntsville-al-research-park,huntsville-al-research-park,2026-02-12,Thursday,11.0,2026-02-12T19:20:26
fayetteville-ar,fayetteville-ar,2026-02-12,Thursday,14.0,2026-02-12T19:55:25
chandleraz,chandleraz,2026-02-12,Thursday,28.0,2026-02-12T22:52:31
southchandleraz,southchandleraz,2026-02-12,Thursday,41.0,2026-02-12T23:22:14
gilbertaz,gilbertaz,2026-02-12,Thursday,44.5,2026-02-12T23:22:14
glendaleaz,glendaleaz,2026-02-12,Thursday,34.0,2026-02-12T22:52:31
goodyear-az,goodyear-az,2026-02-12,Thursday,0.0,2026-02-12T01:53:47
lake-havasu-city-az,lake-havasu-city-az,2026-02-12,Thursday,0.0,2026-02-12T01:53:47
mesa-az-east,mesa-az-east,2026-02-12,Thursday,6.5,2026-02-12T21:47:23
paradise-valley-az,paradise-valley-az,2026-02-12,Thursday,5.0,2026-02-12T22:52:31
glendale-az-peoria,glendale-az-peoria,2026-02-12,Thursday,21.0,2026-02-12T23:51:44
scottsdaleaz,scottsdaleaz,2026-02-12,Thursday,53.0,2026-02-12T22:52:31
scottsdale-az-north,scottsdale-az-north,2026-02-12,Thursday,0.0,2026-02-12T01:53:47
surpriseaz,surpriseaz,2026-02-12,Thursday,19.5,2026-02-12T23:51:44
talkingstickaz,talkingstickaz,2026-02-12,Thursday,0.0,2026-02-12T01:53:47
tempeaz,tempeaz,2026-02-12,Thursday,20.5,2026-02-12T22:52:31
carlsbadca,carlsbadca,2026-02-12,Thursday,21.0,2026-02-12T20:36:53
rancho-mirage-ca,rancho-mirage-ca,2026-02-12,Thursday,0.0,2026-02-12T01:53:47
fort-collins-timnath-co,fort-collins-timnath-co,2026-02-12,Thursday,0.0,2026-02-12T01:53:47
invernessco,invernessco,2026-02-12,Thursday,42.5,2026-02-12T18:10:13
littleton-co,littleton-co,2026-02-12,Thursday,29.5,2026-02-12T21:47:23
loveland-co-johnstown,loveland-co-johnstown,2026-02-12,Thursday,0.0,2026-02-12T01:53:47
colorado-springs-northgate,colorado-springs-northgate,2026-02-12,Thursday,20.0,2026-02-12T04:22:52
pueblowestco,pueblowestco,2026-02-12,Thursday,28.0,2026-02-12T23:22:14
westminster-co,westminster-co,2026-02-12,Thursday,0.0,2026-02-12T01:53:47
wilmingtonde,wilmingtonde,2026-02-12,Thursday,56.5,2026-02-12T21:47:23
boca-raton-fl-west,boca-raton-fl-west,2026-02-12,Thursday,2.0,2026-02-12T22:16:59
bradentonfl,bradentonfl,2026-02-12,Thursday,23.0,2026-02-12T23:22:14
jacksonvillebeachfl,jacksonvillebeachfl,2026-02-12,Thursday,19.0,2026-02-12T17:16:50
miramarbeach,miramarbeach,2026-02-12,Thursday,28.0,2026-02-12T22:16:59
naplesfl,naplesfl,2026-02-12,Thursday,27.0,2026-02-12T22:52:31
naples-fl-north,naples-fl-north,2026-02-12,Thursday,5.0,2026-02-12T20:36:53
oldsmarfl,oldsmarfl,2026-02-12,Thursday,32.0,2026-02-12T23:51:44
orlando-fl-waterford-lakes,orlando-fl-waterford-lakes,2026-02-12,Thursday,0.0,2026-02-12T01:53:47
ponte-vedra-fl,ponte-vedra-fl,2026-02-12,Thursday,15.5,2026-02-12T23:51:44
port-charlotte-fl,port-charlotte-fl,2026-02-12,Thursday,18.5,2026-02-12T23:22:14
spring-hill-fl,spring-hill-fl,2026-02-12,Thursday,32.5,2026-02-12T21:47:23
st-augustine-fl,st-augustine-fl,2026-02-12,Thursday,0.0,2026-02-12T01:53:47
alpharetta-ga,alpharetta-ga,2026-02-12,Thursday,17.5,2026-02-12T22:16:59
westmidtownga,westmidtownga,2026-02-12,Thursday,27.0,2026-02-12T23:51:44
augustaga,augustaga,2026-02-12,Thursday,35.0,2026-02-12T22:52:31
braseltonga,braseltonga,2026-02-12,Thursday,37.0,2026-02-12T18:10:13
dacula-ga,dacula-ga,2026-02-12,Thursday,14.0,2026-02-12T22:16:59
mcdonoughga,mcdonoughga,2026-02-12,Thursday,5.0,2026-02-12T23:51:44
warnerrobinsga,warnerrobinsga,2026-02-12,Thursday,32.0,2026-02-12T21:47:23
woodstock-ga,woodstock-ga,2026-02-12,Thursday,0.0,2026-02-12T01:53:47
cedar-rapids-ia,cedar-rapids-ia,2026-02-12,Thursday,0.0,2026-02-12T01:53:47
ankeny-ia,ankeny-ia,2026-02-12,Thursday,27.0,2026-02-12T21:47:23
des-moines-ia-downtown,des-moines-ia-downtown,2026-02-12,Thursday,9.0,2026-02-12T18:10:13
des-moines-waukee-ia,des-moines-waukee-ia,2026-02-12,Thursday,16.5,2026-02-12T23:22:14
boise-id,boise-id,2026-02-12,Thursday,45.0,2026-02-12T08:27:04
meridian-id,meridian-id,2026-02-12,Thursday,39.5,2026-02-12T16:09:33
carmelin,carmelin,2026-02-12,Thursday,39.5,2026-02-12T23:51:44
fishers-in,fishers-in,2026-02-12,Thursday,47.5,2026-02-12T18:10:13
kansas-city-leawood,kansas-city-leawood,2026-02-12,Thursday,33.5,2026-02-12T19:20:26
overlandparkks,overlandparkks,2026-02-12,Thursday,40.5,2026-02-12T15:10:12
ascension-la,ascension-la,2026-02-12,Thursday,0.0,2026-02-12T01:53:47
baton-rouge-st-george,baton-rouge-st-george,2026-02-12,Thursday,18.0,2026-02-12T19:20:26
shreveport-la-south,shreveport-la-south,2026-02-12,Thursday,34.5,2026-02-12T22:16:59
maynardma,maynardma,2026-02-12,Thursday,39.5,2026-02-12T22:52:31
southborough-ma,southborough-ma,2026-02-12,Thursday,68.5,2026-02-12T18:10:13
crofton-md,crofton-md,2026-02-12,Thursday,44.5,2026-02-12T20:36:53
towson-baltimore-md,towson-baltimore-md,2026-02-12,Thursday,43.5,2026-02-12T23:51:44
white-marsh-baltimore-md,white-marsh-baltimore-md,2026-02-12,Thursday,0.0,2026-02-12T01:53:47
clarkstonmi,clarkstonmi,2026-02-12,Thursday,23.5,2026-02-12T16:09:33
farmington-mi,farmington-mi,2026-02-12,Thursday,34.0,2026-02-12T19:20:26
grand-blanc-mi,grand-blanc-mi,2026-02-12,Thursday,31.0,2026-02-12T22:16:59
jackson-mi,jackson-mi,2026-02-12,Thursday,0.0,2026-02-12T01:53:47
lansing-mi,lansing-mi,2026-02-12,Thursday,47.0,2026-02-12T18:10:13
livonia-mi,livonia-mi,2026-02-12,Thursday,48.0,2026-02-12T21:04:22
novi-mi,novi-mi,2026-02-12,Thursday,4.0,2026-02-12T22:16:59
rochester-hills-mi,rochester-hills-mi,2026-02-12,Thursday,30.5,2026-02-12T18:10:13
troy-mi,troy-mi,2026-02-12,Thursday,38.5,2026-02-12T18:10:13
west-bloomfield-mi,west-bloomfield-mi,2026-02-12,Thursday,0.0,2026-02-12T01:53:47
st-louis-crestwood-mo,st-louis-crestwood-mo,2026-02-12,Thursday,11.0,2026-02-12T22:16:59
liberty-mo,liberty-mo,2026-02-12,Thursday,18.0,2026-02-12T22:52:31
rollamo,rollamo,2026-02-12,Thursday,21.0,2026-02-12T23:51:44
bozemanmt,bozemanmt,2026-02-12,Thursday,44.0,2026-02-12T23:22:14
chapel-hill-nc,chapel-hill-nc,2026-02-12,Thursday,30.0,2026-02-12T23:22:14
raleigh-nc-north,raleigh-nc-north,2026-02-12,Thursday,16.5,2026-02-12T21:04:22
lincoln-ne-south,lincoln-ne-south,2026-02-12,Thursday,42.5,2026-02-12T23:22:14
omahane,omahane,2026-02-12,Thursday,51.5,2026-02-12T17:16:50
papillionne,papillionne,2026-02-12,Thursday,24.5,2026-02-12T18:10:13
howell-nj,howell-nj,2026-02-12,Thursday,32.0,2026-02-12T22:52:31
pomptonplainsnj,pomptonplainsnj,2026-02-12,Thursday,51.5,2026-02-12T22:52:31
princetonnj,princetonnj,2026-02-12,Thursday,41.0,2026-02-12T21:47:23
toms-river-nj,toms-river-nj,2026-02-12,Thursday,0.0,2026-02-12T01:53:47
lascruces-nm,lascruces-nm,2026-02-12,Thursday,21.0,2026-02-12T22:52:31
hendersonnv,hendersonnv,2026-02-12,Thursday,35.0,2026-02-12T22:52:31
mesquitenv,mesquitenv,2026-02-12,Thursday,23.0,2026-02-12T16:09:33
southsummerlinnv,southsummerlinnv,2026-02-12,Thursday,32.0,2026-02-12T21:04:22
summerlinlasvegasnv,summerlinlasvegasnv,2026-02-12,Thursday,29.5,2026-02-12T21:04:22
bethpage-ny,bethpage-ny,2026-02-12,Thursday,46.5,2026-02-12T09:26:44
fivetowns-ny,fivetowns-ny,2026-02-12,Thursday,29.0,2026-02-12T13:10:40
brunswickoh,brunswickoh,2026-02-12,Thursday,57.0,2026-02-12T21:04:22
chardonoh,chardonoh,2026-02-12,Thursday,33.5,2026-02-12T23:22:14
columbus-upper-arlington-oh,columbus-upper-arlington-oh,2026-02-12,Thursday,34.5,2026-02-12T21:47:23
north-canton-oh,north-canton-oh,2026-02-12,Thursday,48.5,2026-02-12T05:45:10
woosteroh,woosteroh,2026-02-12,Thursday,39.0,2026-02-12T21:47:23
jenks-ok,jenks-ok,2026-02-12,Thursday,11.0,2026-02-12T19:55:25
tulsa-ok-southern-hills,tulsa-ok-southern-hills,2026-02-12,Thursday,17.5,2026-02-12T23:51:44
clackamas-or,clackamas-or,2026-02-12,Thursday,23.0,2026-02-12T16:09:33
eugeneor,eugeneor,2026-02-12,Thursday,55.5,2026-02-12T19:20:26
salem-keizer-or,salem-keizer-or,2026-02-12,Thursday,32.5,2026-02-12T22:16:59
sherwoodor,sherwoodor,2026-02-12,Thursday,42.0,2026-02-12T22:52:31
paoli-pa,paoli-pa,2026-02-12,Thursday,30.5,2026-02-12T23:22:14
yardley-pa,yardley-pa,2026-02-12,Thursday,39.0,2026-02-12T15:10:12
york-pa,york-pa,2026-02-12,Thursday,59.0,2026-02-12T19:20:26
aikensc,aikensc,2026-02-12,Thursday,33.0,2026-02-12T23:51:44
spartanburgsc,spartanburgsc,2026-02-12,Thursday,36.0,2026-02-12T21:04:22
sioux-falls-sd-south,sioux-falls-sd-south,2026-02-12,Thursday,37.5,2026-02-12T19:55:25
chattanoogatn,chattanoogatn,2026-02-12,Thursday,23.0,2026-02-12T19:20:26
clarksvilletn,clarksvilletn,2026-02-12,Thursday,58.0,2026-02-12T20:36:53
cleveland-tn,cleveland-tn,2026-02-12,Thursday,0.0,2026-02-12T01:53:47
franklintn,franklintn,2026-02-12,Thursday,23.5,2026-02-12T22:52:31
knoxvilletn,knoxvilletn,2026-02-12,Thursday,51.0,2026-02-12T17:16:50
memphis-tn-collierville,memphis-tn-collierville,2026-02-12,Thursday,24.0,2026-02-12T14:16:22
mt-juliet-tn,mt-juliet-tn,2026-02-12,Thursday,31.5,2026-02-12T21:04:22
nashville-bellevue-tn,nashville-bellevue-tn,2026-02-12,Thursday,8.5,2026-02-12T21:04:22
spring-hill-tn-north,spring-hill-tn-north,2026-02-12,Thursday,28.0,2026-02-12T22:52:31
aledo-willow-park-tx,aledo-willow-park-tx,2026-02-12,Thursday,0.0,2026-02-12T01:53:47
allen-tx,allen-tx,2026-02-12,Thursday,0.0,2026-02-12T01:53:47
amarillo-tx,amarillo-tx,2026-02-12,Thursday,0.0,2026-02-12T01:53:47
arlington-tx-south,arlington-tx-south,2026-02-12,Thursday,0.0,2026-02-12T01:53:47
houston-atascocita-tx,houston-atascocita-tx,2026-02-12,Thursday,31.5,2026-02-12T19:55:25
eastaustintx,eastaustintx,2026-02-12,Thursday,38.5,2026-02-12T20:36:53
southwestaustintx,southwestaustintx,2026-02-12,Thursday,23.0,2026-02-12T23:22:14
austin-tx-westlake,austin-tx-westlake,2026-02-12,Thursday,0.0,2026-02-12T01:53:47
cedar-park-tx-lakeline,cedar-park-tx-lakeline,2026-02-12,Thursday,0.0,2026-02-12T01:53:47
colleyville-tx,colleyville-tx,2026-02-12,Thursday,22.0,2026-02-12T22:52:31
denton-tx,denton-tx,2026-02-12,Thursday,15.5,2026-02-12T22:52:31
flowermoundtx,flowermoundtx,2026-02-12,Thursday,30.0,2026-02-12T23:22:14
fulshear-tx,fulshear-tx,2026-02-12,Thursday,0.0,2026-02-12T01:53:47
granburytx,granburytx,2026-02-12,Thursday,10.0,2026-02-12T22:16:59
grand-prairie-tx,grand-prairie-tx,2026-02-12,Thursday,20.5,2026-02-12T22:52:31
houstonheightstx,houstonheightstx,2026-02-12,Thursday,42.0,2026-02-12T19:20:26
houston-memorial-tx,houston-memorial-tx,2026-02-12,Thursday,42.0,2026-02-12T16:09:33
katy-tx,katy-tx,2026-02-12,Thursday,35.0,2026-02-12T23:51:44
kellertx,kellertx,2026-02-12,Thursday,30.0,2026-02-12T23:51:44
lubbock-tx,lubbock-tx,2026-02-12,Thursday,21.5,2026-02-12T04:22:52
woodlands-houston-tx,woodlands-houston-tx,2026-02-12,Thursday,29.0,2026-02-12T22:52:31
mckinney-tx,mckinney-tx,2026-02-12,Thursday,11.0,2026-02-12T19:55:25
midlandtx,midlandtx,2026-02-12,Thursday,49.5,2026-02-12T21:47:23
east-odessa-tx,east-odessa-tx,2026-02-12,Thursday,0.0,2026-02-12T01:53:47
planowesttx,planowesttx,2026-02-12,Thursday,29.5,2026-02-12T21:04:22
round-rock-tx,round-rock-tx,2026-02-12,Thursday,0.0,2026-02-12T01:53:47
shenandoah-tx,shenandoah-tx,2026-02-12,Thursday,0.0,2026-02-12T01:53:47
sherman-tx,sherman-tx,2026-02-12,Thursday,17.5,2026-02-12T17:16:50
spring-tx,spring-tx,2026-02-12,Thursday,4.0,2026-02-12T23:22:14
tylersouthtx,tylersouthtx,2026-02-12,Thursday,51.5,2026-02-12T23:22:14
americanforkut,americanforkut,2026-02-12,Thursday,51.5,2026-02-12T17:16:50
cedarcity,cedarcity,2026-02-12,Thursday,37.0,2026-02-12T21:47:23
layton-ut,layton-ut,2026-02-12,Thursday,22.0,2026-02-12T19:55:25
lehiut,lehiut,2026-02-12,Thursday,44.5,2026-02-12T15:10:12
millcreekut,millcreekut,2026-02-12,Thursday,18.5,2026-02-12T04:22:52
murrayut,murrayut,2026-02-12,Thursday,16.0,2026-02-12T23:22:14
ogden-pleasant-view-ut,ogden-pleasant-view-ut,2026-02-12,Thursday,33.5,2026-02-12T21:04:22
ogden-riverdale-ut,ogden-riverdale-ut,2026-02-12,Thursday,16.0,2026-02-12T23:51:44
orem-ut,orem-ut,2026-02-12,Thursday,42.5,2026-02-12T23:22:14
richfield,richfield,2026-02-12,Thursday,6.5,2026-02-12T17:16:50
sandyut,sandyut,2026-02-12,Thursday,39.0,2026-02-12T22:52:31
spanishforkut,spanishforkut,2026-02-12,Thursday,34.5,2026-02-12T22:52:31
stgeorgeut,stgeorgeut,2026-02-12,Thursday,16.0,2026-02-12T23:51:44
st-george-ut-river-rd,st-george-ut-river-rd,2026-02-12,Thursday,24.0,2026-02-12T22:16:59
st-george-ut-sunset,st-george-ut-sunset,2026-02-12,Thursday,20.0,2026-02-12T22:52:31
lynchburg-va,lynchburg-va,2026-02-12,Thursday,54.0,2026-02-12T21:04:22
midlothian-va,midlothian-va,2026-02-12,Thursday,0.0,2026-02-12T01:53:47
virginia-beach-va-courthouse,virginia-beach-va-courthouse,2026-02-12,Thursday,0.0,2026-02-12T01:53:47
dayton-oh-centerville,dayton-oh-centerville,2026-02-12,Thursday,0.0,2026-02-12T19:20:26
hudson-wi,hudson-wi,2026-02-12,Thursday,0.0,2026-02-12T19:20:26
suwanee-ga,suwanee-ga,2026-02-12,Thursday,0.0,2026-02-12T19:55:25
evansville-in-east,evansville-in-east,2026-02-12,Thursday,0.0,2026-02-12T19:55:25
birminghamal,birminghamal,2026-02-13,Friday,25.0,2026-02-13T23:17:40
huntsville-al-research-park,huntsville-al-research-park,2026-02-13,Friday,11.0,2026-02-13T17:54:08
fayetteville-ar,fayetteville-ar,2026-02-13,Friday,13.0,2026-02-13T23:17:40
chandleraz,chandleraz,2026-02-13,Friday,21.0,2026-02-13T20:03:00
southchandleraz,southchandleraz,2026-02-13,Friday,34.5,2026-02-13T19:31:56
gilbertaz,gilbertaz,2026-02-13,Friday,48.0,2026-02-13T23:48:38
glendaleaz,glendaleaz,2026-02-13,Friday,43.0,2026-02-13T05:25:13
goodyear-az,goodyear-az,2026-02-13,Friday,0.0,2026-02-13T01:21:46
lake-havasu-city-az,lake-havasu-city-az,2026-02-13,Friday,0.0,2026-02-13T01:21:46
mesa-az-east,mesa-az-east,2026-02-13,Friday,4.0,2026-02-13T19:31:56
paradise-valley-az,paradise-valley-az,2026-02-13,Friday,18.5,2026-02-13T22:47:42
glendale-az-peoria,glendale-az-peoria,2026-02-13,Friday,22.5,2026-02-13T23:17:40
scottsdaleaz,scottsdaleaz,2026-02-13,Friday,54.5,2026-02-13T23:48:38
scottsdale-az-north,scottsdale-az-north,2026-02-13,Friday,0.0,2026-02-13T01:21:46
surpriseaz,surpriseaz,2026-02-13,Friday,18.0,2026-02-13T20:03:00
talkingstickaz,talkingstickaz,2026-02-13,Friday,0.0,2026-02-13T01:21:46
tempeaz,tempeaz,2026-02-13,Friday,18.0,2026-02-13T23:48:38
carlsbadca,carlsbadca,2026-02-13,Friday,12.0,2026-02-13T21:30:32
rancho-mirage-ca,rancho-mirage-ca,2026-02-13,Friday,0.0,2026-02-13T01:21:46
fort-collins-timnath-co,fort-collins-timnath-co,2026-02-13,Friday,0.0,2026-02-13T01:21:46
invernessco,invernessco,2026-02-13,Friday,36.0,2026-02-13T23:17:40
littleton-co,littleton-co,2026-02-13,Friday,31.5,2026-02-13T18:44:07
loveland-co-johnstown,loveland-co-johnstown,2026-02-13,Friday,0.0,2026-02-13T01:21:46
colorado-springs-northgate,colorado-springs-northgate,2026-02-13,Friday,27.0,2026-02-13T18:44:07
pueblowestco,pueblowestco,2026-02-13,Friday,39.5,2026-02-13T20:53:22
westminster-co,westminster-co,2026-02-13,Friday,0.0,2026-02-13T01:21:46
wilmingtonde,wilmingtonde,2026-02-13,Friday,57.0,2026-02-13T20:03:00
boca-raton-fl-west,boca-raton-fl-west,2026-02-13,Friday,3.0,2026-02-13T15:25:57
bradentonfl,bradentonfl,2026-02-13,Friday,29.5,2026-02-13T22:02:02
jacksonvillebeachfl,jacksonvillebeachfl,2026-02-13,Friday,25.0,2026-02-13T23:17:40
miramarbeach,miramarbeach,2026-02-13,Friday,32.5,2026-02-13T23:48:38
naplesfl,naplesfl,2026-02-13,Friday,29.5,2026-02-13T23:48:38
naples-fl-north,naples-fl-north,2026-02-13,Friday,15.0,2026-02-13T22:47:42
oldsmarfl,oldsmarfl,2026-02-13,Friday,29.0,2026-02-13T23:17:40
orlando-fl-waterford-lakes,orlando-fl-waterford-lakes,2026-02-13,Friday,0.0,2026-02-13T01:21:46
ponte-vedra-fl,ponte-vedra-fl,2026-02-13,Friday,16.0,2026-02-13T14:37:05
port-charlotte-fl,port-charlotte-fl,2026-02-13,Friday,27.5,2026-02-13T23:48:38
spring-hill-fl,spring-hill-fl,2026-02-13,Friday,27.0,2026-02-13T23:48:38
st-augustine-fl,st-augustine-fl,2026-02-13,Friday,0.0,2026-02-13T01:21:46
alpharetta-ga,alpharetta-ga,2026-02-13,Friday,14.5,2026-02-13T12:49:36
westmidtownga,westmidtownga,2026-02-13,Friday,36.5,2026-02-13T23:48:38
augustaga,augustaga,2026-02-13,Friday,35.0,2026-02-13T15:25:57
braseltonga,braseltonga,2026-02-13,Friday,36.0,2026-02-13T21:30:32
dacula-ga,dacula-ga,2026-02-13,Friday,28.5,2026-02-13T22:47:42
mcdonoughga,mcdonoughga,2026-02-13,Friday,11.0,2026-02-13T23:48:38
suwanee-ga,suwanee-ga,2026-02-13,Friday,0.0,2026-02-13T01:21:46
warnerrobinsga,warnerrobinsga,2026-02-13,Friday,38.0,2026-02-13T21:30:32
woodstock-ga,woodstock-ga,2026-02-13,Friday,0.0,2026-02-13T01:21:46
cedar-rapids-ia,cedar-rapids-ia,2026-02-13,Friday,0.0,2026-02-13T01:21:46
ankeny-ia,ankeny-ia,2026-02-13,Friday,24.5,2026-02-13T22:47:42
des-moines-ia-downtown,des-moines-ia-downtown,2026-02-13,Friday,17.0,2026-02-13T22:02:02
des-moines-waukee-ia,des-moines-waukee-ia,2026-02-13,Friday,18.5,2026-02-13T23:48:38
boise-id,boise-id,2026-02-13,Friday,45.5,2026-02-13T19:31:56
meridian-id,meridian-id,2026-02-13,Friday,42.0,2026-02-13T20:53:22
carmelin,carmelin,2026-02-13,Friday,43.0,2026-02-13T23:48:38
evansville-in-east,evansville-in-east,2026-02-13,Friday,0.0,2026-02-13T01:21:46
fishers-in,fishers-in,2026-02-13,Friday,55.5,2026-02-13T19:31:56
kansas-city-leawood,kansas-city-leawood,2026-02-13,Friday,35.0,2026-02-13T18:44:07
overlandparkks,overlandparkks,2026-02-13,Friday,46.5,2026-02-13T06:35:26
ascension-la,ascension-la,2026-02-13,Friday,0.0,2026-02-13T01:21:46
baton-rouge-st-george,baton-rouge-st-george,2026-02-13,Friday,7.0,2026-02-13T23:17:40
shreveport-la-south,shreveport-la-south,2026-02-13,Friday,21.0,2026-02-13T23:48:38
maynardma,maynardma,2026-02-13,Friday,42.0,2026-02-13T23:48:38
southborough-ma,southborough-ma,2026-02-13,Friday,64.5,2026-02-13T23:17:40
crofton-md,crofton-md,2026-02-13,Friday,54.0,2026-02-13T22:47:42
towson-baltimore-md,towson-baltimore-md,2026-02-13,Friday,40.5,2026-02-13T19:31:56
white-marsh-baltimore-md,white-marsh-baltimore-md,2026-02-13,Friday,0.0,2026-02-13T01:21:46
clarkstonmi,clarkstonmi,2026-02-13,Friday,36.5,2026-02-13T20:53:22
farmington-mi,farmington-mi,2026-02-13,Friday,37.5,2026-02-13T17:54:08
grand-blanc-mi,grand-blanc-mi,2026-02-13,Friday,38.0,2026-02-13T20:03:00
jackson-mi,jackson-mi,2026-02-13,Friday,0.0,2026-02-13T01:21:46
lansing-mi,lansing-mi,2026-02-13,Friday,62.0,2026-02-13T22:02:02
livonia-mi,livonia-mi,2026-02-13,Friday,48.0,2026-02-13T19:31:56
novi-mi,novi-mi,2026-02-13,Friday,3.5,2026-02-13T14:37:05
rochester-hills-mi,rochester-hills-mi,2026-02-13,Friday,37.5,2026-02-13T21:30:32
troy-mi,troy-mi,2026-02-13,Friday,46.5,2026-02-13T18:44:07
west-bloomfield-mi,west-bloomfield-mi,2026-02-13,Friday,0.0,2026-02-13T01:21:46
st-louis-crestwood-mo,st-louis-crestwood-mo,2026-02-13,Friday,26.0,2026-02-13T23:17:40
liberty-mo,liberty-mo,2026-02-13,Friday,15.5,2026-02-13T17:54:08
rollamo,rollamo,2026-02-13,Friday,32.0,2026-02-13T23:48:38
bozemanmt,bozemanmt,2026-02-13,Friday,49.0,2026-02-13T17:54:08
chapel-hill-nc,chapel-hill-nc,2026-02-13,Friday,33.0,2026-02-13T22:02:02
raleigh-nc-north,raleigh-nc-north,2026-02-13,Friday,22.0,2026-02-13T21:30:32
lincoln-ne-south,lincoln-ne-south,2026-02-13,Friday,35.0,2026-02-13T20:53:22
omahane,omahane,2026-02-13,Friday,49.5,2026-02-13T22:02:02
papillionne,papillionne,2026-02-13,Friday,31.0,2026-02-13T05:25:13
howell-nj,howell-nj,2026-02-13,Friday,22.0,2026-02-13T22:47:42
pomptonplainsnj,pomptonplainsnj,2026-02-13,Friday,78.0,2026-02-13T17:54:08
princetonnj,princetonnj,2026-02-13,Friday,46.0,2026-02-13T22:47:42
toms-river-nj,toms-river-nj,2026-02-13,Friday,0.0,2026-02-13T01:21:46
lascruces-nm,lascruces-nm,2026-02-13,Friday,32.0,2026-02-13T21:30:32
hendersonnv,hendersonnv,2026-02-13,Friday,28.0,2026-02-13T22:47:42
mesquitenv,mesquitenv,2026-02-13,Friday,21.0,2026-02-13T22:47:42
southsummerlinnv,southsummerlinnv,2026-02-13,Friday,35.0,2026-02-13T23:17:40
summerlinlasvegasnv,summerlinlasvegasnv,2026-02-13,Friday,24.0,2026-02-13T22:02:02
bethpage-ny,bethpage-ny,2026-02-13,Friday,51.5,2026-02-13T05:25:13
fivetowns-ny,fivetowns-ny,2026-02-13,Friday,24.5,2026-02-13T17:05:32
brunswickoh,brunswickoh,2026-02-13,Friday,59.0,2026-02-13T18:44:07
chardonoh,chardonoh,2026-02-13,Friday,30.5,2026-02-13T23:48:38
columbus-upper-arlington-oh,columbus-upper-arlington-oh,2026-02-13,Friday,46.0,2026-02-13T23:17:40
dayton-oh-centerville,dayton-oh-centerville,2026-02-13,Friday,0.0,2026-02-13T01:21:46
north-canton-oh,north-canton-oh,2026-02-13,Friday,48.0,2026-02-13T18:44:07
woosteroh,woosteroh,2026-02-13,Friday,48.5,2026-02-13T13:52:20
jenks-ok,jenks-ok,2026-02-13,Friday,11.0,2026-02-13T22:47:42
tulsa-ok-southern-hills,tulsa-ok-southern-hills,2026-02-13,Friday,33.0,2026-02-13T23:48:38
clackamas-or,clackamas-or,2026-02-13,Friday,35.0,2026-02-13T23:17:40
eugeneor,eugeneor,2026-02-13,Friday,55.0,2026-02-13T23:17:40
salem-keizer-or,salem-keizer-or,2026-02-13,Friday,54.5,2026-02-13T22:47:42
sherwoodor,sherwoodor,2026-02-13,Friday,40.5,2026-02-13T20:53:22
paoli-pa,paoli-pa,2026-02-13,Friday,43.0,2026-02-13T17:54:08
yardley-pa,yardley-pa,2026-02-13,Friday,47.0,2026-02-13T16:08:10
york-pa,york-pa,2026-02-13,Friday,64.5,2026-02-13T17:05:32
aikensc,aikensc,2026-02-13,Friday,41.5,2026-02-13T20:53:22
spartanburgsc,spartanburgsc,2026-02-13,Friday,42.0,2026-02-13T15:25:57
sioux-falls-sd-south,sioux-falls-sd-south,2026-02-13,Friday,42.0,2026-02-13T12:49:36
chattanoogatn,chattanoogatn,2026-02-13,Friday,35.0,2026-02-13T23:17:40
clarksvilletn,clarksvilletn,2026-02-13,Friday,52.0,2026-02-13T23:48:38
cleveland-tn,cleveland-tn,2026-02-13,Friday,0.0,2026-02-13T01:21:46
franklintn,franklintn,2026-02-13,Friday,33.5,2026-02-13T23:17:40
knoxvilletn,knoxvilletn,2026-02-13,Friday,57.5,2026-02-13T22:47:42
memphis-tn-collierville,memphis-tn-collierville,2026-02-13,Friday,11.5,2026-02-13T22:47:42
mt-juliet-tn,mt-juliet-tn,2026-02-13,Friday,18.0,2026-02-13T23:17:40
nashville-bellevue-tn,nashville-bellevue-tn,2026-02-13,Friday,10.0,2026-02-13T22:47:42
spring-hill-tn-north,spring-hill-tn-north,2026-02-13,Friday,36.5,2026-02-13T19:31:56
aledo-willow-park-tx,aledo-willow-park-tx,2026-02-13,Friday,0.0,2026-02-13T01:21:46
allen-tx,allen-tx,2026-02-13,Friday,0.0,2026-02-13T01:21:46
amarillo-tx,amarillo-tx,2026-02-13,Friday,0.0,2026-02-13T01:21:46
arlington-tx-south,arlington-tx-south,2026-02-13,Friday,0.0,2026-02-13T01:21:46
houston-atascocita-tx,houston-atascocita-tx,2026-02-13,Friday,29.0,2026-02-13T20:03:00
eastaustintx,eastaustintx,2026-02-13,Friday,46.5,2026-02-13T17:54:08
southwestaustintx,southwestaustintx,2026-02-13,Friday,22.0,2026-02-13T17:54:08
austin-tx-westlake,austin-tx-westlake,2026-02-13,Friday,0.0,2026-02-13T01:21:46
cedar-park-tx-lakeline,cedar-park-tx-lakeline,2026-02-13,Friday,0.0,2026-02-13T01:21:46
colleyville-tx,colleyville-tx,2026-02-13,Friday,30.5,2026-02-13T23:17:40
denton-tx,denton-tx,2026-02-13,Friday,18.0,2026-02-13T23:17:40
flowermoundtx,flowermoundtx,2026-02-13,Friday,35.5,2026-02-13T23:17:40
fulshear-tx,fulshear-tx,2026-02-13,Friday,0.0,2026-02-13T01:21:46
granburytx,granburytx,2026-02-13,Friday,18.5,2026-02-13T23:48:38
grand-prairie-tx,grand-prairie-tx,2026-02-13,Friday,23.0,2026-02-13T20:03:00
houstonheightstx,houstonheightstx,2026-02-13,Friday,48.0,2026-02-13T23:48:38
houston-memorial-tx,houston-memorial-tx,2026-02-13,Friday,43.0,2026-02-13T23:48:38
katy-tx,katy-tx,2026-02-13,Friday,26.0,2026-02-13T17:05:32
kellertx,kellertx,2026-02-13,Friday,24.0,2026-02-13T22:02:02
lubbock-tx,lubbock-tx,2026-02-13,Friday,18.0,2026-02-13T22:47:42
woodlands-houston-tx,woodlands-houston-tx,2026-02-13,Friday,38.5,2026-02-13T21:30:32
mckinney-tx,mckinney-tx,2026-02-13,Friday,16.5,2026-02-13T20:53:22
midlandtx,midlandtx,2026-02-13,Friday,63.0,2026-02-13T16:08:10
east-odessa-tx,east-odessa-tx,2026-02-13,Friday,0.0,2026-02-13T01:21:46
planowesttx,planowesttx,2026-02-13,Friday,24.5,2026-02-13T23:48:38
round-rock-tx,round-rock-tx,2026-02-13,Friday,0.0,2026-02-13T01:21:46
shenandoah-tx,shenandoah-tx,2026-02-13,Friday,0.0,2026-02-13T01:21:46
sherman-tx,sherman-tx,2026-02-13,Friday,31.5,2026-02-13T23:48:38
spring-tx,spring-tx,2026-02-13,Friday,12.5,2026-02-13T23:48:38
tylersouthtx,tylersouthtx,2026-02-13,Friday,45.5,2026-02-13T23:17:40
americanforkut,americanforkut,2026-02-13,Friday,45.0,2026-02-13T19:31:56
cedarcity,cedarcity,2026-02-13,Friday,31.0,2026-02-13T20:53:22
layton-ut,layton-ut,2026-02-13,Friday,33.0,2026-02-13T23:48:38
lehiut,lehiut,2026-02-13,Friday,46.5,2026-02-13T23:48:38
millcreekut,millcreekut,2026-02-13,Friday,18.0,2026-02-13T06:35:26
murrayut,murrayut,2026-02-13,Friday,24.5,2026-02-13T23:17:40
ogden-pleasant-view-ut,ogden-pleasant-view-ut,2026-02-13,Friday,32.5,2026-02-13T23:48:38
ogden-riverdale-ut,ogden-riverdale-ut,2026-02-13,Friday,18.0,2026-02-13T22:02:02
orem-ut,orem-ut,2026-02-13,Friday,30.0,2026-02-13T22:47:42
richfield,richfield,2026-02-13,Friday,14.0,2026-02-13T23:48:38
sandyut,sandyut,2026-02-13,Friday,39.0,2026-02-13T19:31:56
spanishforkut,spanishforkut,2026-02-13,Friday,34.5,2026-02-13T22:47:42
stgeorgeut,stgeorgeut,2026-02-13,Friday,18.5,2026-02-13T23:17:40
st-george-ut-river-rd,st-george-ut-river-rd,2026-02-13,Friday,29.0,2026-02-13T18:44:07
st-george-ut-sunset,st-george-ut-sunset,2026-02-13,Friday,13.5,2026-02-13T22:47:42
lynchburg-va,lynchburg-va,2026-02-13,Friday,60.5,2026-02-13T22:02:02
midlothian-va,midlothian-va,2026-02-13,Friday,0.0,2026-02-13T01:21:46
virginia-beach-va-courthouse,virginia-beach-va-courthouse,2026-02-13,Friday,0.0,2026-02-13T01:21:46
hudson-wi,hudson-wi,2026-02-13,Friday,0.0,2026-02-13T01:21:46
birminghamal,birminghamal,2026-02-14,Saturday,22.5,2026-02-14T21:35:11
huntsville-al-research-park,huntsville-al-research-park,2026-02-14,Saturday,24.0,2026-02-14T23:34:59
fayetteville-ar,fayetteville-ar,2026-02-14,Saturday,35.0,2026-02-14T22:46:34
chandleraz,chandleraz,2026-02-14,Saturday,21.0,2026-02-14T22:46:34
southchandleraz,southchandleraz,2026-02-14,Saturday,34.5,2026-02-14T21:01:32
gilbertaz,gilbertaz,2026-02-14,Saturday,31.0,2026-02-14T23:01:40
glendaleaz,glendaleaz,2026-02-14,Saturday,39.0,2026-02-14T23:54:24
goodyear-az,goodyear-az,2026-02-14,Saturday,0.0,2026-02-14T00:54:07
lake-havasu-city-az,lake-havasu-city-az,2026-02-14,Saturday,0.0,2026-02-14T00:54:07
mesa-az-east,mesa-az-east,2026-02-14,Saturday,13.0,2026-02-14T20:12:12
paradise-valley-az,paradise-valley-az,2026-02-14,Saturday,22.0,2026-02-14T21:01:32
glendale-az-peoria,glendale-az-peoria,2026-02-14,Saturday,15.0,2026-02-14T23:01:40
scottsdaleaz,scottsdaleaz,2026-02-14,Saturday,40.5,2026-02-14T20:12:12
scottsdale-az-north,scottsdale-az-north,2026-02-14,Saturday,0.0,2026-02-14T00:54:07
surpriseaz,surpriseaz,2026-02-14,Saturday,22.0,2026-02-14T22:46:34
talkingstickaz,talkingstickaz,2026-02-14,Saturday,0.0,2026-02-14T00:54:07
tempeaz,tempeaz,2026-02-14,Saturday,14.5,2026-02-14T23:34:59
carlsbadca,carlsbadca,2026-02-14,Saturday,27.0,2026-02-14T23:01:40
rancho-mirage-ca,rancho-mirage-ca,2026-02-14,Saturday,0.0,2026-02-14T00:54:07
fort-collins-timnath-co,fort-collins-timnath-co,2026-02-14,Saturday,0.0,2026-02-14T00:54:07
invernessco,invernessco,2026-02-14,Saturday,24.5,2026-02-14T23:54:24
littleton-co,littleton-co,2026-02-14,Saturday,23.5,2026-02-14T23:54:24
loveland-co-johnstown,loveland-co-johnstown,2026-02-14,Saturday,0.0,2026-02-14T00:54:07
colorado-springs-northgate,colorado-springs-northgate,2026-02-14,Saturday,22.5,2026-02-14T21:53:36
pueblowestco,pueblowestco,2026-02-14,Saturday,22.5,2026-02-14T20:44:07
westminster-co,westminster-co,2026-02-14,Saturday,0.0,2026-02-14T00:54:07
wilmingtonde,wilmingtonde,2026-02-14,Saturday,60.0,2026-02-14T22:19:28
boca-raton-fl-west,boca-raton-fl-west,2026-02-14,Saturday,3.0,2026-02-14T23:34:59
bradentonfl,bradentonfl,2026-02-14,Saturday,24.0,2026-02-14T23:54:24
jacksonvillebeachfl,jacksonvillebeachfl,2026-02-14,Saturday,10.0,2026-02-14T23:01:40
miramarbeach,miramarbeach,2026-02-14,Saturday,28.5,2026-02-14T20:12:12
naplesfl,naplesfl,2026-02-14,Saturday,27.5,2026-02-14T23:34:59
naples-fl-north,naples-fl-north,2026-02-14,Saturday,8.0,2026-02-14T20:12:12
oldsmarfl,oldsmarfl,2026-02-14,Saturday,30.0,2026-02-14T20:44:07
orlando-fl-waterford-lakes,orlando-fl-waterford-lakes,2026-02-14,Saturday,0.0,2026-02-14T00:54:07
ponte-vedra-fl,ponte-vedra-fl,2026-02-14,Saturday,19.5,2026-02-14T23:34:59
port-charlotte-fl,port-charlotte-fl,2026-02-14,Saturday,23.0,2026-02-14T22:19:28
spring-hill-fl,spring-hill-fl,2026-02-14,Saturday,17.5,2026-02-14T23:34:59
st-augustine-fl,st-augustine-fl,2026-02-14,Saturday,0.0,2026-02-14T00:54:07
alpharetta-ga,alpharetta-ga,2026-02-14,Saturday,15.0,2026-02-14T19:50:24
westmidtownga,westmidtownga,2026-02-14,Saturday,32.5,2026-02-14T21:53:36
augustaga,augustaga,2026-02-14,Saturday,36.5,2026-02-14T23:01:40
braseltonga,braseltonga,2026-02-14,Saturday,42.0,2026-02-14T21:35:11
dacula-ga,dacula-ga,2026-02-14,Saturday,24.0,2026-02-14T23:34:59
mcdonoughga,mcdonoughga,2026-02-14,Saturday,20.5,2026-02-14T21:01:32
suwanee-ga,suwanee-ga,2026-02-14,Saturday,0.0,2026-02-14T00:54:07
warnerrobinsga,warnerrobinsga,2026-02-14,Saturday,38.5,2026-02-14T23:34:59
woodstock-ga,woodstock-ga,2026-02-14,Saturday,0.0,2026-02-14T00:54:07
cedar-rapids-ia,cedar-rapids-ia,2026-02-14,Saturday,0.0,2026-02-14T00:54:07
ankeny-ia,ankeny-ia,2026-02-14,Saturday,21.0,2026-02-14T22:19:28
des-moines-ia-downtown,des-moines-ia-downtown,2026-02-14,Saturday,13.0,2026-02-14T19:00:22
des-moines-waukee-ia,des-moines-waukee-ia,2026-02-14,Saturday,26.0,2026-02-14T19:00:22
boise-id,boise-id,2026-02-14,Saturday,40.0,2026-02-14T20:12:12
meridian-id,meridian-id,2026-02-14,Saturday,39.0,2026-02-14T23:34:59
carmelin,carmelin,2026-02-14,Saturday,42.0,2026-02-14T23:34:59
evansville-in-east,evansville-in-east,2026-02-14,Saturday,0.0,2026-02-14T00:54:07
fishers-in,fishers-in,2026-02-14,Saturday,39.0,2026-02-14T21:01:32
kansas-city-leawood,kansas-city-leawood,2026-02-14,Saturday,37.5,2026-02-14T22:46:34
overlandparkks,overlandparkks,2026-02-14,Saturday,44.5,2026-02-14T19:00:22
ascension-la,ascension-la,2026-02-14,Saturday,4.0,2026-02-14T22:46:34
baton-rouge-st-george,baton-rouge-st-george,2026-02-14,Saturday,15.5,2026-02-14T23:01:40
shreveport-la-south,shreveport-la-south,2026-02-14,Saturday,28.5,2026-02-14T23:01:40
maynardma,maynardma,2026-02-14,Saturday,38.0,2026-02-14T23:01:40
southborough-ma,southborough-ma,2026-02-14,Saturday,63.5,2026-02-14T20:44:07
crofton-md,crofton-md,2026-02-14,Saturday,54.0,2026-02-14T23:34:59
towson-baltimore-md,towson-baltimore-md,2026-02-14,Saturday,46.0,2026-02-14T19:33:01
white-marsh-baltimore-md,white-marsh-baltimore-md,2026-02-14,Saturday,0.0,2026-02-14T00:54:07
clarkstonmi,clarkstonmi,2026-02-14,Saturday,35.0,2026-02-14T11:36:34
farmington-mi,farmington-mi,2026-02-14,Saturday,36.5,2026-02-14T00:54:07
grand-blanc-mi,grand-blanc-mi,2026-02-14,Saturday,39.0,2026-02-14T21:01:32
jackson-mi,jackson-mi,2026-02-14,Saturday,0.0,2026-02-14T00:54:07
lansing-mi,lansing-mi,2026-02-14,Saturday,56.5,2026-02-14T15:34:56
livonia-mi,livonia-mi,2026-02-14,Saturday,57.5,2026-02-14T15:34:56
novi-mi,novi-mi,2026-02-14,Saturday,6.0,2026-02-14T18:25:15
rochester-hills-mi,rochester-hills-mi,2026-02-14,Saturday,41.5,2026-02-14T19:50:24
troy-mi,troy-mi,2026-02-14,Saturday,55.0,2026-02-14T21:01:32
west-bloomfield-mi,west-bloomfield-mi,2026-02-14,Saturday,0.0,2026-02-14T00:54:07
st-louis-crestwood-mo,st-louis-crestwood-mo,2026-02-14,Saturday,34.0,2026-02-14T23:54:24
liberty-mo,liberty-mo,2026-02-14,Saturday,32.0,2026-02-14T23:54:24
rollamo,rollamo,2026-02-14,Saturday,33.0,2026-02-14T21:53:36
bozemanmt,bozemanmt,2026-02-14,Saturday,51.0,2026-02-14T22:46:34
chapel-hill-nc,chapel-hill-nc,2026-02-14,Saturday,25.5,2026-02-14T22:19:28
raleigh-nc-north,raleigh-nc-north,2026-02-14,Saturday,10.5,2026-02-14T15:34:56
lincoln-ne-south,lincoln-ne-south,2026-02-14,Saturday,33.0,2026-02-14T22:46:34
omahane,omahane,2026-02-14,Saturday,49.0,2026-02-14T23:34:59
papillionne,papillionne,2026-02-14,Saturday,31.0,2026-02-14T00:54:07
howell-nj,howell-nj,2026-02-14,Saturday,18.0,2026-02-14T23:54:24
pomptonplainsnj,pomptonplainsnj,2026-02-14,Saturday,68.5,2026-02-14T22:19:28
princetonnj,princetonnj,2026-02-14,Saturday,46.5,2026-02-14T22:46:34
toms-river-nj,toms-river-nj,2026-02-14,Saturday,0.0,2026-02-14T00:54:07
lascruces-nm,lascruces-nm,2026-02-14,Saturday,16.0,2026-02-14T23:01:40
hendersonnv,hendersonnv,2026-02-14,Saturday,33.0,2026-02-14T22:19:28
mesquitenv,mesquitenv,2026-02-14,Saturday,22.5,2026-02-14T18:25:15
southsummerlinnv,southsummerlinnv,2026-02-14,Saturday,20.5,2026-02-14T22:19:28
summerlinlasvegasnv,summerlinlasvegasnv,2026-02-14,Saturday,31.0,2026-02-14T23:54:24
bethpage-ny,bethpage-ny,2026-02-14,Saturday,40.5,2026-02-14T00:54:07
fivetowns-ny,fivetowns-ny,2026-02-14,Saturday,20.0,2026-02-14T17:52:32
brunswickoh,brunswickoh,2026-02-14,Saturday,49.5,2026-02-14T19:33:01
chardonoh,chardonoh,2026-02-14,Saturday,48.5,2026-02-14T22:19:28
columbus-upper-arlington-oh,columbus-upper-arlington-oh,2026-02-14,Saturday,50.0,2026-02-14T23:34:59
dayton-oh-centerville,dayton-oh-centerville,2026-02-14,Saturday,0.0,2026-02-14T00:54:07
north-canton-oh,north-canton-oh,2026-02-14,Saturday,50.0,2026-02-14T03:26:33
woosteroh,woosteroh,2026-02-14,Saturday,47.5,2026-02-14T23:01:40
jenks-ok,jenks-ok,2026-02-14,Saturday,24.0,2026-02-14T22:19:28
tulsa-ok-southern-hills,tulsa-ok-southern-hills,2026-02-14,Saturday,21.0,2026-02-14T23:54:24
clackamas-or,clackamas-or,2026-02-14,Saturday,26.5,2026-02-14T21:35:11
eugeneor,eugeneor,2026-02-14,Saturday,58.0,2026-02-14T21:01:32
salem-keizer-or,salem-keizer-or,2026-02-14,Saturday,47.0,2026-02-14T21:53:36
sherwoodor,sherwoodor,2026-02-14,Saturday,39.5,2026-02-14T22:19:28
paoli-pa,paoli-pa,2026-02-14,Saturday,37.0,2026-02-14T22:19:28
yardley-pa,yardley-pa,2026-02-14,Saturday,53.5,2026-02-14T14:02:17
york-pa,york-pa,2026-02-14,Saturday,67.5,2026-02-14T23:54:24
aikensc,aikensc,2026-02-14,Saturday,40.0,2026-02-14T22:46:34
spartanburgsc,spartanburgsc,2026-02-14,Saturday,41.0,2026-02-14T23:54:24
sioux-falls-sd-south,sioux-falls-sd-south,2026-02-14,Saturday,48.5,2026-02-14T23:01:40
chattanoogatn,chattanoogatn,2026-02-14,Saturday,26.5,2026-02-14T07:11:58
clarksvilletn,clarksvilletn,2026-02-14,Saturday,58.0,2026-02-14T21:35:11
cleveland-tn,cleveland-tn,2026-02-14,Saturday,0.0,2026-02-14T00:54:07
franklintn,franklintn,2026-02-14,Saturday,30.5,2026-02-14T11:11:27
knoxvilletn,knoxvilletn,2026-02-14,Saturday,48.0,2026-02-14T22:19:28
memphis-tn-collierville,memphis-tn-collierville,2026-02-14,Saturday,39.0,2026-02-14T23:54:24
mt-juliet-tn,mt-juliet-tn,2026-02-14,Saturday,20.5,2026-02-14T21:35:11
nashville-bellevue-tn,nashville-bellevue-tn,2026-02-14,Saturday,12.5,2026-02-14T21:53:36
spring-hill-tn-north,spring-hill-tn-north,2026-02-14,Saturday,35.0,2026-02-14T23:54:24
aledo-willow-park-tx,aledo-willow-park-tx,2026-02-14,Saturday,0.0,2026-02-14T00:54:07
allen-tx,allen-tx,2026-02-14,Saturday,0.0,2026-02-14T00:54:07
amarillo-tx,amarillo-tx,2026-02-14,Saturday,0.0,2026-02-14T00:54:07
arlington-tx-south,arlington-tx-south,2026-02-14,Saturday,0.0,2026-02-14T00:54:07
houston-atascocita-tx,houston-atascocita-tx,2026-02-14,Saturday,39.0,2026-02-14T22:19:28
eastaustintx,eastaustintx,2026-02-14,Saturday,41.5,2026-02-14T21:35:11
southwestaustintx,southwestaustintx,2026-02-14,Saturday,25.5,2026-02-14T22:19:28
austin-tx-westlake,austin-tx-westlake,2026-02-14,Saturday,0.0,2026-02-14T00:54:07
cedar-park-tx-lakeline,cedar-park-tx-lakeline,2026-02-14,Saturday,0.0,2026-02-14T00:54:07
colleyville-tx,colleyville-tx,2026-02-14,Saturday,48.0,2026-02-14T22:19:28
denton-tx,denton-tx,2026-02-14,Saturday,37.0,2026-02-14T23:54:24
flowermoundtx,flowermoundtx,2026-02-14,Saturday,55.5,2026-02-14T21:01:32
fulshear-tx,fulshear-tx,2026-02-14,Saturday,0.0,2026-02-14T00:54:07
granburytx,granburytx,2026-02-14,Saturday,24.0,2026-02-14T23:34:59
grand-prairie-tx,grand-prairie-tx,2026-02-14,Saturday,26.0,2026-02-14T19:00:22
houstonheightstx,houstonheightstx,2026-02-14,Saturday,50.0,2026-02-14T20:44:07
houston-memorial-tx,houston-memorial-tx,2026-02-14,Saturday,49.0,2026-02-14T21:53:36
katy-tx,katy-tx,2026-02-14,Saturday,35.0,2026-02-14T23:54:24
kellertx,kellertx,2026-02-14,Saturday,37.0,2026-02-14T19:33:01
lubbock-tx,lubbock-tx,2026-02-14,Saturday,35.0,2026-02-14T22:19:28
woodlands-houston-tx,woodlands-houston-tx,2026-02-14,Saturday,28.0,2026-02-14T22:19:28
mckinney-tx,mckinney-tx,2026-02-14,Saturday,24.0,2026-02-14T23:34:59
midlandtx,midlandtx,2026-02-14,Saturday,62.0,2026-02-14T17:30:16
east-odessa-tx,east-odessa-tx,2026-02-14,Saturday,0.0,2026-02-14T00:54:07
planowesttx,planowesttx,2026-02-14,Saturday,38.5,2026-02-14T22:46:34
round-rock-tx,round-rock-tx,2026-02-14,Saturday,0.0,2026-02-14T00:54:07
shenandoah-tx,shenandoah-tx,2026-02-14,Saturday,0.0,2026-02-14T00:54:07
sherman-tx,sherman-tx,2026-02-14,Saturday,36.5,2026-02-14T21:35:11
spring-tx,spring-tx,2026-02-14,Saturday,19.0,2026-02-14T22:19:28
tylersouthtx,tylersouthtx,2026-02-14,Saturday,61.5,2026-02-14T22:46:34
americanforkut,americanforkut,2026-02-14,Saturday,54.5,2026-02-14T16:26:54
cedarcity,cedarcity,2026-02-14,Saturday,33.0,2026-02-14T23:54:24
layton-ut,layton-ut,2026-02-14,Saturday,20.0,2026-02-14T21:35:11
lehiut,lehiut,2026-02-14,Saturday,51.5,2026-02-14T23:54:24
millcreekut,millcreekut,2026-02-14,Saturday,17.0,2026-02-14T00:54:07
murrayut,murrayut,2026-02-14,Saturday,17.0,2026-02-14T23:54:24
ogden-pleasant-view-ut,ogden-pleasant-view-ut,2026-02-14,Saturday,35.0,2026-02-14T23:01:40
ogden-riverdale-ut,ogden-riverdale-ut,2026-02-14,Saturday,17.0,2026-02-14T23:54:24
orem-ut,orem-ut,2026-02-14,Saturday,36.0,2026-02-14T23:01:40
richfield,richfield,2026-02-14,Saturday,12.0,2026-02-14T23:01:40
sandyut,sandyut,2026-02-14,Saturday,45.0,2026-02-14T22:46:34
spanishforkut,spanishforkut,2026-02-14,Saturday,42.0,2026-02-14T21:35:11
stgeorgeut,stgeorgeut,2026-02-14,Saturday,8.0,2026-02-14T17:30:16
st-george-ut-river-rd,st-george-ut-river-rd,2026-02-14,Saturday,25.0,2026-02-14T21:01:32
st-george-ut-sunset,st-george-ut-sunset,2026-02-14,Saturday,14.0,2026-02-14T23:34:59
lynchburg-va,lynchburg-va,2026-02-14,Saturday,56.5,2026-02-14T21:35:11
midlothian-va,midlothian-va,2026-02-14,Saturday,0.0,2026-02-14T00:54:07
virginia-beach-va-courthouse,virginia-beach-va-courthouse,2026-02-14,Saturday,0.0,2026-02-14T00:54:07
hudson-wi,hudson-wi,2026-02-14,Saturday,0.0,2026-02-14T00:54:07
birminghamal,birminghamal,2026-02-15,Sunday,41.0,2026-02-15T21:30:32
huntsville-al-research-park,huntsville-al-research-park,2026-02-15,Sunday,21.0,2026-02-15T23:38:11
fayetteville-ar,fayetteville-ar,2026-02-15,Sunday,20.0,2026-02-15T23:38:11
chandleraz,chandleraz,2026-02-15,Sunday,18.5,2026-02-15T23:38:11
southchandleraz,southchandleraz,2026-02-15,Sunday,45.5,2026-02-15T23:02:59
gilbertaz,gilbertaz,2026-02-15,Sunday,38.5,2026-02-15T23:58:31
glendaleaz,glendaleaz,2026-02-15,Sunday,43.5,2026-02-15T22:15:36
goodyear-az,goodyear-az,2026-02-15,Sunday,0.0,2026-02-15T02:06:36
lake-havasu-city-az,lake-havasu-city-az,2026-02-15,Sunday,0.0,2026-02-15T02:06:36
mesa-az-east,mesa-az-east,2026-02-15,Sunday,7.0,2026-02-15T21:30:32
paradise-valley-az,paradise-valley-az,2026-02-15,Sunday,22.5,2026-02-15T21:30:32
glendale-az-peoria,glendale-az-peoria,2026-02-15,Sunday,13.5,2026-02-15T23:58:31
scottsdaleaz,scottsdaleaz,2026-02-15,Sunday,56.5,2026-02-15T22:15:36
scottsdale-az-north,scottsdale-az-north,2026-02-15,Sunday,0.0,2026-02-15T02:06:36
surpriseaz,surpriseaz,2026-02-15,Sunday,26.0,2026-02-15T23:38:11
talkingstickaz,talkingstickaz,2026-02-15,Sunday,0.0,2026-02-15T02:06:36
tempeaz,tempeaz,2026-02-15,Sunday,13.0,2026-02-15T23:38:11
carlsbadca,carlsbadca,2026-02-15,Sunday,22.0,2026-02-15T22:46:17
rancho-mirage-ca,rancho-mirage-ca,2026-02-15,Sunday,0.0,2026-02-15T02:06:36
fort-collins-timnath-co,fort-collins-timnath-co,2026-02-15,Sunday,0.0,2026-02-15T02:06:36
invernessco,invernessco,2026-02-15,Sunday,23.0,2026-02-15T22:46:17
littleton-co,littleton-co,2026-02-15,Sunday,29.0,2026-02-15T20:34:10
loveland-co-johnstown,loveland-co-johnstown,2026-02-15,Sunday,0.0,2026-02-15T02:06:36
colorado-springs-northgate,colorado-springs-northgate,2026-02-15,Sunday,30.0,2026-02-15T17:11:58
pueblowestco,pueblowestco,2026-02-15,Sunday,25.0,2026-02-15T23:58:31
westminster-co,westminster-co,2026-02-15,Sunday,0.0,2026-02-15T02:06:36
wilmingtonde,wilmingtonde,2026-02-15,Sunday,63.0,2026-02-15T17:44:17
boca-raton-fl-west,boca-raton-fl-west,2026-02-15,Sunday,5.0,2026-02-15T16:44:57
bradentonfl,bradentonfl,2026-02-15,Sunday,24.0,2026-02-15T23:38:11
jacksonvillebeachfl,jacksonvillebeachfl,2026-02-15,Sunday,16.0,2026-02-15T23:58:31
miramarbeach,miramarbeach,2026-02-15,Sunday,28.0,2026-02-15T23:02:59
naplesfl,naplesfl,2026-02-15,Sunday,34.0,2026-02-15T23:38:11
naples-fl-north,naples-fl-north,2026-02-15,Sunday,7.5,2026-02-15T23:38:11
oldsmarfl,oldsmarfl,2026-02-15,Sunday,34.5,2026-02-15T19:42:36
orlando-fl-waterford-lakes,orlando-fl-waterford-lakes,2026-02-15,Sunday,0.0,2026-02-15T02:06:36
ponte-vedra-fl,ponte-vedra-fl,2026-02-15,Sunday,32.5,2026-02-15T23:38:11
port-charlotte-fl,port-charlotte-fl,2026-02-15,Sunday,39.0,2026-02-15T22:15:36
spring-hill-fl,spring-hill-fl,2026-02-15,Sunday,17.5,2026-02-15T22:46:17
st-augustine-fl,st-augustine-fl,2026-02-15,Sunday,0.0,2026-02-15T02:06:36
alpharetta-ga,alpharetta-ga,2026-02-15,Sunday,17.5,2026-02-15T23:02:59
westmidtownga,westmidtownga,2026-02-15,Sunday,36.0,2026-02-15T21:30:32
augustaga,augustaga,2026-02-15,Sunday,44.0,2026-02-15T19:56:55
braseltonga,braseltonga,2026-02-15,Sunday,50.0,2026-02-15T22:46:17
dacula-ga,dacula-ga,2026-02-15,Sunday,41.0,2026-02-15T22:46:17
mcdonoughga,mcdonoughga,2026-02-15,Sunday,32.5,2026-02-15T23:38:11
suwanee-ga,suwanee-ga,2026-02-15,Sunday,0.0,2026-02-15T02:06:36
warnerrobinsga,warnerrobinsga,2026-02-15,Sunday,40.0,2026-02-15T13:54:15
woodstock-ga,woodstock-ga,2026-02-15,Sunday,0.0,2026-02-15T02:06:36
cedar-rapids-ia,cedar-rapids-ia,2026-02-15,Sunday,0.0,2026-02-15T02:06:36
ankeny-ia,ankeny-ia,2026-02-15,Sunday,19.5,2026-02-15T23:38:11
des-moines-ia-downtown,des-moines-ia-downtown,2026-02-15,Sunday,9.0,2026-02-15T14:54:24
des-moines-waukee-ia,des-moines-waukee-ia,2026-02-15,Sunday,17.5,2026-02-15T19:56:55
boise-id,boise-id,2026-02-15,Sunday,43.5,2026-02-15T23:58:31
meridian-id,meridian-id,2026-02-15,Sunday,36.0,2026-02-15T23:38:11
carmelin,carmelin,2026-02-15,Sunday,44.5,2026-02-15T21:51:58
evansville-in-east,evansville-in-east,2026-02-15,Sunday,0.0,2026-02-15T02:06:36
fishers-in,fishers-in,2026-02-15,Sunday,53.5,2026-02-15T15:48:15
kansas-city-leawood,kansas-city-leawood,2026-02-15,Sunday,25.5,2026-02-15T21:30:32
overlandparkks,overlandparkks,2026-02-15,Sunday,42.5,2026-02-15T23:02:59
ascension-la,ascension-la,2026-02-15,Sunday,5.0,2026-02-15T19:56:55
baton-rouge-st-george,baton-rouge-st-george,2026-02-15,Sunday,17.5,2026-02-15T22:15:36
shreveport-la-south,shreveport-la-south,2026-02-15,Sunday,29.0,2026-02-15T20:34:10
maynardma,maynardma,2026-02-15,Sunday,49.5,2026-02-15T23:38:11
southborough-ma,southborough-ma,2026-02-15,Sunday,67.0,2026-02-15T22:46:17
crofton-md,crofton-md,2026-02-15,Sunday,55.0,2026-02-15T20:34:10
towson-baltimore-md,towson-baltimore-md,2026-02-15,Sunday,46.5,2026-02-15T16:44:57
white-marsh-baltimore-md,white-marsh-baltimore-md,2026-02-15,Sunday,0.0,2026-02-15T02:06:36
clarkstonmi,clarkstonmi,2026-02-15,Sunday,33.0,2026-02-15T19:42:36
farmington-mi,farmington-mi,2026-02-15,Sunday,41.0,2026-02-15T23:38:11
grand-blanc-mi,grand-blanc-mi,2026-02-15,Sunday,39.0,2026-02-15T20:34:10
jackson-mi,jackson-mi,2026-02-15,Sunday,0.0,2026-02-15T02:06:36
lansing-mi,lansing-mi,2026-02-15,Sunday,34.5,2026-02-15T05:40:34
livonia-mi,livonia-mi,2026-02-15,Sunday,48.5,2026-02-15T23:02:59
novi-mi,novi-mi,2026-02-15,Sunday,21.0,2026-02-15T18:51:25
rochester-hills-mi,rochester-hills-mi,2026-02-15,Sunday,41.0,2026-02-15T22:46:17
troy-mi,troy-mi,2026-02-15,Sunday,56.5,2026-02-15T21:30:32
west-bloomfield-mi,west-bloomfield-mi,2026-02-15,Sunday,0.0,2026-02-15T02:06:36
st-louis-crestwood-mo,st-louis-crestwood-mo,2026-02-15,Sunday,33.5,2026-02-15T21:51:58
liberty-mo,liberty-mo,2026-02-15,Sunday,18.0,2026-02-15T22:46:17
rollamo,rollamo,2026-02-15,Sunday,40.0,2026-02-15T23:58:31
bozemanmt,bozemanmt,2026-02-15,Sunday,50.5,2026-02-15T22:46:17
chapel-hill-nc,chapel-hill-nc,2026-02-15,Sunday,42.0,2026-02-15T20:34:10
raleigh-nc-north,raleigh-nc-north,2026-02-15,Sunday,31.0,2026-02-15T20:34:10
lincoln-ne-south,lincoln-ne-south,2026-02-15,Sunday,32.5,2026-02-15T21:51:58
omahane,omahane,2026-02-15,Sunday,48.0,2026-02-15T14:26:14
papillionne,papillionne,2026-02-15,Sunday,25.0,2026-02-15T23:38:11
howell-nj,howell-nj,2026-02-15,Sunday,33.5,2026-02-15T23:58:31
pomptonplainsnj,pomptonplainsnj,2026-02-15,Sunday,83.5,2026-02-15T23:58:31
princetonnj,princetonnj,2026-02-15,Sunday,43.0,2026-02-15T22:46:17
toms-river-nj,toms-river-nj,2026-02-15,Sunday,0.0,2026-02-15T02:06:36
lascruces-nm,lascruces-nm,2026-02-15,Sunday,21.5,2026-02-15T23:58:31
hendersonnv,hendersonnv,2026-02-15,Sunday,31.5,2026-02-15T18:51:25
mesquitenv,mesquitenv,2026-02-15,Sunday,24.5,2026-02-15T13:54:15
southsummerlinnv,southsummerlinnv,2026-02-15,Sunday,29.0,2026-02-15T23:38:11
summerlinlasvegasnv,summerlinlasvegasnv,2026-02-15,Sunday,22.0,2026-02-15T22:15:36
bethpage-ny,bethpage-ny,2026-02-15,Sunday,46.5,2026-02-15T02:06:36
fivetowns-ny,fivetowns-ny,2026-02-15,Sunday,30.0,2026-02-15T19:42:36
brunswickoh,brunswickoh,2026-02-15,Sunday,53.0,2026-02-15T23:58:31
chardonoh,chardonoh,2026-02-15,Sunday,48.5,2026-02-15T23:58:31
columbus-upper-arlington-oh,columbus-upper-arlington-oh,2026-02-15,Sunday,46.0,2026-02-15T23:38:11
dayton-oh-centerville,dayton-oh-centerville,2026-02-15,Sunday,0.0,2026-02-15T02:06:36
north-canton-oh,north-canton-oh,2026-02-15,Sunday,46.0,2026-02-15T20:34:10
woosteroh,woosteroh,2026-02-15,Sunday,52.0,2026-02-15T21:51:58
jenks-ok,jenks-ok,2026-02-15,Sunday,19.5,2026-02-15T18:51:25
tulsa-ok-southern-hills,tulsa-ok-southern-hills,2026-02-15,Sunday,24.0,2026-02-15T23:02:59
clackamas-or,clackamas-or,2026-02-15,Sunday,43.5,2026-02-15T23:38:11
eugeneor,eugeneor,2026-02-15,Sunday,52.5,2026-02-15T22:46:17
salem-keizer-or,salem-keizer-or,2026-02-15,Sunday,44.5,2026-02-15T23:38:11
sherwoodor,sherwoodor,2026-02-15,Sunday,39.0,2026-02-15T23:58:31
paoli-pa,paoli-pa,2026-02-15,Sunday,47.0,2026-02-15T18:51:25
yardley-pa,yardley-pa,2026-02-15,Sunday,51.5,2026-02-15T19:42:36
york-pa,york-pa,2026-02-15,Sunday,71.0,2026-02-15T22:15:36
aikensc,aikensc,2026-02-15,Sunday,49.5,2026-02-15T18:51:25
spartanburgsc,spartanburgsc,2026-02-15,Sunday,58.0,2026-02-15T16:44:57
sioux-falls-sd-south,sioux-falls-sd-south,2026-02-15,Sunday,40.0,2026-02-15T21:30:32
chattanoogatn,chattanoogatn,2026-02-15,Sunday,33.5,2026-02-15T21:30:32
clarksvilletn,clarksvilletn,2026-02-15,Sunday,64.0,2026-02-15T23:38:11
cleveland-tn,cleveland-tn,2026-02-15,Sunday,0.0,2026-02-15T02:06:36
franklintn,franklintn,2026-02-15,Sunday,41.0,2026-02-15T22:46:17
knoxvilletn,knoxvilletn,2026-02-15,Sunday,63.5,2026-02-15T21:51:58
memphis-tn-collierville,memphis-tn-collierville,2026-02-15,Sunday,34.0,2026-02-15T23:38:11
mt-juliet-tn,mt-juliet-tn,2026-02-15,Sunday,49.0,2026-02-15T22:15:36
nashville-bellevue-tn,nashville-bellevue-tn,2026-02-15,Sunday,26.5,2026-02-15T23:38:11
spring-hill-tn-north,spring-hill-tn-north,2026-02-15,Sunday,38.5,2026-02-15T22:46:17
aledo-willow-park-tx,aledo-willow-park-tx,2026-02-15,Sunday,0.0,2026-02-15T02:06:36
allen-tx,allen-tx,2026-02-15,Sunday,0.0,2026-02-15T02:06:36
amarillo-tx,amarillo-tx,2026-02-15,Sunday,0.0,2026-02-15T02:06:36
arlington-tx-south,arlington-tx-south,2026-02-15,Sunday,0.0,2026-02-15T02:06:36
houston-atascocita-tx,houston-atascocita-tx,2026-02-15,Sunday,35.0,2026-02-15T23:58:31
eastaustintx,eastaustintx,2026-02-15,Sunday,35.0,2026-02-15T18:00:13
southwestaustintx,southwestaustintx,2026-02-15,Sunday,25.5,2026-02-15T07:24:44
austin-tx-westlake,austin-tx-westlake,2026-02-15,Sunday,0.0,2026-02-15T02:06:36
cedar-park-tx-lakeline,cedar-park-tx-lakeline,2026-02-15,Sunday,0.0,2026-02-15T02:06:36
colleyville-tx,colleyville-tx,2026-02-15,Sunday,41.5,2026-02-15T19:42:36
denton-tx,denton-tx,2026-02-15,Sunday,37.0,2026-02-15T23:38:11
flowermoundtx,flowermoundtx,2026-02-15,Sunday,39.0,2026-02-15T23:38:11
fulshear-tx,fulshear-tx,2026-02-15,Sunday,0.0,2026-02-15T02:06:36
granburytx,granburytx,2026-02-15,Sunday,17.0,2026-02-15T20:56:50
grand-prairie-tx,grand-prairie-tx,2026-02-15,Sunday,27.0,2026-02-15T23:38:11
houstonheightstx,houstonheightstx,2026-02-15,Sunday,45.5,2026-02-15T19:42:36
houston-memorial-tx,houston-memorial-tx,2026-02-15,Sunday,43.5,2026-02-15T22:15:36
katy-tx,katy-tx,2026-02-15,Sunday,35.5,2026-02-15T23:58:31
kellertx,kellertx,2026-02-15,Sunday,29.0,2026-02-15T23:58:31
lubbock-tx,lubbock-tx,2026-02-15,Sunday,25.5,2026-02-15T20:34:10
woodlands-houston-tx,woodlands-houston-tx,2026-02-15,Sunday,39.5,2026-02-15T22:46:17
mckinney-tx,mckinney-tx,2026-02-15,Sunday,28.0,2026-02-15T21:30:32
midlandtx,midlandtx,2026-02-15,Sunday,63.0,2026-02-15T19:56:55
east-odessa-tx,east-odessa-tx,2026-02-15,Sunday,0.0,2026-02-15T02:06:36
planowesttx,planowesttx,2026-02-15,Sunday,34.0,2026-02-15T22:15:36
round-rock-tx,round-rock-tx,2026-02-15,Sunday,0.0,2026-02-15T02:06:36
shenandoah-tx,shenandoah-tx,2026-02-15,Sunday,0.0,2026-02-15T02:06:36
sherman-tx,sherman-tx,2026-02-15,Sunday,37.0,2026-02-15T22:46:17
spring-tx,spring-tx,2026-02-15,Sunday,18.5,2026-02-15T21:30:32
tylersouthtx,tylersouthtx,2026-02-15,Sunday,60.0,2026-02-15T23:38:11
americanforkut,americanforkut,2026-02-15,Sunday,41.5,2026-02-15T20:34:10
cedarcity,cedarcity,2026-02-15,Sunday,16.0,2026-02-15T20:56:50
layton-ut,layton-ut,2026-02-15,Sunday,18.0,2026-02-15T23:38:11
lehiut,lehiut,2026-02-15,Sunday,39.0,2026-02-15T16:01:31
millcreekut,millcreekut,2026-02-15,Sunday,14.0,2026-02-15T17:11:58
murrayut,murrayut,2026-02-15,Sunday,14.0,2026-02-15T21:51:58
ogden-pleasant-view-ut,ogden-pleasant-view-ut,2026-02-15,Sunday,35.5,2026-02-15T23:38:11
ogden-riverdale-ut,ogden-riverdale-ut,2026-02-15,Sunday,15.0,2026-02-15T23:58:31
orem-ut,orem-ut,2026-02-15,Sunday,28.0,2026-02-15T23:38:11
richfield,richfield,2026-02-15,Sunday,9.0,2026-02-15T21:30:32
sandyut,sandyut,2026-02-15,Sunday,35.5,2026-02-15T21:30:32
spanishforkut,spanishforkut,2026-02-15,Sunday,17.5,2026-02-15T20:34:10
stgeorgeut,stgeorgeut,2026-02-15,Sunday,11.0,2026-02-15T21:30:32
st-george-ut-river-rd,st-george-ut-river-rd,2026-02-15,Sunday,19.5,2026-02-15T18:51:25
st-george-ut-sunset,st-george-ut-sunset,2026-02-15,Sunday,4.0,2026-02-15T22:46:17
lynchburg-va,lynchburg-va,2026-02-15,Sunday,37.5,2026-02-15T20:34:10
midlothian-va,midlothian-va,2026-02-15,Sunday,0.0,2026-02-15T02:06:36
virginia-beach-va-courthouse,virginia-beach-va-courthouse,2026-02-15,Sunday,0.0,2026-02-15T02:06:36
hudson-wi,hudson-wi,2026-02-15,Sunday,0.0,2026-02-15T02:06:36
birminghamal,birminghamal,2026-02-16,Monday,24.0,2026-02-16T22:44:55
huntsville-al-research-park,huntsville-al-research-park,2026-02-16,Monday,18.0,2026-02-16T22:02:34
fayetteville-ar,fayetteville-ar,2026-02-16,Monday,22.0,2026-02-16T23:14:17
chandleraz,chandleraz,2026-02-16,Monday,17.0,2026-02-16T22:02:34
southchandleraz,southchandleraz,2026-02-16,Monday,42.5,2026-02-16T19:46:38
gilbertaz,gilbertaz,2026-02-16,Monday,42.5,2026-02-16T21:46:30
glendaleaz,glendaleaz,2026-02-16,Monday,39.0,2026-02-16T22:02:34
goodyear-az,goodyear-az,2026-02-16,Monday,0.0,2026-02-16T02:54:37
lake-havasu-city-az,lake-havasu-city-az,2026-02-16,Monday,0.0,2026-02-16T02:54:37
mesa-az-east,mesa-az-east,2026-02-16,Monday,7.0,2026-02-16T23:14:17
paradise-valley-az,paradise-valley-az,2026-02-16,Monday,24.0,2026-02-16T23:47:12
glendale-az-peoria,glendale-az-peoria,2026-02-16,Monday,25.0,2026-02-16T23:14:17
scottsdaleaz,scottsdaleaz,2026-02-16,Monday,48.0,2026-02-16T21:14:32
scottsdale-az-north,scottsdale-az-north,2026-02-16,Monday,0.0,2026-02-16T02:54:37
surpriseaz,surpriseaz,2026-02-16,Monday,12.5,2026-02-16T23:14:17
talkingstickaz,talkingstickaz,2026-02-16,Monday,0.0,2026-02-16T02:54:37
tempeaz,tempeaz,2026-02-16,Monday,13.5,2026-02-16T23:14:17
carlsbadca,carlsbadca,2026-02-16,Monday,43.0,2026-02-16T23:14:17
rancho-mirage-ca,rancho-mirage-ca,2026-02-16,Monday,0.0,2026-02-16T02:54:37
fort-collins-timnath-co,fort-collins-timnath-co,2026-02-16,Monday,0.0,2026-02-16T02:54:37
invernessco,invernessco,2026-02-16,Monday,29.5,2026-02-16T23:47:12
littleton-co,littleton-co,2026-02-16,Monday,18.0,2026-02-16T21:14:32
loveland-co-johnstown,loveland-co-johnstown,2026-02-16,Monday,0.0,2026-02-16T02:54:37
colorado-springs-northgate,colorado-springs-northgate,2026-02-16,Monday,30.5,2026-02-16T22:02:34
pueblowestco,pueblowestco,2026-02-16,Monday,26.0,2026-02-16T20:45:41
westminster-co,westminster-co,2026-02-16,Monday,0.0,2026-02-16T02:54:37
wilmingtonde,wilmingtonde,2026-02-16,Monday,57.5,2026-02-16T07:20:04
boca-raton-fl-west,boca-raton-fl-west,2026-02-16,Monday,3.0,2026-02-16T17:49:51
bradentonfl,bradentonfl,2026-02-16,Monday,24.5,2026-02-16T18:25:33
jacksonvillebeachfl,jacksonvillebeachfl,2026-02-16,Monday,29.0,2026-02-16T22:44:55
miramarbeach,miramarbeach,2026-02-16,Monday,33.0,2026-02-16T20:45:41
naplesfl,naplesfl,2026-02-16,Monday,28.5,2026-02-16T23:47:12
naples-fl-north,naples-fl-north,2026-02-16,Monday,15.0,2026-02-16T22:44:55
oldsmarfl,oldsmarfl,2026-02-16,Monday,35.5,2026-02-16T22:44:55
orlando-fl-waterford-lakes,orlando-fl-waterford-lakes,2026-02-16,Monday,0.0,2026-02-16T02:54:37
ponte-vedra-fl,ponte-vedra-fl,2026-02-16,Monday,22.0,2026-02-16T20:02:26
port-charlotte-fl,port-charlotte-fl,2026-02-16,Monday,33.0,2026-02-16T23:47:12
spring-hill-fl,spring-hill-fl,2026-02-16,Monday,23.5,2026-02-16T23:47:12
st-augustine-fl,st-augustine-fl,2026-02-16,Monday,0.0,2026-02-16T02:54:37
alpharetta-ga,alpharetta-ga,2026-02-16,Monday,12.5,2026-02-16T17:49:51
westmidtownga,westmidtownga,2026-02-16,Monday,25.5,2026-02-16T23:47:12
augustaga,augustaga,2026-02-16,Monday,31.0,2026-02-16T19:46:38
braseltonga,braseltonga,2026-02-16,Monday,42.0,2026-02-16T22:44:55
dacula-ga,dacula-ga,2026-02-16,Monday,22.5,2026-02-16T23:47:12
mcdonoughga,mcdonoughga,2026-02-16,Monday,16.0,2026-02-16T22:44:55
suwanee-ga,suwanee-ga,2026-02-16,Monday,0.0,2026-02-16T02:54:37
warnerrobinsga,warnerrobinsga,2026-02-16,Monday,38.0,2026-02-16T18:25:33
woodstock-ga,woodstock-ga,2026-02-16,Monday,0.0,2026-02-16T02:54:37
cedar-rapids-ia,cedar-rapids-ia,2026-02-16,Monday,0.0,2026-02-16T02:54:37
ankeny-ia,ankeny-ia,2026-02-16,Monday,27.0,2026-02-16T23:14:17
des-moines-ia-downtown,des-moines-ia-downtown,2026-02-16,Monday,7.0,2026-02-16T21:46:30
des-moines-waukee-ia,des-moines-waukee-ia,2026-02-16,Monday,8.5,2026-02-16T23:14:17
boise-id,boise-id,2026-02-16,Monday,36.0,2026-02-16T17:49:51
meridian-id,meridian-id,2026-02-16,Monday,35.5,2026-02-16T19:46:38
carmelin,carmelin,2026-02-16,Monday,44.0,2026-02-16T23:14:17
evansville-in-east,evansville-in-east,2026-02-16,Monday,0.0,2026-02-16T02:54:37
fishers-in,fishers-in,2026-02-16,Monday,49.5,2026-02-16T15:26:35
kansas-city-leawood,kansas-city-leawood,2026-02-16,Monday,32.0,2026-02-16T21:14:32
overlandparkks,overlandparkks,2026-02-16,Monday,33.0,2026-02-16T19:46:38
ascension-la,ascension-la,2026-02-16,Monday,4.0,2026-02-16T22:44:55
baton-rouge-st-george,baton-rouge-st-george,2026-02-16,Monday,12.0,2026-02-16T21:14:32
shreveport-la-south,shreveport-la-south,2026-02-16,Monday,34.5,2026-02-16T22:44:55
maynardma,maynardma,2026-02-16,Monday,48.0,2026-02-16T22:44:55
southborough-ma,southborough-ma,2026-02-16,Monday,63.5,2026-02-16T21:14:32
crofton-md,crofton-md,2026-02-16,Monday,60.0,2026-02-16T23:47:12
towson-baltimore-md,towson-baltimore-md,2026-02-16,Monday,47.0,2026-02-16T22:44:55
white-marsh-baltimore-md,white-marsh-baltimore-md,2026-02-16,Monday,0.0,2026-02-16T02:54:37
clarkstonmi,clarkstonmi,2026-02-16,Monday,30.0,2026-02-16T16:07:03
farmington-mi,farmington-mi,2026-02-16,Monday,35.0,2026-02-16T20:45:41
grand-blanc-mi,grand-blanc-mi,2026-02-16,Monday,36.0,2026-02-16T20:45:41
jackson-mi,jackson-mi,2026-02-16,Monday,0.0,2026-02-16T02:54:37
lansing-mi,lansing-mi,2026-02-16,Monday,38.0,2026-02-16T13:54:57
livonia-mi,livonia-mi,2026-02-16,Monday,50.0,2026-02-16T19:10:32
novi-mi,novi-mi,2026-02-16,Monday,7.0,2026-02-16T18:25:33
rochester-hills-mi,rochester-hills-mi,2026-02-16,Monday,39.5,2026-02-16T22:44:55
troy-mi,troy-mi,2026-02-16,Monday,47.5,2026-02-16T22:02:34
west-bloomfield-mi,west-bloomfield-mi,2026-02-16,Monday,0.0,2026-02-16T02:54:37
st-louis-crestwood-mo,st-louis-crestwood-mo,2026-02-16,Monday,35.5,2026-02-16T23:14:17
liberty-mo,liberty-mo,2026-02-16,Monday,12.5,2026-02-16T02:54:37
rollamo,rollamo,2026-02-16,Monday,28.0,2026-02-16T23:14:17
bozemanmt,bozemanmt,2026-02-16,Monday,45.0,2026-02-16T21:14:32
chapel-hill-nc,chapel-hill-nc,2026-02-16,Monday,31.5,2026-02-16T20:45:41
raleigh-nc-north,raleigh-nc-north,2026-02-16,Monday,21.0,2026-02-16T21:14:32
lincoln-ne-south,lincoln-ne-south,2026-02-16,Monday,30.0,2026-02-16T22:44:55
omahane,omahane,2026-02-16,Monday,42.5,2026-02-16T22:02:34
papillionne,papillionne,2026-02-16,Monday,29.0,2026-02-16T13:54:57
howell-nj,howell-nj,2026-02-16,Monday,31.5,2026-02-16T22:02:34
pomptonplainsnj,pomptonplainsnj,2026-02-16,Monday,90.0,2026-02-16T21:46:30
princetonnj,princetonnj,2026-02-16,Monday,41.5,2026-02-16T21:14:32
toms-river-nj,toms-river-nj,2026-02-16,Monday,0.0,2026-02-16T02:54:37
lascruces-nm,lascruces-nm,2026-02-16,Monday,28.5,2026-02-16T21:46:30
hendersonnv,hendersonnv,2026-02-16,Monday,32.5,2026-02-16T20:45:41
mesquitenv,mesquitenv,2026-02-16,Monday,25.0,2026-02-16T23:47:12
southsummerlinnv,southsummerlinnv,2026-02-16,Monday,36.0,2026-02-16T23:47:12
summerlinlasvegasnv,summerlinlasvegasnv,2026-02-16,Monday,27.0,2026-02-16T23:47:12
bethpage-ny,bethpage-ny,2026-02-16,Monday,46.5,2026-02-16T04:58:15
fivetowns-ny,fivetowns-ny,2026-02-16,Monday,29.0,2026-02-16T10:07:30
brunswickoh,brunswickoh,2026-02-16,Monday,47.5,2026-02-16T13:54:57
chardonoh,chardonoh,2026-02-16,Monday,50.0,2026-02-16T23:14:17
columbus-upper-arlington-oh,columbus-upper-arlington-oh,2026-02-16,Monday,41.0,2026-02-16T20:02:26
dayton-oh-centerville,dayton-oh-centerville,2026-02-16,Monday,0.0,2026-02-16T02:54:37
north-canton-oh,north-canton-oh,2026-02-16,Monday,39.5,2026-02-16T17:01:10
woosteroh,woosteroh,2026-02-16,Monday,41.0,2026-02-16T22:02:34
jenks-ok,jenks-ok,2026-02-16,Monday,23.0,2026-02-16T23:14:17
tulsa-ok-southern-hills,tulsa-ok-southern-hills,2026-02-16,Monday,24.0,2026-02-16T20:45:41
clackamas-or,clackamas-or,2026-02-16,Monday,25.0,2026-02-16T17:49:51
eugeneor,eugeneor,2026-02-16,Monday,56.5,2026-02-16T19:10:32
salem-keizer-or,salem-keizer-or,2026-02-16,Monday,43.0,2026-02-16T21:46:30
sherwoodor,sherwoodor,2026-02-16,Monday,42.0,2026-02-16T23:47:12
paoli-pa,paoli-pa,2026-02-16,Monday,45.0,2026-02-16T02:54:37
yardley-pa,yardley-pa,2026-02-16,Monday,45.0,2026-02-16T21:46:30
york-pa,york-pa,2026-02-16,Monday,70.0,2026-02-16T21:46:30
aikensc,aikensc,2026-02-16,Monday,40.0,2026-02-16T19:46:38
spartanburgsc,spartanburgsc,2026-02-16,Monday,31.0,2026-02-16T19:46:38
sioux-falls-sd-south,sioux-falls-sd-south,2026-02-16,Monday,33.5,2026-02-16T21:46:30
chattanoogatn,chattanoogatn,2026-02-16,Monday,26.5,2026-02-16T13:54:57
clarksvilletn,clarksvilletn,2026-02-16,Monday,58.0,2026-02-16T21:14:32
cleveland-tn,cleveland-tn,2026-02-16,Monday,0.0,2026-02-16T02:54:37
franklintn,franklintn,2026-02-16,Monday,25.0,2026-02-16T22:02:34
knoxvilletn,knoxvilletn,2026-02-16,Monday,54.0,2026-02-16T23:14:17
memphis-tn-collierville,memphis-tn-collierville,2026-02-16,Monday,12.5,2026-02-16T22:44:55
mt-juliet-tn,mt-juliet-tn,2026-02-16,Monday,31.5,2026-02-16T23:14:17
nashville-bellevue-tn,nashville-bellevue-tn,2026-02-16,Monday,11.0,2026-02-16T21:14:32
spring-hill-tn-north,spring-hill-tn-north,2026-02-16,Monday,43.0,2026-02-16T22:44:55
aledo-willow-park-tx,aledo-willow-park-tx,2026-02-16,Monday,0.0,2026-02-16T02:54:37
allen-tx,allen-tx,2026-02-16,Monday,0.0,2026-02-16T02:54:37
amarillo-tx,amarillo-tx,2026-02-16,Monday,0.0,2026-02-16T02:54:37
arlington-tx-south,arlington-tx-south,2026-02-16,Monday,0.0,2026-02-16T02:54:37
houston-atascocita-tx,houston-atascocita-tx,2026-02-16,Monday,32.0,2026-02-16T22:44:55
eastaustintx,eastaustintx,2026-02-16,Monday,34.0,2026-02-16T23:47:12
southwestaustintx,southwestaustintx,2026-02-16,Monday,17.5,2026-02-16T21:14:32
austin-tx-westlake,austin-tx-westlake,2026-02-16,Monday,0.0,2026-02-16T02:54:37
cedar-park-tx-lakeline,cedar-park-tx-lakeline,2026-02-16,Monday,0.0,2026-02-16T02:54:37
colleyville-tx,colleyville-tx,2026-02-16,Monday,26.5,2026-02-16T22:44:55
denton-tx,denton-tx,2026-02-16,Monday,23.0,2026-02-16T23:47:12
flowermoundtx,flowermoundtx,2026-02-16,Monday,38.5,2026-02-16T21:46:30
fulshear-tx,fulshear-tx,2026-02-16,Monday,0.0,2026-02-16T02:54:37
granburytx,granburytx,2026-02-16,Monday,14.0,2026-02-16T23:47:12
grand-prairie-tx,grand-prairie-tx,2026-02-16,Monday,24.5,2026-02-16T22:02:34
houstonheightstx,houstonheightstx,2026-02-16,Monday,44.5,2026-02-16T18:25:33
houston-memorial-tx,houston-memorial-tx,2026-02-16,Monday,44.5,2026-02-16T15:26:35
katy-tx,katy-tx,2026-02-16,Monday,32.0,2026-02-16T23:14:17
kellertx,kellertx,2026-02-16,Monday,21.5,2026-02-16T23:47:12
lubbock-tx,lubbock-tx,2026-02-16,Monday,15.0,2026-02-16T22:44:55
woodlands-houston-tx,woodlands-houston-tx,2026-02-16,Monday,35.0,2026-02-16T22:44:55
mckinney-tx,mckinney-tx,2026-02-16,Monday,13.0,2026-02-16T19:10:32
midlandtx,midlandtx,2026-02-16,Monday,49.5,2026-02-16T21:14:32
east-odessa-tx,east-odessa-tx,2026-02-16,Monday,0.0,2026-02-16T02:54:37
planowesttx,planowesttx,2026-02-16,Monday,32.5,2026-02-16T19:46:38
round-rock-tx,round-rock-tx,2026-02-16,Monday,0.0,2026-02-16T02:54:37
shenandoah-tx,shenandoah-tx,2026-02-16,Monday,0.0,2026-02-16T02:54:37
sherman-tx,sherman-tx,2026-02-16,Monday,24.5,2026-02-16T22:44:55
spring-tx,spring-tx,2026-02-16,Monday,22.0,2026-02-16T23:47:12
tylersouthtx,tylersouthtx,2026-02-16,Monday,42.5,2026-02-16T21:46:30
americanforkut,americanforkut,2026-02-16,Monday,56.0,2026-02-16T16:07:03
cedarcity,cedarcity,2026-02-16,Monday,47.0,2026-02-16T23:47:12
layton-ut,layton-ut,2026-02-16,Monday,30.0,2026-02-16T22:44:55
lehiut,lehiut,2026-02-16,Monday,50.5,2026-02-16T07:20:04
millcreekut,millcreekut,2026-02-16,Monday,14.0,2026-02-16T04:58:15
murrayut,murrayut,2026-02-16,Monday,24.0,2026-02-16T22:02:34
ogden-pleasant-view-ut,ogden-pleasant-view-ut,2026-02-16,Monday,34.0,2026-02-16T23:14:17
ogden-riverdale-ut,ogden-riverdale-ut,2026-02-16,Monday,4.5,2026-02-16T22:44:55
orem-ut,orem-ut,2026-02-16,Monday,53.5,2026-02-16T23:47:12
richfield,richfield,2026-02-16,Monday,7.0,2026-02-16T23:14:17
sandyut,sandyut,2026-02-16,Monday,40.0,2026-02-16T19:46:38
spanishforkut,spanishforkut,2026-02-16,Monday,38.5,2026-02-16T22:44:55
stgeorgeut,stgeorgeut,2026-02-16,Monday,18.0,2026-02-16T23:14:17
st-george-ut-river-rd,st-george-ut-river-rd,2026-02-16,Monday,29.5,2026-02-16T22:44:55
st-george-ut-sunset,st-george-ut-sunset,2026-02-16,Monday,19.5,2026-02-16T23:47:12
lynchburg-va,lynchburg-va,2026-02-16,Monday,23.0,2026-02-16T19:46:38
midlothian-va,midlothian-va,2026-02-16,Monday,0.0,2026-02-16T02:54:37
virginia-beach-va-courthouse,virginia-beach-va-courthouse,2026-02-16,Monday,0.0,2026-02-16T02:54:37
hudson-wi,hudson-wi,2026-02-16,Monday,0.0,2026-02-16T02:54:37
roswell-ga,roswell-ga,2026-02-16,Monday,0.0,2026-02-16T22:44:55
birminghamal,birminghamal,2026-02-17,Tuesday,21.5,2026-02-17T21:29:58
huntsville-al-research-park,huntsville-al-research-park,2026-02-17,Tuesday,12.5,2026-02-17T22:40:44
fayetteville-ar,fayetteville-ar,2026-02-17,Tuesday,8.0,2026-02-17T23:02:52
chandleraz,chandleraz,2026-02-17,Tuesday,26.5,2026-02-17T21:57:46
southchandleraz,southchandleraz,2026-02-17,Tuesday,42.0,2026-02-17T19:33:26
gilbertaz,gilbertaz,2026-02-17,Tuesday,48.0,2026-02-17T23:02:52
glendaleaz,glendaleaz,2026-02-17,Tuesday,33.5,2026-02-17T23:40:18
goodyear-az,goodyear-az,2026-02-17,Tuesday,0.0,2026-02-17T00:56:16
lake-havasu-city-az,lake-havasu-city-az,2026-02-17,Tuesday,0.0,2026-02-17T00:56:16
mesa-az-east,mesa-az-east,2026-02-17,Tuesday,17.5,2026-02-17T22:40:44
paradise-valley-az,paradise-valley-az,2026-02-17,Tuesday,25.5,2026-02-17T15:34:37
glendale-az-peoria,glendale-az-peoria,2026-02-17,Tuesday,18.0,2026-02-17T22:40:44
scottsdaleaz,scottsdaleaz,2026-02-17,Tuesday,44.0,2026-02-17T21:57:46
scottsdale-az-north,scottsdale-az-north,2026-02-17,Tuesday,0.0,2026-02-17T00:56:16
surpriseaz,surpriseaz,2026-02-17,Tuesday,15.5,2026-02-17T23:02:52
talkingstickaz,talkingstickaz,2026-02-17,Tuesday,0.0,2026-02-17T00:56:16
tempeaz,tempeaz,2026-02-17,Tuesday,16.0,2026-02-17T20:03:32
carlsbadca,carlsbadca,2026-02-17,Tuesday,36.5,2026-02-17T20:52:50
rancho-mirage-ca,rancho-mirage-ca,2026-02-17,Tuesday,0.0,2026-02-17T00:56:16
fort-collins-timnath-co,fort-collins-timnath-co,2026-02-17,Tuesday,0.0,2026-02-17T00:56:16
invernessco,invernessco,2026-02-17,Tuesday,22.5,2026-02-17T21:29:58
littleton-co,littleton-co,2026-02-17,Tuesday,22.5,2026-02-17T21:57:46
loveland-co-johnstown,loveland-co-johnstown,2026-02-17,Tuesday,0.0,2026-02-17T00:56:16
colorado-springs-northgate,colorado-springs-northgate,2026-02-17,Tuesday,28.5,2026-02-17T18:35:57
pueblowestco,pueblowestco,2026-02-17,Tuesday,27.5,2026-02-17T19:33:26
westminster-co,westminster-co,2026-02-17,Tuesday,0.0,2026-02-17T00:56:16
wilmingtonde,wilmingtonde,2026-02-17,Tuesday,56.5,2026-02-17T22:40:44
boca-raton-fl-west,boca-raton-fl-west,2026-02-17,Tuesday,2.0,2026-02-17T21:29:58
bradentonfl,bradentonfl,2026-02-17,Tuesday,26.5,2026-02-17T23:40:18
jacksonvillebeachfl,jacksonvillebeachfl,2026-02-17,Tuesday,32.5,2026-02-17T23:40:18
miramarbeach,miramarbeach,2026-02-17,Tuesday,29.0,2026-02-17T22:40:44
naplesfl,naplesfl,2026-02-17,Tuesday,34.0,2026-02-17T23:02:52
naples-fl-north,naples-fl-north,2026-02-17,Tuesday,10.0,2026-02-17T16:37:12
oldsmarfl,oldsmarfl,2026-02-17,Tuesday,35.0,2026-02-17T20:52:50
orlando-fl-waterford-lakes,orlando-fl-waterford-lakes,2026-02-17,Tuesday,0.0,2026-02-17T00:56:16
ponte-vedra-fl,ponte-vedra-fl,2026-02-17,Tuesday,18.0,2026-02-17T22:40:44
port-charlotte-fl,port-charlotte-fl,2026-02-17,Tuesday,29.0,2026-02-17T19:33:26
spring-hill-fl,spring-hill-fl,2026-02-17,Tuesday,18.0,2026-02-17T21:29:58
st-augustine-fl,st-augustine-fl,2026-02-17,Tuesday,0.0,2026-02-17T00:56:16
alpharetta-ga,alpharetta-ga,2026-02-17,Tuesday,10.0,2026-02-17T17:40:38
westmidtownga,westmidtownga,2026-02-17,Tuesday,23.0,2026-02-17T20:52:50
augustaga,augustaga,2026-02-17,Tuesday,31.0,2026-02-17T17:40:38
braseltonga,braseltonga,2026-02-17,Tuesday,24.5,2026-02-17T21:29:58
dacula-ga,dacula-ga,2026-02-17,Tuesday,19.0,2026-02-17T23:02:52
mcdonoughga,mcdonoughga,2026-02-17,Tuesday,7.0,2026-02-17T19:33:26
roswell-ga,roswell-ga,2026-02-17,Tuesday,0.0,2026-02-17T00:56:16
suwanee-ga,suwanee-ga,2026-02-17,Tuesday,0.0,2026-02-17T00:56:16
warnerrobinsga,warnerrobinsga,2026-02-17,Tuesday,35.5,2026-02-17T18:35:57
woodstock-ga,woodstock-ga,2026-02-17,Tuesday,0.0,2026-02-17T00:56:16
cedar-rapids-ia,cedar-rapids-ia,2026-02-17,Tuesday,0.0,2026-02-17T00:56:16
ankeny-ia,ankeny-ia,2026-02-17,Tuesday,15.5,2026-02-17T22:40:44
des-moines-ia-downtown,des-moines-ia-downtown,2026-02-17,Tuesday,5.5,2026-02-17T17:40:38
des-moines-waukee-ia,des-moines-waukee-ia,2026-02-17,Tuesday,7.0,2026-02-17T23:40:18
boise-id,boise-id,2026-02-17,Tuesday,43.0,2026-02-17T18:35:57
meridian-id,meridian-id,2026-02-17,Tuesday,28.0,2026-02-17T21:57:46
carmelin,carmelin,2026-02-17,Tuesday,39.5,2026-02-17T19:33:26
evansville-in-east,evansville-in-east,2026-02-17,Tuesday,0.0,2026-02-17T00:56:16
fishers-in,fishers-in,2026-02-17,Tuesday,40.5,2026-02-17T21:29:58
kansas-city-leawood,kansas-city-leawood,2026-02-17,Tuesday,27.0,2026-02-17T16:37:12
overlandparkks,overlandparkks,2026-02-17,Tuesday,35.0,2026-02-17T17:40:38
ascension-la,ascension-la,2026-02-17,Tuesday,0.0,2026-02-17T00:56:16
baton-rouge-st-george,baton-rouge-st-george,2026-02-17,Tuesday,12.0,2026-02-17T19:33:26
shreveport-la-south,shreveport-la-south,2026-02-17,Tuesday,27.0,2026-02-17T21:29:58
maynardma,maynardma,2026-02-17,Tuesday,33.0,2026-02-17T23:02:52
southborough-ma,southborough-ma,2026-02-17,Tuesday,56.5,2026-02-17T16:37:12
crofton-md,crofton-md,2026-02-17,Tuesday,45.5,2026-02-17T22:40:44
towson-baltimore-md,towson-baltimore-md,2026-02-17,Tuesday,39.0,2026-02-17T16:37:12
white-marsh-baltimore-md,white-marsh-baltimore-md,2026-02-17,Tuesday,0.0,2026-02-17T00:56:16
clarkstonmi,clarkstonmi,2026-02-17,Tuesday,31.5,2026-02-17T16:37:12
farmington-mi,farmington-mi,2026-02-17,Tuesday,32.0,2026-02-17T23:02:52
grand-blanc-mi,grand-blanc-mi,2026-02-17,Tuesday,29.5,2026-02-17T20:52:50
jackson-mi,jackson-mi,2026-02-17,Tuesday,0.0,2026-02-17T00:56:16
lansing-mi,lansing-mi,2026-02-17,Tuesday,35.5,2026-02-17T20:52:50
livonia-mi,livonia-mi,2026-02-17,Tuesday,42.5,2026-02-17T10:59:00
novi-mi,novi-mi,2026-02-17,Tuesday,8.0,2026-02-17T17:40:38
rochester-hills-mi,rochester-hills-mi,2026-02-17,Tuesday,39.0,2026-02-17T23:02:52
troy-mi,troy-mi,2026-02-17,Tuesday,37.0,2026-02-17T20:03:32
west-bloomfield-mi,west-bloomfield-mi,2026-02-17,Tuesday,0.0,2026-02-17T00:56:16
st-louis-crestwood-mo,st-louis-crestwood-mo,2026-02-17,Tuesday,20.5,2026-02-17T20:52:50
liberty-mo,liberty-mo,2026-02-17,Tuesday,17.0,2026-02-17T16:37:12
rollamo,rollamo,2026-02-17,Tuesday,17.5,2026-02-17T23:40:18
bozemanmt,bozemanmt,2026-02-17,Tuesday,44.5,2026-02-17T21:57:46
chapel-hill-nc,chapel-hill-nc,2026-02-17,Tuesday,27.5,2026-02-17T20:52:50
raleigh-nc-north,raleigh-nc-north,2026-02-17,Tuesday,7.5,2026-02-17T22:40:44
lincoln-ne-south,lincoln-ne-south,2026-02-17,Tuesday,30.5,2026-02-17T23:40:18
omahane,omahane,2026-02-17,Tuesday,40.0,2026-02-17T19:33:26
papillionne,papillionne,2026-02-17,Tuesday,17.5,2026-02-17T06:11:36
howell-nj,howell-nj,2026-02-17,Tuesday,24.0,2026-02-17T23:40:18
pomptonplainsnj,pomptonplainsnj,2026-02-17,Tuesday,71.5,2026-02-17T19:33:26
princetonnj,princetonnj,2026-02-17,Tuesday,41.5,2026-02-17T14:36:54
toms-river-nj,toms-river-nj,2026-02-17,Tuesday,0.0,2026-02-17T00:56:16
lascruces-nm,lascruces-nm,2026-02-17,Tuesday,38.0,2026-02-17T23:02:52
hendersonnv,hendersonnv,2026-02-17,Tuesday,35.0,2026-02-17T21:57:46
mesquitenv,mesquitenv,2026-02-17,Tuesday,26.5,2026-02-17T18:35:57
southsummerlinnv,southsummerlinnv,2026-02-17,Tuesday,42.0,2026-02-17T21:57:46
summerlinlasvegasnv,summerlinlasvegasnv,2026-02-17,Tuesday,39.0,2026-02-17T23:02:52
bethpage-ny,bethpage-ny,2026-02-17,Tuesday,47.5,2026-02-17T05:12:13
fivetowns-ny,fivetowns-ny,2026-02-17,Tuesday,15.0,2026-02-17T10:00:47
brunswickoh,brunswickoh,2026-02-17,Tuesday,55.5,2026-02-17T15:34:37
chardonoh,chardonoh,2026-02-17,Tuesday,35.0,2026-02-17T23:02:52
columbus-upper-arlington-oh,columbus-upper-arlington-oh,2026-02-17,Tuesday,36.0,2026-02-17T21:57:46
dayton-oh-centerville,dayton-oh-centerville,2026-02-17,Tuesday,0.0,2026-02-17T00:56:16
north-canton-oh,north-canton-oh,2026-02-17,Tuesday,42.5,2026-02-17T19:33:26
woosteroh,woosteroh,2026-02-17,Tuesday,42.5,2026-02-17T22:40:44
jenks-ok,jenks-ok,2026-02-17,Tuesday,11.0,2026-02-17T23:02:52
tulsa-ok-southern-hills,tulsa-ok-southern-hills,2026-02-17,Tuesday,14.0,2026-02-17T22:40:44
clackamas-or,clackamas-or,2026-02-17,Tuesday,27.5,2026-02-17T17:40:38
eugeneor,eugeneor,2026-02-17,Tuesday,44.5,2026-02-17T20:03:32
salem-keizer-or,salem-keizer-or,2026-02-17,Tuesday,24.5,2026-02-17T05:12:13
sherwoodor,sherwoodor,2026-02-17,Tuesday,30.0,2026-02-17T22:40:44
paoli-pa,paoli-pa,2026-02-17,Tuesday,38.0,2026-02-17T20:03:32
yardley-pa,yardley-pa,2026-02-17,Tuesday,36.0,2026-02-17T23:40:18
york-pa,york-pa,2026-02-17,Tuesday,47.5,2026-02-17T22:40:44
aikensc,aikensc,2026-02-17,Tuesday,32.0,2026-02-17T20:52:50
spartanburgsc,spartanburgsc,2026-02-17,Tuesday,30.0,2026-02-17T23:02:52
sioux-falls-sd-south,sioux-falls-sd-south,2026-02-17,Tuesday,32.5,2026-02-17T21:29:58
chattanoogatn,chattanoogatn,2026-02-17,Tuesday,21.5,2026-02-17T15:34:37
clarksvilletn,clarksvilletn,2026-02-17,Tuesday,51.0,2026-02-17T22:40:44
cleveland-tn,cleveland-tn,2026-02-17,Tuesday,0.0,2026-02-17T00:56:16
franklintn,franklintn,2026-02-17,Tuesday,21.5,2026-02-17T13:47:52
knoxvilletn,knoxvilletn,2026-02-17,Tuesday,42.0,2026-02-17T21:57:46
memphis-tn-collierville,memphis-tn-collierville,2026-02-17,Tuesday,18.0,2026-02-17T14:36:54
mt-juliet-tn,mt-juliet-tn,2026-02-17,Tuesday,23.0,2026-02-17T23:02:52
nashville-bellevue-tn,nashville-bellevue-tn,2026-02-17,Tuesday,14.0,2026-02-17T23:02:52
spring-hill-tn-north,spring-hill-tn-north,2026-02-17,Tuesday,30.5,2026-02-17T23:02:52
aledo-willow-park-tx,aledo-willow-park-tx,2026-02-17,Tuesday,0.0,2026-02-17T00:56:16
allen-tx,allen-tx,2026-02-17,Tuesday,0.0,2026-02-17T00:56:16
amarillo-tx,amarillo-tx,2026-02-17,Tuesday,0.0,2026-02-17T00:56:16
arlington-tx-south,arlington-tx-south,2026-02-17,Tuesday,0.0,2026-02-17T00:56:16
houston-atascocita-tx,houston-atascocita-tx,2026-02-17,Tuesday,22.0,2026-02-17T22:40:44
eastaustintx,eastaustintx,2026-02-17,Tuesday,29.5,2026-02-17T22:40:44
southwestaustintx,southwestaustintx,2026-02-17,Tuesday,17.5,2026-02-17T23:40:18
austin-tx-westlake,austin-tx-westlake,2026-02-17,Tuesday,0.0,2026-02-17T00:56:16
cedar-park-tx-lakeline,cedar-park-tx-lakeline,2026-02-17,Tuesday,0.0,2026-02-17T00:56:16
colleyville-tx,colleyville-tx,2026-02-17,Tuesday,24.0,2026-02-17T23:02:52
denton-tx,denton-tx,2026-02-17,Tuesday,20.5,2026-02-17T22:40:44
flowermoundtx,flowermoundtx,2026-02-17,Tuesday,35.0,2026-02-17T23:40:18
fulshear-tx,fulshear-tx,2026-02-17,Tuesday,0.0,2026-02-17T00:56:16
granburytx,granburytx,2026-02-17,Tuesday,7.0,2026-02-17T21:57:46
grand-prairie-tx,grand-prairie-tx,2026-02-17,Tuesday,19.5,2026-02-17T22:40:44
houstonheightstx,houstonheightstx,2026-02-17,Tuesday,41.0,2026-02-17T10:00:47
houston-memorial-tx,houston-memorial-tx,2026-02-17,Tuesday,41.0,2026-02-17T15:34:37
katy-tx,katy-tx,2026-02-17,Tuesday,31.0,2026-02-17T23:40:18
kellertx,kellertx,2026-02-17,Tuesday,17.0,2026-02-17T21:57:46
lubbock-tx,lubbock-tx,2026-02-17,Tuesday,31.5,2026-02-17T23:40:18
woodlands-houston-tx,woodlands-houston-tx,2026-02-17,Tuesday,22.5,2026-02-17T22:40:44
mckinney-tx,mckinney-tx,2026-02-17,Tuesday,16.5,2026-02-17T05:12:13
midlandtx,midlandtx,2026-02-17,Tuesday,48.5,2026-02-17T22:40:44
east-odessa-tx,east-odessa-tx,2026-02-17,Tuesday,0.0,2026-02-17T00:56:16
planowesttx,planowesttx,2026-02-17,Tuesday,32.0,2026-02-17T23:40:18
round-rock-tx,round-rock-tx,2026-02-17,Tuesday,0.0,2026-02-17T00:56:16
shenandoah-tx,shenandoah-tx,2026-02-17,Tuesday,0.0,2026-02-17T00:56:16
sherman-tx,sherman-tx,2026-02-17,Tuesday,30.5,2026-02-17T23:40:18
spring-tx,spring-tx,2026-02-17,Tuesday,11.0,2026-02-17T23:02:52
tylersouthtx,tylersouthtx,2026-02-17,Tuesday,37.5,2026-02-17T20:03:32
americanforkut,americanforkut,2026-02-17,Tuesday,45.5,2026-02-17T06:11:36
cedarcity,cedarcity,2026-02-17,Tuesday,37.5,2026-02-17T19:33:26
layton-ut,layton-ut,2026-02-17,Tuesday,18.0,2026-02-17T22:40:44
lehiut,lehiut,2026-02-17,Tuesday,39.5,2026-02-17T19:33:26
millcreekut,millcreekut,2026-02-17,Tuesday,12.5,2026-02-17T03:37:07
murrayut,murrayut,2026-02-17,Tuesday,22.0,2026-02-17T23:40:18
ogden-pleasant-view-ut,ogden-pleasant-view-ut,2026-02-17,Tuesday,25.0,2026-02-17T21:29:58
ogden-riverdale-ut,ogden-riverdale-ut,2026-02-17,Tuesday,12.0,2026-02-17T23:40:18
orem-ut,orem-ut,2026-02-17,Tuesday,48.5,2026-02-17T22:40:44
richfield,richfield,2026-02-17,Tuesday,14.0,2026-02-17T22:40:44
sandyut,sandyut,2026-02-17,Tuesday,36.5,2026-02-17T20:52:50
spanishforkut,spanishforkut,2026-02-17,Tuesday,34.0,2026-02-17T22:40:44
stgeorgeut,stgeorgeut,2026-02-17,Tuesday,17.0,2026-02-17T22:40:44
st-george-ut-river-rd,st-george-ut-river-rd,2026-02-17,Tuesday,19.5,2026-02-17T18:35:57
st-george-ut-sunset,st-george-ut-sunset,2026-02-17,Tuesday,22.5,2026-02-17T20:52:50
lynchburg-va,lynchburg-va,2026-02-17,Tuesday,24.5,2026-02-17T21:57:46
midlothian-va,midlothian-va,2026-02-17,Tuesday,0.0,2026-02-17T00:56:16
virginia-beach-va-courthouse,virginia-beach-va-courthouse,2026-02-17,Tuesday,0.0,2026-02-17T00:56:16
hudson-wi,hudson-wi,2026-02-17,Tuesday,0.0,2026-02-17T00:56:16
monroe-la-west,monroe-la-west,2026-02-17,Tuesday,0.0,2026-02-17T21:29:58
birminghamal,birminghamal,2026-02-18,Wednesday,24.5,2026-02-18T20:06:02
huntsville-al-research-park,huntsville-al-research-park,2026-02-18,Wednesday,13.5,2026-02-18T21:35:46
fayetteville-ar,fayetteville-ar,2026-02-18,Wednesday,23.0,2026-02-18T18:30:36
chandleraz,chandleraz,2026-02-18,Wednesday,18.0,2026-02-18T23:16:08
southchandleraz,southchandleraz,2026-02-18,Wednesday,20.5,2026-02-18T23:47:50
gilbertaz,gilbertaz,2026-02-18,Wednesday,39.0,2026-02-18T23:16:08
glendaleaz,glendaleaz,2026-02-18,Wednesday,42.5,2026-02-18T22:49:08
goodyear-az,goodyear-az,2026-02-18,Wednesday,0.0,2026-02-18T00:00:47
lake-havasu-city-az,lake-havasu-city-az,2026-02-18,Wednesday,0.0,2026-02-18T00:00:47
mesa-az-east,mesa-az-east,2026-02-18,Wednesday,8.0,2026-02-18T23:47:50
paradise-valley-az,paradise-valley-az,2026-02-18,Wednesday,16.0,2026-02-18T22:49:08
glendale-az-peoria,glendale-az-peoria,2026-02-18,Wednesday,24.5,2026-02-18T23:16:08
scottsdaleaz,scottsdaleaz,2026-02-18,Wednesday,45.5,2026-02-18T23:47:50
scottsdale-az-north,scottsdale-az-north,2026-02-18,Wednesday,0.0,2026-02-18T00:00:47
surpriseaz,surpriseaz,2026-02-18,Wednesday,17.5,2026-02-18T22:49:08
talkingstickaz,talkingstickaz,2026-02-18,Wednesday,0.0,2026-02-18T00:00:47
tempeaz,tempeaz,2026-02-18,Wednesday,13.0,2026-02-18T23:47:50
carlsbadca,carlsbadca,2026-02-18,Wednesday,24.0,2026-02-18T19:31:07
rancho-mirage-ca,rancho-mirage-ca,2026-02-18,Wednesday,0.0,2026-02-18T00:00:47
fort-collins-timnath-co,fort-collins-timnath-co,2026-02-18,Wednesday,0.0,2026-02-18T00:00:47
invernessco,invernessco,2026-02-18,Wednesday,28.0,2026-02-18T21:35:46
littleton-co,littleton-co,2026-02-18,Wednesday,22.0,2026-02-18T20:06:02
loveland-co-johnstown,loveland-co-johnstown,2026-02-18,Wednesday,0.0,2026-02-18T00:00:47
colorado-springs-northgate,colorado-springs-northgate,2026-02-18,Wednesday,22.5,2026-02-18T23:16:08
pueblowestco,pueblowestco,2026-02-18,Wednesday,28.5,2026-02-18T19:31:07
westminster-co,westminster-co,2026-02-18,Wednesday,0.0,2026-02-18T00:00:47
wilmingtonde,wilmingtonde,2026-02-18,Wednesday,60.0,2026-02-18T08:59:25
boca-raton-fl-west,boca-raton-fl-west,2026-02-18,Wednesday,1.0,2026-02-18T18:30:36
bradentonfl,bradentonfl,2026-02-18,Wednesday,10.0,2026-02-18T18:30:36
jacksonvillebeachfl,jacksonvillebeachfl,2026-02-18,Wednesday,20.0,2026-02-18T22:49:08
miramarbeach,miramarbeach,2026-02-18,Wednesday,29.5,2026-02-18T19:31:07
naplesfl,naplesfl,2026-02-18,Wednesday,32.5,2026-02-18T23:47:50
naples-fl-north,naples-fl-north,2026-02-18,Wednesday,8.0,2026-02-18T17:40:46
oldsmarfl,oldsmarfl,2026-02-18,Wednesday,42.0,2026-02-18T22:49:08
orlando-fl-waterford-lakes,orlando-fl-waterford-lakes,2026-02-18,Wednesday,0.0,2026-02-18T00:00:47
ponte-vedra-fl,ponte-vedra-fl,2026-02-18,Wednesday,23.5,2026-02-18T23:16:08
port-charlotte-fl,port-charlotte-fl,2026-02-18,Wednesday,26.0,2026-02-18T23:47:50
spring-hill-fl,spring-hill-fl,2026-02-18,Wednesday,23.5,2026-02-18T20:06:02
st-augustine-fl,st-augustine-fl,2026-02-18,Wednesday,0.0,2026-02-18T00:00:47
alpharetta-ga,alpharetta-ga,2026-02-18,Wednesday,11.5,2026-02-18T22:49:08
westmidtownga,westmidtownga,2026-02-18,Wednesday,23.0,2026-02-18T21:35:46
augustaga,augustaga,2026-02-18,Wednesday,28.0,2026-02-18T17:40:46
braseltonga,braseltonga,2026-02-18,Wednesday,32.5,2026-02-18T21:35:46
dacula-ga,dacula-ga,2026-02-18,Wednesday,17.5,2026-02-18T18:30:36
mcdonoughga,mcdonoughga,2026-02-18,Wednesday,9.0,2026-02-18T23:16:08
roswell-ga,roswell-ga,2026-02-18,Wednesday,0.0,2026-02-18T00:00:47
suwanee-ga,suwanee-ga,2026-02-18,Wednesday,0.0,2026-02-18T00:00:47
warnerrobinsga,warnerrobinsga,2026-02-18,Wednesday,26.0,2026-02-18T19:31:07
woodstock-ga,woodstock-ga,2026-02-18,Wednesday,0.0,2026-02-18T00:00:47
cedar-rapids-ia,cedar-rapids-ia,2026-02-18,Wednesday,0.0,2026-02-18T00:00:47
ankeny-ia,ankeny-ia,2026-02-18,Wednesday,15.5,2026-02-18T22:49:08
des-moines-ia-downtown,des-moines-ia-downtown,2026-02-18,Wednesday,7.5,2026-02-18T23:16:08
des-moines-waukee-ia,des-moines-waukee-ia,2026-02-18,Wednesday,10.0,2026-02-18T23:47:50
boise-id,boise-id,2026-02-18,Wednesday,41.0,2026-02-18T19:31:07
meridian-id,meridian-id,2026-02-18,Wednesday,33.5,2026-02-18T22:49:08
carmelin,carmelin,2026-02-18,Wednesday,37.5,2026-02-18T23:47:50
evansville-in-east,evansville-in-east,2026-02-18,Wednesday,0.0,2026-02-18T00:00:47
fishers-in,fishers-in,2026-02-18,Wednesday,40.0,2026-02-18T21:35:46
kansas-city-leawood,kansas-city-leawood,2026-02-18,Wednesday,19.5,2026-02-18T23:47:50
overlandparkks,overlandparkks,2026-02-18,Wednesday,40.0,2026-02-18T22:49:08
ascension-la,ascension-la,2026-02-18,Wednesday,5.0,2026-02-18T23:47:50
baton-rouge-st-george,baton-rouge-st-george,2026-02-18,Wednesday,15.5,2026-02-18T22:49:08
shreveport-la-south,shreveport-la-south,2026-02-18,Wednesday,22.5,2026-02-18T22:49:08
monroe-la-west,monroe-la-west,2026-02-18,Wednesday,0.0,2026-02-18T00:00:47
maynardma,maynardma,2026-02-18,Wednesday,38.0,2026-02-18T22:49:08
southborough-ma,southborough-ma,2026-02-18,Wednesday,50.5,2026-02-18T21:35:46
crofton-md,crofton-md,2026-02-18,Wednesday,47.5,2026-02-18T21:35:46
towson-baltimore-md,towson-baltimore-md,2026-02-18,Wednesday,40.0,2026-02-18T21:35:46
white-marsh-baltimore-md,white-marsh-baltimore-md,2026-02-18,Wednesday,0.0,2026-02-18T00:00:47
clarkstonmi,clarkstonmi,2026-02-18,Wednesday,33.5,2026-02-18T19:31:07
farmington-mi,farmington-mi,2026-02-18,Wednesday,35.0,2026-02-18T17:40:46
grand-blanc-mi,grand-blanc-mi,2026-02-18,Wednesday,35.5,2026-02-18T17:40:46
jackson-mi,jackson-mi,2026-02-18,Wednesday,0.0,2026-02-18T00:00:47
lansing-mi,lansing-mi,2026-02-18,Wednesday,46.5,2026-02-18T22:49:08
livonia-mi,livonia-mi,2026-02-18,Wednesday,39.5,2026-02-18T05:03:48
novi-mi,novi-mi,2026-02-18,Wednesday,6.0,2026-02-18T15:33:02
rochester-hills-mi,rochester-hills-mi,2026-02-18,Wednesday,31.5,2026-02-18T23:47:50
troy-mi,troy-mi,2026-02-18,Wednesday,36.0,2026-02-18T20:06:02
west-bloomfield-mi,west-bloomfield-mi,2026-02-18,Wednesday,0.0,2026-02-18T00:00:47
st-louis-crestwood-mo,st-louis-crestwood-mo,2026-02-18,Wednesday,28.5,2026-02-18T20:06:02
liberty-mo,liberty-mo,2026-02-18,Wednesday,12.0,2026-02-18T19:31:07
rollamo,rollamo,2026-02-18,Wednesday,13.0,2026-02-18T23:16:08
bozemanmt,bozemanmt,2026-02-18,Wednesday,35.5,2026-02-18T20:06:02
chapel-hill-nc,chapel-hill-nc,2026-02-18,Wednesday,24.0,2026-02-18T23:16:08
raleigh-nc-north,raleigh-nc-north,2026-02-18,Wednesday,13.5,2026-02-18T21:35:46
lincoln-ne-south,lincoln-ne-south,2026-02-18,Wednesday,27.5,2026-02-18T21:35:46
omahane,omahane,2026-02-18,Wednesday,51.0,2026-02-18T23:47:50
papillionne,papillionne,2026-02-18,Wednesday,22.0,2026-02-18T18:30:36
howell-nj,howell-nj,2026-02-18,Wednesday,23.5,2026-02-18T20:06:02
pomptonplainsnj,pomptonplainsnj,2026-02-18,Wednesday,65.5,2026-02-18T20:06:02
princetonnj,princetonnj,2026-02-18,Wednesday,46.0,2026-02-18T20:06:02
toms-river-nj,toms-river-nj,2026-02-18,Wednesday,0.0,2026-02-18T00:00:47
lascruces-nm,lascruces-nm,2026-02-18,Wednesday,30.5,2026-02-18T22:49:08
hendersonnv,hendersonnv,2026-02-18,Wednesday,34.5,2026-02-18T22:49:08
mesquitenv,mesquitenv,2026-02-18,Wednesday,29.5,2026-02-18T23:47:50
southsummerlinnv,southsummerlinnv,2026-02-18,Wednesday,37.5,2026-02-18T21:35:46
summerlinlasvegasnv,summerlinlasvegasnv,2026-02-18,Wednesday,34.0,2026-02-18T22:49:08
bethpage-ny,bethpage-ny,2026-02-18,Wednesday,50.5,2026-02-18T05:03:48
fivetowns-ny,fivetowns-ny,2026-02-18,Wednesday,19.0,2026-02-18T20:06:02
brunswickoh,brunswickoh,2026-02-18,Wednesday,51.5,2026-02-18T05:03:48
chardonoh,chardonoh,2026-02-18,Wednesday,26.5,2026-02-18T21:35:46
columbus-upper-arlington-oh,columbus-upper-arlington-oh,2026-02-18,Wednesday,28.0,2026-02-18T17:40:46
dayton-oh-centerville,dayton-oh-centerville,2026-02-18,Wednesday,0.0,2026-02-18T00:00:47
north-canton-oh,north-canton-oh,2026-02-18,Wednesday,35.5,2026-02-18T21:35:46
woosteroh,woosteroh,2026-02-18,Wednesday,41.0,2026-02-18T18:30:36
jenks-ok,jenks-ok,2026-02-18,Wednesday,20.0,2026-02-18T23:16:08
tulsa-ok-southern-hills,tulsa-ok-southern-hills,2026-02-18,Wednesday,11.0,2026-02-18T21:35:46
clackamas-or,clackamas-or,2026-02-18,Wednesday,23.0,2026-02-18T22:49:08
eugeneor,eugeneor,2026-02-18,Wednesday,56.5,2026-02-18T23:47:50
salem-keizer-or,salem-keizer-or,2026-02-18,Wednesday,37.5,2026-02-18T22:49:08
sherwoodor,sherwoodor,2026-02-18,Wednesday,35.5,2026-02-18T23:47:50
paoli-pa,paoli-pa,2026-02-18,Wednesday,38.5,2026-02-18T17:40:46
yardley-pa,yardley-pa,2026-02-18,Wednesday,43.5,2026-02-18T22:49:08
york-pa,york-pa,2026-02-18,Wednesday,54.5,2026-02-18T23:47:50
aikensc,aikensc,2026-02-18,Wednesday,24.0,2026-02-18T20:06:02
spartanburgsc,spartanburgsc,2026-02-18,Wednesday,34.0,2026-02-18T22:49:08
sioux-falls-sd-south,sioux-falls-sd-south,2026-02-18,Wednesday,33.0,2026-02-18T22:49:08
chattanoogatn,chattanoogatn,2026-02-18,Wednesday,24.5,2026-02-18T03:12:21
clarksvilletn,clarksvilletn,2026-02-18,Wednesday,42.5,2026-02-18T11:42:49
cleveland-tn,cleveland-tn,2026-02-18,Wednesday,0.0,2026-02-18T00:00:47
franklintn,franklintn,2026-02-18,Wednesday,26.5,2026-02-18T18:30:36
knoxvilletn,knoxvilletn,2026-02-18,Wednesday,47.0,2026-02-18T22:49:08
memphis-tn-collierville,memphis-tn-collierville,2026-02-18,Wednesday,10.0,2026-02-18T16:40:08
mt-juliet-tn,mt-juliet-tn,2026-02-18,Wednesday,26.5,2026-02-18T23:16:08
nashville-bellevue-tn,nashville-bellevue-tn,2026-02-18,Wednesday,13.0,2026-02-18T22:49:08
spring-hill-tn-north,spring-hill-tn-north,2026-02-18,Wednesday,26.0,2026-02-18T19:31:07
aledo-willow-park-tx,aledo-willow-park-tx,2026-02-18,Wednesday,0.0,2026-02-18T00:00:47
allen-tx,allen-tx,2026-02-18,Wednesday,0.0,2026-02-18T00:00:47
amarillo-tx,amarillo-tx,2026-02-18,Wednesday,0.0,2026-02-18T00:00:47
arlington-tx-south,arlington-tx-south,2026-02-18,Wednesday,0.0,2026-02-18T00:00:47
houston-atascocita-tx,houston-atascocita-tx,2026-02-18,Wednesday,25.0,2026-02-18T23:16:08
eastaustintx,eastaustintx,2026-02-18,Wednesday,30.0,2026-02-18T23:47:50
southwestaustintx,southwestaustintx,2026-02-18,Wednesday,18.0,2026-02-18T21:35:46
austin-tx-westlake,austin-tx-westlake,2026-02-18,Wednesday,0.0,2026-02-18T00:00:47
cedar-park-tx-lakeline,cedar-park-tx-lakeline,2026-02-18,Wednesday,0.0,2026-02-18T00:00:47
colleyville-tx,colleyville-tx,2026-02-18,Wednesday,33.0,2026-02-18T21:35:46
denton-tx,denton-tx,2026-02-18,Wednesday,19.5,2026-02-18T23:47:50
flowermoundtx,flowermoundtx,2026-02-18,Wednesday,36.0,2026-02-18T23:47:50
fulshear-tx,fulshear-tx,2026-02-18,Wednesday,0.0,2026-02-18T00:00:47
granburytx,granburytx,2026-02-18,Wednesday,15.0,2026-02-18T22:49:08
grand-prairie-tx,grand-prairie-tx,2026-02-18,Wednesday,19.0,2026-02-18T14:36:01
houstonheightstx,houstonheightstx,2026-02-18,Wednesday,42.5,2026-02-18T21:35:46
houston-memorial-tx,houston-memorial-tx,2026-02-18,Wednesday,40.0,2026-02-18T22:49:08
katy-tx,katy-tx,2026-02-18,Wednesday,23.5,2026-02-18T21:35:46
kellertx,kellertx,2026-02-18,Wednesday,24.5,2026-02-18T22:49:08
lubbock-tx,lubbock-tx,2026-02-18,Wednesday,29.0,2026-02-18T23:16:08
woodlands-houston-tx,woodlands-houston-tx,2026-02-18,Wednesday,25.0,2026-02-18T22:49:08
mckinney-tx,mckinney-tx,2026-02-18,Wednesday,4.5,2026-02-18T23:47:50
midlandtx,midlandtx,2026-02-18,Wednesday,45.0,2026-02-18T23:47:50
east-odessa-tx,east-odessa-tx,2026-02-18,Wednesday,0.0,2026-02-18T00:00:47
planowesttx,planowesttx,2026-02-18,Wednesday,28.0,2026-02-18T23:47:50
round-rock-tx,round-rock-tx,2026-02-18,Wednesday,0.0,2026-02-18T00:00:47
shenandoah-tx,shenandoah-tx,2026-02-18,Wednesday,0.0,2026-02-18T00:00:47
sherman-tx,sherman-tx,2026-02-18,Wednesday,20.5,2026-02-18T23:16:08
spring-tx,spring-tx,2026-02-18,Wednesday,10.0,2026-02-18T22:49:08
tylersouthtx,tylersouthtx,2026-02-18,Wednesday,38.5,2026-02-18T22:49:08
americanforkut,americanforkut,2026-02-18,Wednesday,47.5,2026-02-18T19:31:07
cedarcity,cedarcity,2026-02-18,Wednesday,37.5,2026-02-18T17:40:46
layton-ut,layton-ut,2026-02-18,Wednesday,24.0,2026-02-18T21:35:46
lehiut,lehiut,2026-02-18,Wednesday,39.0,2026-02-18T21:35:46
millcreekut,millcreekut,2026-02-18,Wednesday,17.5,2026-02-18T03:12:21
murrayut,murrayut,2026-02-18,Wednesday,15.5,2026-02-18T21:35:46
ogden-pleasant-view-ut,ogden-pleasant-view-ut,2026-02-18,Wednesday,28.0,2026-02-18T21:35:46
ogden-riverdale-ut,ogden-riverdale-ut,2026-02-18,Wednesday,9.0,2026-02-18T18:30:36
orem-ut,orem-ut,2026-02-18,Wednesday,41.5,2026-02-18T22:49:08
richfield,richfield,2026-02-18,Wednesday,16.5,2026-02-18T23:47:50
sandyut,sandyut,2026-02-18,Wednesday,35.5,2026-02-18T21:35:46
spanishforkut,spanishforkut,2026-02-18,Wednesday,35.5,2026-02-18T22:49:08
stgeorgeut,stgeorgeut,2026-02-18,Wednesday,20.5,2026-02-18T22:49:08
st-george-ut-river-rd,st-george-ut-river-rd,2026-02-18,Wednesday,26.0,2026-02-18T16:40:08
st-george-ut-sunset,st-george-ut-sunset,2026-02-18,Wednesday,29.0,2026-02-18T23:47:50
lynchburg-va,lynchburg-va,2026-02-18,Wednesday,23.0,2026-02-18T22:49:08
midlothian-va,midlothian-va,2026-02-18,Wednesday,0.0,2026-02-18T00:00:47
virginia-beach-va-courthouse,virginia-beach-va-courthouse,2026-02-18,Wednesday,0.0,2026-02-18T00:00:47
hudson-wi,hudson-wi,2026-02-18,Wednesday,0.0,2026-02-18T00:00:47
anthem-az,anthem-az,2026-02-18,Wednesday,0.0,2026-02-18T03:12:21
birminghamal,birminghamal,2026-02-19,Thursday,22.0,2026-02-19T23:28:51
huntsville-al-research-park,huntsville-al-research-park,2026-02-19,Thursday,19.0,2026-02-19T23:55:52
fayetteville-ar,fayetteville-ar,2026-02-19,Thursday,31.0,2026-02-19T23:28:51
anthem-az,anthem-az,2026-02-19,Thursday,0.0,2026-02-19T00:57:47
chandleraz,chandleraz,2026-02-19,Thursday,21.0,2026-02-19T22:16:25
southchandleraz,southchandleraz,2026-02-19,Thursday,25.0,2026-02-19T21:05:00
gilbertaz,gilbertaz,2026-02-19,Thursday,36.0,2026-02-19T15:31:10
glendaleaz,glendaleaz,2026-02-19,Thursday,46.0,2026-02-19T22:54:33
goodyear-az,goodyear-az,2026-02-19,Thursday,0.0,2026-02-19T00:57:47
lake-havasu-city-az,lake-havasu-city-az,2026-02-19,Thursday,0.0,2026-02-19T00:57:47
mesa-az-east,mesa-az-east,2026-02-19,Thursday,10.5,2026-02-19T22:54:33
paradise-valley-az,paradise-valley-az,2026-02-19,Thursday,23.0,2026-02-19T23:28:51
glendale-az-peoria,glendale-az-peoria,2026-02-19,Thursday,13.0,2026-02-19T22:54:33
scottsdaleaz,scottsdaleaz,2026-02-19,Thursday,45.0,2026-02-19T23:28:51
scottsdale-az-north,scottsdale-az-north,2026-02-19,Thursday,0.0,2026-02-19T00:57:47
surpriseaz,surpriseaz,2026-02-19,Thursday,31.5,2026-02-19T23:55:52
talkingstickaz,talkingstickaz,2026-02-19,Thursday,0.0,2026-02-19T00:57:47
tempeaz,tempeaz,2026-02-19,Thursday,12.5,2026-02-19T22:54:33
carlsbadca,carlsbadca,2026-02-19,Thursday,44.0,2026-02-19T23:55:52
rancho-mirage-ca,rancho-mirage-ca,2026-02-19,Thursday,0.0,2026-02-19T00:57:47
fort-collins-timnath-co,fort-collins-timnath-co,2026-02-19,Thursday,0.0,2026-02-19T00:57:47
invernessco,invernessco,2026-02-19,Thursday,22.5,2026-02-19T19:57:50
littleton-co,littleton-co,2026-02-19,Thursday,29.5,2026-02-19T21:47:19
loveland-co-johnstown,loveland-co-johnstown,2026-02-19,Thursday,0.0,2026-02-19T00:57:47
colorado-springs-northgate,colorado-springs-northgate,2026-02-19,Thursday,50.5,2026-02-19T14:38:56
pueblowestco,pueblowestco,2026-02-19,Thursday,31.5,2026-02-19T22:54:33
westminster-co,westminster-co,2026-02-19,Thursday,0.0,2026-02-19T00:57:47
wilmingtonde,wilmingtonde,2026-02-19,Thursday,58.0,2026-02-19T13:49:55
boca-raton-fl-west,boca-raton-fl-west,2026-02-19,Thursday,0.0,2026-02-19T00:57:47
bradentonfl,bradentonfl,2026-02-19,Thursday,22.0,2026-02-19T20:41:25
jacksonvillebeachfl,jacksonvillebeachfl,2026-02-19,Thursday,32.0,2026-02-19T23:28:51
miramarbeach,miramarbeach,2026-02-19,Thursday,30.0,2026-02-19T22:16:25
naplesfl,naplesfl,2026-02-19,Thursday,32.0,2026-02-19T23:55:52
naples-fl-north,naples-fl-north,2026-02-19,Thursday,12.0,2026-02-19T23:55:52
oldsmarfl,oldsmarfl,2026-02-19,Thursday,45.0,2026-02-19T23:55:52
orlando-fl-waterford-lakes,orlando-fl-waterford-lakes,2026-02-19,Thursday,0.0,2026-02-19T00:57:47
ponte-vedra-fl,ponte-vedra-fl,2026-02-19,Thursday,9.5,2026-02-19T18:30:30
port-charlotte-fl,port-charlotte-fl,2026-02-19,Thursday,43.5,2026-02-19T23:55:52
spring-hill-fl,spring-hill-fl,2026-02-19,Thursday,17.0,2026-02-19T21:47:19
st-augustine-fl,st-augustine-fl,2026-02-19,Thursday,0.0,2026-02-19T00:57:47
alpharetta-ga,alpharetta-ga,2026-02-19,Thursday,9.0,2026-02-19T14:38:56
westmidtownga,westmidtownga,2026-02-19,Thursday,38.0,2026-02-19T19:26:15
augustaga,augustaga,2026-02-19,Thursday,34.5,2026-02-19T19:26:15
braseltonga,braseltonga,2026-02-19,Thursday,31.0,2026-02-19T23:28:51
dacula-ga,dacula-ga,2026-02-19,Thursday,16.0,2026-02-19T22:16:25
mcdonoughga,mcdonoughga,2026-02-19,Thursday,15.0,2026-02-19T23:28:51
roswell-ga,roswell-ga,2026-02-19,Thursday,0.0,2026-02-19T00:57:47
suwanee-ga,suwanee-ga,2026-02-19,Thursday,0.0,2026-02-19T00:57:47
warnerrobinsga,warnerrobinsga,2026-02-19,Thursday,33.5,2026-02-19T19:57:50
woodstock-ga,woodstock-ga,2026-02-19,Thursday,0.0,2026-02-19T00:57:47
cedar-rapids-ia,cedar-rapids-ia,2026-02-19,Thursday,0.0,2026-02-19T00:57:47
ankeny-ia,ankeny-ia,2026-02-19,Thursday,14.5,2026-02-19T22:54:33
des-moines-ia-downtown,des-moines-ia-downtown,2026-02-19,Thursday,16.0,2026-02-19T19:26:15
des-moines-waukee-ia,des-moines-waukee-ia,2026-02-19,Thursday,17.5,2026-02-19T22:16:25
boise-id,boise-id,2026-02-19,Thursday,47.5,2026-02-19T17:31:48
meridian-id,meridian-id,2026-02-19,Thursday,40.0,2026-02-19T22:16:25
carmelin,carmelin,2026-02-19,Thursday,39.5,2026-02-19T19:57:50
evansville-in-east,evansville-in-east,2026-02-19,Thursday,0.0,2026-02-19T00:57:47
fishers-in,fishers-in,2026-02-19,Thursday,46.5,2026-02-19T21:05:00
kansas-city-leawood,kansas-city-leawood,2026-02-19,Thursday,26.0,2026-02-19T19:26:15
overlandparkks,overlandparkks,2026-02-19,Thursday,39.5,2026-02-19T18:30:30
ascension-la,ascension-la,2026-02-19,Thursday,0.0,2026-02-19T00:57:47
baton-rouge-st-george,baton-rouge-st-george,2026-02-19,Thursday,10.5,2026-02-19T19:26:15
shreveport-la-south,shreveport-la-south,2026-02-19,Thursday,22.0,2026-02-19T23:55:52
monroe-la-west,monroe-la-west,2026-02-19,Thursday,0.0,2026-02-19T00:57:47
maynardma,maynardma,2026-02-19,Thursday,41.5,2026-02-19T23:55:52
southborough-ma,southborough-ma,2026-02-19,Thursday,57.5,2026-02-19T23:55:52
crofton-md,crofton-md,2026-02-19,Thursday,54.0,2026-02-19T23:28:51
towson-baltimore-md,towson-baltimore-md,2026-02-19,Thursday,40.0,2026-02-19T19:57:50
white-marsh-baltimore-md,white-marsh-baltimore-md,2026-02-19,Thursday,0.0,2026-02-19T00:57:47
clarkstonmi,clarkstonmi,2026-02-19,Thursday,31.5,2026-02-19T23:55:52
farmington-mi,farmington-mi,2026-02-19,Thursday,34.5,2026-02-19T17:31:48
grand-blanc-mi,grand-blanc-mi,2026-02-19,Thursday,32.5,2026-02-19T19:26:15
jackson-mi,jackson-mi,2026-02-19,Thursday,0.0,2026-02-19T00:57:47
lansing-mi,lansing-mi,2026-02-19,Thursday,46.0,2026-02-19T19:26:15
livonia-mi,livonia-mi,2026-02-19,Thursday,44.0,2026-02-19T19:57:50
novi-mi,novi-mi,2026-02-19,Thursday,6.0,2026-02-19T03:41:12
rochester-hills-mi,rochester-hills-mi,2026-02-19,Thursday,34.0,2026-02-19T22:16:25
troy-mi,troy-mi,2026-02-19,Thursday,36.0,2026-02-19T21:47:19
west-bloomfield-mi,west-bloomfield-mi,2026-02-19,Thursday,0.0,2026-02-19T00:57:47
st-louis-crestwood-mo,st-louis-crestwood-mo,2026-02-19,Thursday,27.5,2026-02-19T23:55:52
liberty-mo,liberty-mo,2026-02-19,Thursday,12.0,2026-02-19T23:55:52
rollamo,rollamo,2026-02-19,Thursday,12.0,2026-02-19T22:16:25
bozemanmt,bozemanmt,2026-02-19,Thursday,43.0,2026-02-19T19:57:50
chapel-hill-nc,chapel-hill-nc,2026-02-19,Thursday,51.0,2026-02-19T18:30:30
raleigh-nc-north,raleigh-nc-north,2026-02-19,Thursday,30.0,2026-02-19T00:57:47
lincoln-ne-south,lincoln-ne-south,2026-02-19,Thursday,38.0,2026-02-19T22:16:25
omahane,omahane,2026-02-19,Thursday,53.0,2026-02-19T18:30:30
papillionne,papillionne,2026-02-19,Thursday,30.5,2026-02-19T12:28:42
howell-nj,howell-nj,2026-02-19,Thursday,28.0,2026-02-19T22:16:25
pomptonplainsnj,pomptonplainsnj,2026-02-19,Thursday,68.5,2026-02-19T19:26:15
princetonnj,princetonnj,2026-02-19,Thursday,44.0,2026-02-19T21:05:00
toms-river-nj,toms-river-nj,2026-02-19,Thursday,0.0,2026-02-19T00:57:47
lascruces-nm,lascruces-nm,2026-02-19,Thursday,32.0,2026-02-19T21:47:19
hendersonnv,hendersonnv,2026-02-19,Thursday,38.5,2026-02-19T21:47:19
mesquitenv,mesquitenv,2026-02-19,Thursday,28.0,2026-02-19T05:13:00
southsummerlinnv,southsummerlinnv,2026-02-19,Thursday,34.0,2026-02-19T21:47:19
summerlinlasvegasnv,summerlinlasvegasnv,2026-02-19,Thursday,34.5,2026-02-19T22:54:33
bethpage-ny,bethpage-ny,2026-02-19,Thursday,49.0,2026-02-19T16:30:16
fivetowns-ny,fivetowns-ny,2026-02-19,Thursday,25.5,2026-02-19T19:57:50
brunswickoh,brunswickoh,2026-02-19,Thursday,56.0,2026-02-19T13:49:55
chardonoh,chardonoh,2026-02-19,Thursday,41.5,2026-02-19T21:47:19
columbus-upper-arlington-oh,columbus-upper-arlington-oh,2026-02-19,Thursday,29.5,2026-02-19T19:57:50
dayton-oh-centerville,dayton-oh-centerville,2026-02-19,Thursday,0.0,2026-02-19T00:57:47
north-canton-oh,north-canton-oh,2026-02-19,Thursday,42.5,2026-02-19T17:31:48
woosteroh,woosteroh,2026-02-19,Thursday,38.5,2026-02-19T10:58:09
jenks-ok,jenks-ok,2026-02-19,Thursday,21.0,2026-02-19T23:55:52
tulsa-ok-southern-hills,tulsa-ok-southern-hills,2026-02-19,Thursday,13.5,2026-02-19T20:41:25
clackamas-or,clackamas-or,2026-02-19,Thursday,26.5,2026-02-19T21:05:00
eugeneor,eugeneor,2026-02-19,Thursday,57.0,2026-02-19T20:41:25
salem-keizer-or,salem-keizer-or,2026-02-19,Thursday,31.0,2026-02-19T18:30:30
sherwoodor,sherwoodor,2026-02-19,Thursday,35.0,2026-02-19T21:47:19
paoli-pa,paoli-pa,2026-02-19,Thursday,39.5,2026-02-19T21:47:19
yardley-pa,yardley-pa,2026-02-19,Thursday,40.0,2026-02-19T03:41:12
york-pa,york-pa,2026-02-19,Thursday,67.0,2026-02-19T18:30:30
aikensc,aikensc,2026-02-19,Thursday,34.0,2026-02-19T20:41:25
spartanburgsc,spartanburgsc,2026-02-19,Thursday,38.5,2026-02-19T23:28:51
sioux-falls-sd-south,sioux-falls-sd-south,2026-02-19,Thursday,38.5,2026-02-19T19:26:15
chattanoogatn,chattanoogatn,2026-02-19,Thursday,20.0,2026-02-19T18:30:30
clarksvilletn,clarksvilletn,2026-02-19,Thursday,33.5,2026-02-19T21:05:00
cleveland-tn,cleveland-tn,2026-02-19,Thursday,0.0,2026-02-19T00:57:47
franklintn,franklintn,2026-02-19,Thursday,29.5,2026-02-19T03:41:12
knoxvilletn,knoxvilletn,2026-02-19,Thursday,70.5,2026-02-19T23:55:52
memphis-tn-collierville,memphis-tn-collierville,2026-02-19,Thursday,30.0,2026-02-19T22:54:33
mt-juliet-tn,mt-juliet-tn,2026-02-19,Thursday,20.0,2026-02-19T23:55:52
nashville-bellevue-tn,nashville-bellevue-tn,2026-02-19,Thursday,9.0,2026-02-19T20:41:25
spring-hill-tn-north,spring-hill-tn-north,2026-02-19,Thursday,20.0,2026-02-19T22:54:33
aledo-willow-park-tx,aledo-willow-park-tx,2026-02-19,Thursday,0.0,2026-02-19T00:57:47
allen-tx,allen-tx,2026-02-19,Thursday,0.0,2026-02-19T00:57:47
amarillo-tx,amarillo-tx,2026-02-19,Thursday,0.0,2026-02-19T00:57:47
arlington-tx-south,arlington-tx-south,2026-02-19,Thursday,0.0,2026-02-19T00:57:47
houston-atascocita-tx,houston-atascocita-tx,2026-02-19,Thursday,16.5,2026-02-19T23:28:51
eastaustintx,eastaustintx,2026-02-19,Thursday,37.0,2026-02-19T19:26:15
southwestaustintx,southwestaustintx,2026-02-19,Thursday,10.5,2026-02-19T22:54:33
austin-tx-westlake,austin-tx-westlake,2026-02-19,Thursday,0.0,2026-02-19T00:57:47
cedar-park-tx-lakeline,cedar-park-tx-lakeline,2026-02-19,Thursday,0.0,2026-02-19T00:57:47
colleyville-tx,colleyville-tx,2026-02-19,Thursday,17.0,2026-02-19T23:28:51
denton-tx,denton-tx,2026-02-19,Thursday,21.5,2026-02-19T21:47:19
flowermoundtx,flowermoundtx,2026-02-19,Thursday,38.0,2026-02-19T22:54:33
fulshear-tx,fulshear-tx,2026-02-19,Thursday,0.0,2026-02-19T00:57:47
granburytx,granburytx,2026-02-19,Thursday,11.5,2026-02-19T21:47:19
grand-prairie-tx,grand-prairie-tx,2026-02-19,Thursday,15.0,2026-02-19T23:28:51
houstonheightstx,houstonheightstx,2026-02-19,Thursday,38.0,2026-02-19T23:55:52
houston-memorial-tx,houston-memorial-tx,2026-02-19,Thursday,31.5,2026-02-19T18:30:30
katy-tx,katy-tx,2026-02-19,Thursday,21.5,2026-02-19T16:30:16
kellertx,kellertx,2026-02-19,Thursday,29.0,2026-02-19T15:31:10
lubbock-tx,lubbock-tx,2026-02-19,Thursday,35.0,2026-02-19T23:28:51
woodlands-houston-tx,woodlands-houston-tx,2026-02-19,Thursday,30.5,2026-02-19T21:47:19
mckinney-tx,mckinney-tx,2026-02-19,Thursday,8.5,2026-02-19T00:57:47
midlandtx,midlandtx,2026-02-19,Thursday,55.5,2026-02-19T18:30:30
east-odessa-tx,east-odessa-tx,2026-02-19,Thursday,0.0,2026-02-19T00:57:47
planowesttx,planowesttx,2026-02-19,Thursday,28.0,2026-02-19T23:55:52
round-rock-tx,round-rock-tx,2026-02-19,Thursday,0.0,2026-02-19T00:57:47
shenandoah-tx,shenandoah-tx,2026-02-19,Thursday,0.0,2026-02-19T00:57:47
sherman-tx,sherman-tx,2026-02-19,Thursday,23.5,2026-02-19T23:28:51
spring-tx,spring-tx,2026-02-19,Thursday,6.0,2026-02-19T21:47:19
tylersouthtx,tylersouthtx,2026-02-19,Thursday,42.0,2026-02-19T17:31:48
americanforkut,americanforkut,2026-02-19,Thursday,52.0,2026-02-19T14:38:56
cedarcity,cedarcity,2026-02-19,Thursday,38.0,2026-02-19T20:41:25
layton-ut,layton-ut,2026-02-19,Thursday,25.5,2026-02-19T22:16:25
lehiut,lehiut,2026-02-19,Thursday,42.0,2026-02-19T22:16:25
millcreekut,millcreekut,2026-02-19,Thursday,17.5,2026-02-19T00:57:47
murrayut,murrayut,2026-02-19,Thursday,24.5,2026-02-19T23:28:51
ogden-pleasant-view-ut,ogden-pleasant-view-ut,2026-02-19,Thursday,32.0,2026-02-19T22:54:33
ogden-riverdale-ut,ogden-riverdale-ut,2026-02-19,Thursday,19.0,2026-02-19T23:55:52
orem-ut,orem-ut,2026-02-19,Thursday,47.0,2026-02-19T22:54:33
richfield,richfield,2026-02-19,Thursday,14.5,2026-02-19T22:54:33
sandyut,sandyut,2026-02-19,Thursday,38.0,2026-02-19T23:55:52
spanishforkut,spanishforkut,2026-02-19,Thursday,42.0,2026-02-19T19:26:15
stgeorgeut,stgeorgeut,2026-02-19,Thursday,23.5,2026-02-19T16:30:16
st-george-ut-river-rd,st-george-ut-river-rd,2026-02-19,Thursday,31.0,2026-02-19T16:30:16
st-george-ut-sunset,st-george-ut-sunset,2026-02-19,Thursday,18.5,2026-02-19T22:54:33
lynchburg-va,lynchburg-va,2026-02-19,Thursday,24.0,2026-02-19T23:28:51
midlothian-va,midlothian-va,2026-02-19,Thursday,0.0,2026-02-19T00:57:47
virginia-beach-va-courthouse,virginia-beach-va-courthouse,2026-02-19,Thursday,0.0,2026-02-19T00:57:47
hudson-wi,hudson-wi,2026-02-19,Thursday,0.0,2026-02-19T00:57:47
birminghamal,birminghamal,2026-02-20,Friday,23.0,2026-02-20T22:38:43
huntsville-al-research-park,huntsville-al-research-park,2026-02-20,Friday,13.0,2026-02-20T19:25:56
fayetteville-ar,fayetteville-ar,2026-02-20,Friday,22.0,2026-02-20T19:25:56
anthem-az,anthem-az,2026-02-20,Friday,0.0,2026-02-20T02:23:26
chandleraz,chandleraz,2026-02-20,Friday,17.5,2026-02-20T23:01:54
southchandleraz,southchandleraz,2026-02-20,Friday,26.0,2026-02-20T19:25:56
gilbertaz,gilbertaz,2026-02-20,Friday,47.0,2026-02-20T23:01:54
glendaleaz,glendaleaz,2026-02-20,Friday,45.0,2026-02-20T18:40:12
goodyear-az,goodyear-az,2026-02-20,Friday,0.0,2026-02-20T02:23:26
lake-havasu-city-az,lake-havasu-city-az,2026-02-20,Friday,0.0,2026-02-20T02:23:26
mesa-az-east,mesa-az-east,2026-02-20,Friday,15.0,2026-02-20T21:47:54
paradise-valley-az,paradise-valley-az,2026-02-20,Friday,27.5,2026-02-20T23:38:25
glendale-az-peoria,glendale-az-peoria,2026-02-20,Friday,36.0,2026-02-20T23:38:25
scottsdaleaz,scottsdaleaz,2026-02-20,Friday,58.5,2026-02-20T20:54:23
scottsdale-az-north,scottsdale-az-north,2026-02-20,Friday,0.0,2026-02-20T02:23:26
surpriseaz,surpriseaz,2026-02-20,Friday,16.0,2026-02-20T22:00:15
talkingstickaz,talkingstickaz,2026-02-20,Friday,0.0,2026-02-20T02:23:26
tempeaz,tempeaz,2026-02-20,Friday,7.5,2026-02-20T23:38:25
carlsbadca,carlsbadca,2026-02-20,Friday,42.5,2026-02-20T22:38:43
rancho-mirage-ca,rancho-mirage-ca,2026-02-20,Friday,0.0,2026-02-20T02:23:26
fort-collins-timnath-co,fort-collins-timnath-co,2026-02-20,Friday,0.0,2026-02-20T02:23:26
invernessco,invernessco,2026-02-20,Friday,41.0,2026-02-20T23:58:19
littleton-co,littleton-co,2026-02-20,Friday,33.0,2026-02-20T19:53:11
loveland-co-johnstown,loveland-co-johnstown,2026-02-20,Friday,0.0,2026-02-20T02:23:26
colorado-springs-northgate,colorado-springs-northgate,2026-02-20,Friday,41.5,2026-02-20T15:48:10
pueblowestco,pueblowestco,2026-02-20,Friday,45.5,2026-02-20T22:38:43
westminster-co,westminster-co,2026-02-20,Friday,0.0,2026-02-20T02:23:26
wilmingtonde,wilmingtonde,2026-02-20,Friday,56.5,2026-02-20T21:47:54
boca-raton-fl-west,boca-raton-fl-west,2026-02-20,Friday,2.0,2026-02-20T21:23:00
bradentonfl,bradentonfl,2026-02-20,Friday,21.0,2026-02-20T20:54:23
jacksonvillebeachfl,jacksonvillebeachfl,2026-02-20,Friday,24.0,2026-02-20T20:54:23
miramarbeach,miramarbeach,2026-02-20,Friday,43.0,2026-02-20T22:38:43
naplesfl,naplesfl,2026-02-20,Friday,36.0,2026-02-20T22:38:43
naples-fl-north,naples-fl-north,2026-02-20,Friday,15.0,2026-02-20T23:38:25
oldsmarfl,oldsmarfl,2026-02-20,Friday,34.0,2026-02-20T20:25:27
orlando-fl-waterford-lakes,orlando-fl-waterford-lakes,2026-02-20,Friday,0.0,2026-02-20T02:23:26
ponte-vedra-fl,ponte-vedra-fl,2026-02-20,Friday,26.0,2026-02-20T19:25:56
port-charlotte-fl,port-charlotte-fl,2026-02-20,Friday,21.0,2026-02-20T23:01:54
spring-hill-fl,spring-hill-fl,2026-02-20,Friday,24.5,2026-02-20T22:00:15
st-augustine-fl,st-augustine-fl,2026-02-20,Friday,0.0,2026-02-20T02:23:26
alpharetta-ga,alpharetta-ga,2026-02-20,Friday,19.5,2026-02-20T22:38:43
westmidtownga,westmidtownga,2026-02-20,Friday,40.0,2026-02-20T21:23:00
augustaga,augustaga,2026-02-20,Friday,41.0,2026-02-20T21:23:00
braseltonga,braseltonga,2026-02-20,Friday,41.5,2026-02-20T22:00:15
dacula-ga,dacula-ga,2026-02-20,Friday,31.0,2026-02-20T22:38:43
mcdonoughga,mcdonoughga,2026-02-20,Friday,16.0,2026-02-20T22:38:43
roswell-ga,roswell-ga,2026-02-20,Friday,0.0,2026-02-20T02:23:26
suwanee-ga,suwanee-ga,2026-02-20,Friday,0.0,2026-02-20T02:23:26
warnerrobinsga,warnerrobinsga,2026-02-20,Friday,31.0,2026-02-20T14:09:25
woodstock-ga,woodstock-ga,2026-02-20,Friday,0.0,2026-02-20T02:23:26
cedar-rapids-ia,cedar-rapids-ia,2026-02-20,Friday,0.0,2026-02-20T02:23:26
ankeny-ia,ankeny-ia,2026-02-20,Friday,32.0,2026-02-20T23:58:19
des-moines-ia-downtown,des-moines-ia-downtown,2026-02-20,Friday,21.0,2026-02-20T23:38:25
des-moines-waukee-ia,des-moines-waukee-ia,2026-02-20,Friday,10.0,2026-02-20T23:38:25
boise-id,boise-id,2026-02-20,Friday,49.0,2026-02-20T15:48:10
meridian-id,meridian-id,2026-02-20,Friday,43.0,2026-02-20T19:53:11
carmelin,carmelin,2026-02-20,Friday,45.0,2026-02-20T23:58:19
evansville-in-east,evansville-in-east,2026-02-20,Friday,0.0,2026-02-20T02:23:26
fishers-in,fishers-in,2026-02-20,Friday,61.0,2026-02-20T15:48:10
kansas-city-leawood,kansas-city-leawood,2026-02-20,Friday,46.0,2026-02-20T19:25:56
overlandparkks,overlandparkks,2026-02-20,Friday,52.5,2026-02-20T23:38:25
ascension-la,ascension-la,2026-02-20,Friday,2.0,2026-02-20T18:40:12
baton-rouge-st-george,baton-rouge-st-george,2026-02-20,Friday,14.5,2026-02-20T19:25:56
shreveport-la-south,shreveport-la-south,2026-02-20,Friday,18.0,2026-02-20T23:58:19
monroe-la-west,monroe-la-west,2026-02-20,Friday,0.0,2026-02-20T02:23:26
maynardma,maynardma,2026-02-20,Friday,44.0,2026-02-20T21:47:54
southborough-ma,southborough-ma,2026-02-20,Friday,53.5,2026-02-20T19:53:11
crofton-md,crofton-md,2026-02-20,Friday,58.0,2026-02-20T23:58:19
towson-baltimore-md,towson-baltimore-md,2026-02-20,Friday,36.5,2026-02-20T20:54:23
white-marsh-baltimore-md,white-marsh-baltimore-md,2026-02-20,Friday,72.0,2026-02-20T13:21:39
clarkstonmi,clarkstonmi,2026-02-20,Friday,31.5,2026-02-20T22:38:43
farmington-mi,farmington-mi,2026-02-20,Friday,39.5,2026-02-20T16:22:00
grand-blanc-mi,grand-blanc-mi,2026-02-20,Friday,33.0,2026-02-20T23:38:25
jackson-mi,jackson-mi,2026-02-20,Friday,0.0,2026-02-20T02:23:26
lansing-mi,lansing-mi,2026-02-20,Friday,50.5,2026-02-20T21:47:54
livonia-mi,livonia-mi,2026-02-20,Friday,48.5,2026-02-20T11:06:22
novi-mi,novi-mi,2026-02-20,Friday,10.5,2026-02-20T18:40:12
rochester-hills-mi,rochester-hills-mi,2026-02-20,Friday,31.5,2026-02-20T18:40:12
troy-mi,troy-mi,2026-02-20,Friday,53.0,2026-02-20T20:25:27
west-bloomfield-mi,west-bloomfield-mi,2026-02-20,Friday,3.0,2026-02-20T20:25:27
st-louis-crestwood-mo,st-louis-crestwood-mo,2026-02-20,Friday,39.5,2026-02-20T20:25:27
liberty-mo,liberty-mo,2026-02-20,Friday,32.5,2026-02-20T23:58:19
rollamo,rollamo,2026-02-20,Friday,38.0,2026-02-20T21:23:00
bozemanmt,bozemanmt,2026-02-20,Friday,50.0,2026-02-20T18:40:12
chapel-hill-nc,chapel-hill-nc,2026-02-20,Friday,31.0,2026-02-20T22:38:43
raleigh-nc-north,raleigh-nc-north,2026-02-20,Friday,21.0,2026-02-20T19:25:56
lincoln-ne-south,lincoln-ne-south,2026-02-20,Friday,48.0,2026-02-20T19:53:11
omahane,omahane,2026-02-20,Friday,56.5,2026-02-20T17:04:45
papillionne,papillionne,2026-02-20,Friday,31.0,2026-02-20T02:23:26
howell-nj,howell-nj,2026-02-20,Friday,23.5,2026-02-20T23:58:19
pomptonplainsnj,pomptonplainsnj,2026-02-20,Friday,86.0,2026-02-20T23:58:19
princetonnj,princetonnj,2026-02-20,Friday,50.0,2026-02-20T17:53:26
toms-river-nj,toms-river-nj,2026-02-20,Friday,0.0,2026-02-20T02:23:26
lascruces-nm,lascruces-nm,2026-02-20,Friday,42.5,2026-02-20T19:53:11
hendersonnv,hendersonnv,2026-02-20,Friday,47.5,2026-02-20T23:38:25
mesquitenv,mesquitenv,2026-02-20,Friday,32.0,2026-02-20T23:58:19
southsummerlinnv,southsummerlinnv,2026-02-20,Friday,40.5,2026-02-20T19:25:56
summerlinlasvegasnv,summerlinlasvegasnv,2026-02-20,Friday,46.5,2026-02-20T23:58:19
bethpage-ny,bethpage-ny,2026-02-20,Friday,54.0,2026-02-20T09:51:11
fivetowns-ny,fivetowns-ny,2026-02-20,Friday,23.5,2026-02-20T20:54:23
brunswickoh,brunswickoh,2026-02-20,Friday,58.0,2026-02-20T21:47:54
chardonoh,chardonoh,2026-02-20,Friday,41.5,2026-02-20T20:25:27
columbus-upper-arlington-oh,columbus-upper-arlington-oh,2026-02-20,Friday,43.5,2026-02-20T23:38:25
dayton-oh-centerville,dayton-oh-centerville,2026-02-20,Friday,0.0,2026-02-20T02:23:26
north-canton-oh,north-canton-oh,2026-02-20,Friday,45.5,2026-02-20T19:53:11
woosteroh,woosteroh,2026-02-20,Friday,51.0,2026-02-20T14:59:46
jenks-ok,jenks-ok,2026-02-20,Friday,28.0,2026-02-20T21:23:00
tulsa-ok-southern-hills,tulsa-ok-southern-hills,2026-02-20,Friday,33.0,2026-02-20T22:38:43
clackamas-or,clackamas-or,2026-02-20,Friday,30.5,2026-02-20T23:58:19
eugeneor,eugeneor,2026-02-20,Friday,65.5,2026-02-20T18:40:12
salem-keizer-or,salem-keizer-or,2026-02-20,Friday,51.0,2026-02-20T23:58:19
sherwoodor,sherwoodor,2026-02-20,Friday,36.5,2026-02-20T21:23:00
paoli-pa,paoli-pa,2026-02-20,Friday,47.0,2026-02-20T04:25:44
yardley-pa,yardley-pa,2026-02-20,Friday,50.0,2026-02-20T17:53:26
york-pa,york-pa,2026-02-20,Friday,71.0,2026-02-20T11:45:02
aikensc,aikensc,2026-02-20,Friday,46.5,2026-02-20T23:38:25
spartanburgsc,spartanburgsc,2026-02-20,Friday,37.0,2026-02-20T23:01:54
sioux-falls-sd-south,sioux-falls-sd-south,2026-02-20,Friday,48.0,2026-02-20T20:54:23
chattanoogatn,chattanoogatn,2026-02-20,Friday,29.0,2026-02-20T19:53:11
clarksvilletn,clarksvilletn,2026-02-20,Friday,53.5,2026-02-20T18:40:12
cleveland-tn,cleveland-tn,2026-02-20,Friday,0.0,2026-02-20T02:23:26
franklintn,franklintn,2026-02-20,Friday,29.5,2026-02-20T18:40:12
knoxvilletn,knoxvilletn,2026-02-20,Friday,54.5,2026-02-20T23:58:19
memphis-tn-collierville,memphis-tn-collierville,2026-02-20,Friday,10.0,2026-02-20T17:53:26
mt-juliet-tn,mt-juliet-tn,2026-02-20,Friday,33.0,2026-02-20T23:01:54
nashville-bellevue-tn,nashville-bellevue-tn,2026-02-20,Friday,23.5,2026-02-20T23:38:25
spring-hill-tn-north,spring-hill-tn-north,2026-02-20,Friday,31.5,2026-02-20T18:40:12
aledo-willow-park-tx,aledo-willow-park-tx,2026-02-20,Friday,0.0,2026-02-20T02:23:26
allen-tx,allen-tx,2026-02-20,Friday,0.0,2026-02-20T02:23:26
amarillo-tx,amarillo-tx,2026-02-20,Friday,0.0,2026-02-20T02:23:26
arlington-tx-south,arlington-tx-south,2026-02-20,Friday,0.0,2026-02-20T02:23:26
houston-atascocita-tx,houston-atascocita-tx,2026-02-20,Friday,32.0,2026-02-20T23:58:19
eastaustintx,eastaustintx,2026-02-20,Friday,46.5,2026-02-20T22:38:43
southwestaustintx,southwestaustintx,2026-02-20,Friday,26.0,2026-02-20T21:47:54
austin-tx-westlake,austin-tx-westlake,2026-02-20,Friday,0.0,2026-02-20T02:23:26
cedar-park-tx-lakeline,cedar-park-tx-lakeline,2026-02-20,Friday,0.0,2026-02-20T02:23:26
colleyville-tx,colleyville-tx,2026-02-20,Friday,28.5,2026-02-20T23:38:25
denton-tx,denton-tx,2026-02-20,Friday,29.0,2026-02-20T22:38:43
flowermoundtx,flowermoundtx,2026-02-20,Friday,50.0,2026-02-20T23:38:25
fulshear-tx,fulshear-tx,2026-02-20,Friday,0.0,2026-02-20T02:23:26
granburytx,granburytx,2026-02-20,Friday,13.0,2026-02-20T19:53:11
grand-prairie-tx,grand-prairie-tx,2026-02-20,Friday,20.0,2026-02-20T20:25:27
houstonheightstx,houstonheightstx,2026-02-20,Friday,55.0,2026-02-20T22:38:43
houston-memorial-tx,houston-memorial-tx,2026-02-20,Friday,40.5,2026-02-20T19:25:56
katy-tx,katy-tx,2026-02-20,Friday,36.5,2026-02-20T23:58:19
kellertx,kellertx,2026-02-20,Friday,32.5,2026-02-20T21:47:54
lubbock-tx,lubbock-tx,2026-02-20,Friday,48.0,2026-02-20T23:01:54
woodlands-houston-tx,woodlands-houston-tx,2026-02-20,Friday,29.5,2026-02-20T22:00:15
mckinney-tx,mckinney-tx,2026-02-20,Friday,15.0,2026-02-20T19:25:56
midlandtx,midlandtx,2026-02-20,Friday,70.5,2026-02-20T06:34:07
east-odessa-tx,east-odessa-tx,2026-02-20,Friday,0.0,2026-02-20T02:23:26
planowesttx,planowesttx,2026-02-20,Friday,38.5,2026-02-20T19:53:11
round-rock-tx,round-rock-tx,2026-02-20,Friday,0.0,2026-02-20T02:23:26
shenandoah-tx,shenandoah-tx,2026-02-20,Friday,0.0,2026-02-20T02:23:26
sherman-tx,sherman-tx,2026-02-20,Friday,28.5,2026-02-20T21:47:54
spring-tx,spring-tx,2026-02-20,Friday,13.0,2026-02-20T21:23:00
tylersouthtx,tylersouthtx,2026-02-20,Friday,50.5,2026-02-20T22:38:43
americanforkut,americanforkut,2026-02-20,Friday,54.0,2026-02-20T19:25:56
cedarcity,cedarcity,2026-02-20,Friday,47.0,2026-02-20T17:04:45
layton-ut,layton-ut,2026-02-20,Friday,27.5,2026-02-20T21:47:54
lehiut,lehiut,2026-02-20,Friday,45.5,2026-02-20T23:38:25
millcreekut,millcreekut,2026-02-20,Friday,19.0,2026-02-20T19:25:56
murrayut,murrayut,2026-02-20,Friday,35.5,2026-02-20T23:38:25
ogden-pleasant-view-ut,ogden-pleasant-view-ut,2026-02-20,Friday,25.0,2026-02-20T18:40:12
ogden-riverdale-ut,ogden-riverdale-ut,2026-02-20,Friday,25.0,2026-02-20T22:00:15
orem-ut,orem-ut,2026-02-20,Friday,45.5,2026-02-20T23:38:25
richfield,richfield,2026-02-20,Friday,16.5,2026-02-20T22:38:43
sandyut,sandyut,2026-02-20,Friday,46.5,2026-02-20T22:00:15
spanishforkut,spanishforkut,2026-02-20,Friday,49.0,2026-02-20T20:54:23
stgeorgeut,stgeorgeut,2026-02-20,Friday,21.0,2026-02-20T23:58:19
st-george-ut-river-rd,st-george-ut-river-rd,2026-02-20,Friday,29.0,2026-02-20T23:38:25
st-george-ut-sunset,st-george-ut-sunset,2026-02-20,Friday,18.5,2026-02-20T23:58:19
lynchburg-va,lynchburg-va,2026-02-20,Friday,38.5,2026-02-20T23:58:19
midlothian-va,midlothian-va,2026-02-20,Friday,0.0,2026-02-20T02:23:26
virginia-beach-va-courthouse,virginia-beach-va-courthouse,2026-02-20,Friday,0.0,2026-02-20T02:23:26
hudson-wi,hudson-wi,2026-02-20,Friday,0.0,2026-02-20T02:23:26
panama-city-beach-fl,panama-city-beach-fl,2026-02-20,Friday,0.0,2026-02-20T19:53:11
birminghamal,birminghamal,2026-02-21,Saturday,26.5,2026-02-21T23:34:01
huntsville-al-research-park,huntsville-al-research-park,2026-02-21,Saturday,25.0,2026-02-21T23:52:32
fayetteville-ar,fayetteville-ar,2026-02-21,Saturday,32.0,2026-02-21T22:13:51
anthem-az,anthem-az,2026-02-21,Saturday,0.0,2026-02-21T02:42:02
chandleraz,chandleraz,2026-02-21,Saturday,31.0,2026-02-21T22:13:51
southchandleraz,southchandleraz,2026-02-21,Saturday,22.5,2026-02-21T21:00:01
gilbertaz,gilbertaz,2026-02-21,Saturday,35.5,2026-02-21T22:44:53
glendaleaz,glendaleaz,2026-02-21,Saturday,45.0,2026-02-21T18:37:45
goodyear-az,goodyear-az,2026-02-21,Saturday,0.0,2026-02-21T02:42:02
lake-havasu-city-az,lake-havasu-city-az,2026-02-21,Saturday,0.0,2026-02-21T02:42:02
mesa-az-east,mesa-az-east,2026-02-21,Saturday,10.0,2026-02-21T17:55:39
paradise-valley-az,paradise-valley-az,2026-02-21,Saturday,35.5,2026-02-21T23:52:32
glendale-az-peoria,glendale-az-peoria,2026-02-21,Saturday,30.5,2026-02-21T23:00:46
scottsdaleaz,scottsdaleaz,2026-02-21,Saturday,47.0,2026-02-21T20:43:31
scottsdale-az-north,scottsdale-az-north,2026-02-21,Saturday,0.0,2026-02-21T02:42:02
surpriseaz,surpriseaz,2026-02-21,Saturday,20.5,2026-02-21T23:34:01
talkingstickaz,talkingstickaz,2026-02-21,Saturday,0.0,2026-02-21T02:42:02
tempeaz,tempeaz,2026-02-21,Saturday,16.5,2026-02-21T23:52:32
carlsbadca,carlsbadca,2026-02-21,Saturday,36.0,2026-02-21T22:13:51
rancho-mirage-ca,rancho-mirage-ca,2026-02-21,Saturday,0.0,2026-02-21T02:42:02
fort-collins-timnath-co,fort-collins-timnath-co,2026-02-21,Saturday,0.0,2026-02-21T02:42:02
invernessco,invernessco,2026-02-21,Saturday,35.5,2026-02-21T23:34:01
littleton-co,littleton-co,2026-02-21,Saturday,42.5,2026-02-21T23:34:01
loveland-co-johnstown,loveland-co-johnstown,2026-02-21,Saturday,0.0,2026-02-21T02:42:02
colorado-springs-northgate,colorado-springs-northgate,2026-02-21,Saturday,39.5,2026-02-21T23:34:01
pueblowestco,pueblowestco,2026-02-21,Saturday,34.0,2026-02-21T22:44:53
westminster-co,westminster-co,2026-02-21,Saturday,0.0,2026-02-21T02:42:02
wilmingtonde,wilmingtonde,2026-02-21,Saturday,58.5,2026-02-21T16:39:58
boca-raton-fl-west,boca-raton-fl-west,2026-02-21,Saturday,0.0,2026-02-21T02:42:02
bradentonfl,bradentonfl,2026-02-21,Saturday,27.0,2026-02-21T21:33:09
jacksonvillebeachfl,jacksonvillebeachfl,2026-02-21,Saturday,12.0,2026-02-21T17:36:03
miramarbeach,miramarbeach,2026-02-21,Saturday,56.0,2026-02-21T21:51:33
naplesfl,naplesfl,2026-02-21,Saturday,33.0,2026-02-21T23:00:46
naples-fl-north,naples-fl-north,2026-02-21,Saturday,4.0,2026-02-21T22:13:51
oldsmarfl,oldsmarfl,2026-02-21,Saturday,46.5,2026-02-21T21:33:09
orlando-fl-waterford-lakes,orlando-fl-waterford-lakes,2026-02-21,Saturday,0.0,2026-02-21T02:42:02
panama-city-beach-fl,panama-city-beach-fl,2026-02-21,Saturday,0.0,2026-02-21T02:42:02
ponte-vedra-fl,ponte-vedra-fl,2026-02-21,Saturday,20.5,2026-02-21T21:33:09
port-charlotte-fl,port-charlotte-fl,2026-02-21,Saturday,30.0,2026-02-21T20:15:59
spring-hill-fl,spring-hill-fl,2026-02-21,Saturday,20.5,2026-02-21T22:13:51
st-augustine-fl,st-augustine-fl,2026-02-21,Saturday,0.0,2026-02-21T02:42:02
alpharetta-ga,alpharetta-ga,2026-02-21,Saturday,23.0,2026-02-21T22:44:53
westmidtownga,westmidtownga,2026-02-21,Saturday,40.5,2026-02-21T19:34:56
augustaga,augustaga,2026-02-21,Saturday,49.5,2026-02-21T21:00:01
braseltonga,braseltonga,2026-02-21,Saturday,49.0,2026-02-21T23:34:01
dacula-ga,dacula-ga,2026-02-21,Saturday,37.0,2026-02-21T23:34:01
mcdonoughga,mcdonoughga,2026-02-21,Saturday,29.0,2026-02-21T20:15:59
roswell-ga,roswell-ga,2026-02-21,Saturday,0.0,2026-02-21T02:42:02
suwanee-ga,suwanee-ga,2026-02-21,Saturday,0.0,2026-02-21T02:42:02
warnerrobinsga,warnerrobinsga,2026-02-21,Saturday,48.0,2026-02-21T22:44:53
woodstock-ga,woodstock-ga,2026-02-21,Saturday,0.0,2026-02-21T02:42:02
cedar-rapids-ia,cedar-rapids-ia,2026-02-21,Saturday,0.0,2026-02-21T02:42:02
ankeny-ia,ankeny-ia,2026-02-21,Saturday,37.0,2026-02-21T22:44:53
des-moines-ia-downtown,des-moines-ia-downtown,2026-02-21,Saturday,28.0,2026-02-21T22:44:53
des-moines-waukee-ia,des-moines-waukee-ia,2026-02-21,Saturday,27.0,2026-02-21T21:51:33
boise-id,boise-id,2026-02-21,Saturday,46.0,2026-02-21T17:55:39
meridian-id,meridian-id,2026-02-21,Saturday,33.5,2026-02-21T15:41:33
carmelin,carmelin,2026-02-21,Saturday,54.0,2026-02-21T22:44:53
evansville-in-east,evansville-in-east,2026-02-21,Saturday,0.0,2026-02-21T02:42:02
fishers-in,fishers-in,2026-02-21,Saturday,60.5,2026-02-21T21:51:33
kansas-city-leawood,kansas-city-leawood,2026-02-21,Saturday,51.0,2026-02-21T18:37:45
overlandparkks,overlandparkks,2026-02-21,Saturday,53.0,2026-02-21T23:52:32
ascension-la,ascension-la,2026-02-21,Saturday,5.0,2026-02-21T02:42:02
baton-rouge-st-george,baton-rouge-st-george,2026-02-21,Saturday,9.0,2026-02-21T23:52:32
shreveport-la-south,shreveport-la-south,2026-02-21,Saturday,20.5,2026-02-21T22:13:51
monroe-la-west,monroe-la-west,2026-02-21,Saturday,0.0,2026-02-21T02:42:02
maynardma,maynardma,2026-02-21,Saturday,46.5,2026-02-21T22:13:51
southborough-ma,southborough-ma,2026-02-21,Saturday,62.5,2026-02-21T21:00:01
crofton-md,crofton-md,2026-02-21,Saturday,62.5,2026-02-21T19:52:10
towson-baltimore-md,towson-baltimore-md,2026-02-21,Saturday,52.0,2026-02-21T20:43:31
white-marsh-baltimore-md,white-marsh-baltimore-md,2026-02-21,Saturday,72.0,2026-02-21T02:42:02
clarkstonmi,clarkstonmi,2026-02-21,Saturday,37.5,2026-02-21T15:58:24
farmington-mi,farmington-mi,2026-02-21,Saturday,43.0,2026-02-21T21:51:33
grand-blanc-mi,grand-blanc-mi,2026-02-21,Saturday,41.5,2026-02-21T21:00:01
jackson-mi,jackson-mi,2026-02-21,Saturday,0.0,2026-02-21T02:42:02
lansing-mi,lansing-mi,2026-02-21,Saturday,48.5,2026-02-21T20:43:31
livonia-mi,livonia-mi,2026-02-21,Saturday,55.0,2026-02-21T23:34:01
novi-mi,novi-mi,2026-02-21,Saturday,19.5,2026-02-21T17:55:39
rochester-hills-mi,rochester-hills-mi,2026-02-21,Saturday,49.5,2026-02-21T23:34:01
troy-mi,troy-mi,2026-02-21,Saturday,49.0,2026-02-21T23:00:46
west-bloomfield-mi,west-bloomfield-mi,2026-02-21,Saturday,3.0,2026-02-21T19:52:10
st-louis-crestwood-mo,st-louis-crestwood-mo,2026-02-21,Saturday,30.5,2026-02-21T23:34:01
liberty-mo,liberty-mo,2026-02-21,Saturday,41.0,2026-02-21T19:34:56
rollamo,rollamo,2026-02-21,Saturday,34.5,2026-02-21T21:33:09
bozemanmt,bozemanmt,2026-02-21,Saturday,57.0,2026-02-21T21:00:01
chapel-hill-nc,chapel-hill-nc,2026-02-21,Saturday,36.0,2026-02-21T17:02:02
raleigh-nc-north,raleigh-nc-north,2026-02-21,Saturday,30.0,2026-02-21T23:34:01
lincoln-ne-south,lincoln-ne-south,2026-02-21,Saturday,48.5,2026-02-21T23:52:32
omahane,omahane,2026-02-21,Saturday,59.5,2026-02-21T22:13:51
papillionne,papillionne,2026-02-21,Saturday,35.0,2026-02-21T02:42:02
howell-nj,howell-nj,2026-02-21,Saturday,13.5,2026-02-21T19:34:56
pomptonplainsnj,pomptonplainsnj,2026-02-21,Saturday,82.0,2026-02-21T21:33:09
princetonnj,princetonnj,2026-02-21,Saturday,50.5,2026-02-21T23:00:46
toms-river-nj,toms-river-nj,2026-02-21,Saturday,0.0,2026-02-21T02:42:02
lascruces-nm,lascruces-nm,2026-02-21,Saturday,25.0,2026-02-21T21:33:09
hendersonnv,hendersonnv,2026-02-21,Saturday,39.5,2026-02-21T20:15:59
mesquitenv,mesquitenv,2026-02-21,Saturday,31.0,2026-02-21T21:33:09
southsummerlinnv,southsummerlinnv,2026-02-21,Saturday,34.0,2026-02-21T22:44:53
summerlinlasvegasnv,summerlinlasvegasnv,2026-02-21,Saturday,40.5,2026-02-21T21:33:09
bethpage-ny,bethpage-ny,2026-02-21,Saturday,53.5,2026-02-21T22:44:53
fivetowns-ny,fivetowns-ny,2026-02-21,Saturday,25.5,2026-02-21T20:43:31
brunswickoh,brunswickoh,2026-02-21,Saturday,54.0,2026-02-21T13:51:26
chardonoh,chardonoh,2026-02-21,Saturday,50.5,2026-02-21T23:52:32
columbus-upper-arlington-oh,columbus-upper-arlington-oh,2026-02-21,Saturday,46.0,2026-02-21T04:20:04
dayton-oh-centerville,dayton-oh-centerville,2026-02-21,Saturday,0.0,2026-02-21T02:42:02
north-canton-oh,north-canton-oh,2026-02-21,Saturday,48.5,2026-02-21T02:42:02
woosteroh,woosteroh,2026-02-21,Saturday,54.5,2026-02-21T16:39:58
jenks-ok,jenks-ok,2026-02-21,Saturday,35.0,2026-02-21T23:34:01
tulsa-ok-southern-hills,tulsa-ok-southern-hills,2026-02-21,Saturday,26.5,2026-02-21T20:15:59
clackamas-or,clackamas-or,2026-02-21,Saturday,38.5,2026-02-21T20:43:31
eugeneor,eugeneor,2026-02-21,Saturday,50.5,2026-02-21T18:37:45
salem-keizer-or,salem-keizer-or,2026-02-21,Saturday,49.5,2026-02-21T07:33:34
sherwoodor,sherwoodor,2026-02-21,Saturday,44.0,2026-02-21T20:15:59
paoli-pa,paoli-pa,2026-02-21,Saturday,43.5,2026-02-21T19:04:06
yardley-pa,yardley-pa,2026-02-21,Saturday,61.0,2026-02-21T17:02:02
york-pa,york-pa,2026-02-21,Saturday,77.5,2026-02-21T17:36:03
aikensc,aikensc,2026-02-21,Saturday,51.0,2026-02-21T18:37:45
spartanburgsc,spartanburgsc,2026-02-21,Saturday,50.0,2026-02-21T21:00:01
sioux-falls-sd-south,sioux-falls-sd-south,2026-02-21,Saturday,51.5,2026-02-21T19:52:10
chattanoogatn,chattanoogatn,2026-02-21,Saturday,35.5,2026-02-21T21:33:09
clarksvilletn,clarksvilletn,2026-02-21,Saturday,60.0,2026-02-21T18:37:45
cleveland-tn,cleveland-tn,2026-02-21,Saturday,1.0,2026-02-21T02:42:02
franklintn,franklintn,2026-02-21,Saturday,29.5,2026-02-21T22:13:51
knoxvilletn,knoxvilletn,2026-02-21,Saturday,56.0,2026-02-21T22:13:51
memphis-tn-collierville,memphis-tn-collierville,2026-02-21,Saturday,15.0,2026-02-21T20:15:59
mt-juliet-tn,mt-juliet-tn,2026-02-21,Saturday,25.0,2026-02-21T23:52:32
nashville-bellevue-tn,nashville-bellevue-tn,2026-02-21,Saturday,10.5,2026-02-21T21:33:09
spring-hill-tn-north,spring-hill-tn-north,2026-02-21,Saturday,50.5,2026-02-21T22:13:51
aledo-willow-park-tx,aledo-willow-park-tx,2026-02-21,Saturday,0.0,2026-02-21T02:42:02
allen-tx,allen-tx,2026-02-21,Saturday,0.0,2026-02-21T02:42:02
amarillo-tx,amarillo-tx,2026-02-21,Saturday,0.0,2026-02-21T02:42:02
arlington-tx-south,arlington-tx-south,2026-02-21,Saturday,0.0,2026-02-21T02:42:02
houston-atascocita-tx,houston-atascocita-tx,2026-02-21,Saturday,40.0,2026-02-21T21:33:09
eastaustintx,eastaustintx,2026-02-21,Saturday,37.0,2026-02-21T21:33:09
southwestaustintx,southwestaustintx,2026-02-21,Saturday,33.0,2026-02-21T23:52:32
austin-tx-westlake,austin-tx-westlake,2026-02-21,Saturday,0.0,2026-02-21T02:42:02
cedar-park-tx-lakeline,cedar-park-tx-lakeline,2026-02-21,Saturday,0.0,2026-02-21T02:42:02
colleyville-tx,colleyville-tx,2026-02-21,Saturday,42.5,2026-02-21T22:13:51
denton-tx,denton-tx,2026-02-21,Saturday,26.0,2026-02-21T21:33:09
flowermoundtx,flowermoundtx,2026-02-21,Saturday,55.5,2026-02-21T23:52:32
fulshear-tx,fulshear-tx,2026-02-21,Saturday,0.0,2026-02-21T02:42:02
granburytx,granburytx,2026-02-21,Saturday,26.5,2026-02-21T23:34:01
grand-prairie-tx,grand-prairie-tx,2026-02-21,Saturday,32.0,2026-02-21T22:44:53
houstonheightstx,houstonheightstx,2026-02-21,Saturday,54.5,2026-02-21T16:39:58
houston-memorial-tx,houston-memorial-tx,2026-02-21,Saturday,41.0,2026-02-21T23:34:01
katy-tx,katy-tx,2026-02-21,Saturday,38.0,2026-02-21T23:34:01
kellertx,kellertx,2026-02-21,Saturday,36.0,2026-02-21T21:51:33
lubbock-tx,lubbock-tx,2026-02-21,Saturday,55.5,2026-02-21T23:52:32
woodlands-houston-tx,woodlands-houston-tx,2026-02-21,Saturday,35.0,2026-02-21T23:34:01
mckinney-tx,mckinney-tx,2026-02-21,Saturday,28.0,2026-02-21T17:02:02
midlandtx,midlandtx,2026-02-21,Saturday,58.5,2026-02-21T17:02:02
east-odessa-tx,east-odessa-tx,2026-02-21,Saturday,0.0,2026-02-21T02:42:02
planowesttx,planowesttx,2026-02-21,Saturday,29.5,2026-02-21T23:52:32
round-rock-tx,round-rock-tx,2026-02-21,Saturday,0.0,2026-02-21T02:42:02
shenandoah-tx,shenandoah-tx,2026-02-21,Saturday,0.0,2026-02-21T02:42:02
sherman-tx,sherman-tx,2026-02-21,Saturday,38.0,2026-02-21T20:15:59
spring-tx,spring-tx,2026-02-21,Saturday,14.5,2026-02-21T23:52:32
tylersouthtx,tylersouthtx,2026-02-21,Saturday,42.0,2026-02-21T17:36:03
americanforkut,americanforkut,2026-02-21,Saturday,58.0,2026-02-21T21:51:33
cedarcity,cedarcity,2026-02-21,Saturday,40.0,2026-02-21T20:43:31
layton-ut,layton-ut,2026-02-21,Saturday,38.0,2026-02-21T20:43:31
lehiut,lehiut,2026-02-21,Saturday,50.0,2026-02-21T23:00:46
millcreekut,millcreekut,2026-02-21,Saturday,17.5,2026-02-21T18:37:45
murrayut,murrayut,2026-02-21,Saturday,35.0,2026-02-21T22:44:53
ogden-pleasant-view-ut,ogden-pleasant-view-ut,2026-02-21,Saturday,43.5,2026-02-21T22:44:53
ogden-riverdale-ut,ogden-riverdale-ut,2026-02-21,Saturday,41.0,2026-02-21T23:52:32
orem-ut,orem-ut,2026-02-21,Saturday,58.0,2026-02-21T22:44:53
richfield,richfield,2026-02-21,Saturday,13.0,2026-02-21T20:43:31
sandyut,sandyut,2026-02-21,Saturday,46.5,2026-02-21T19:34:56
spanishforkut,spanishforkut,2026-02-21,Saturday,53.5,2026-02-21T23:34:01
stgeorgeut,stgeorgeut,2026-02-21,Saturday,14.5,2026-02-21T23:34:01
st-george-ut-river-rd,st-george-ut-river-rd,2026-02-21,Saturday,28.5,2026-02-21T22:13:51
st-george-ut-sunset,st-george-ut-sunset,2026-02-21,Saturday,36.0,2026-02-21T19:34:56
lynchburg-va,lynchburg-va,2026-02-21,Saturday,33.0,2026-02-21T23:34:01
midlothian-va,midlothian-va,2026-02-21,Saturday,0.0,2026-02-21T02:42:02
virginia-beach-va-courthouse,virginia-beach-va-courthouse,2026-02-21,Saturday,0.0,2026-02-21T02:42:02
hudson-wi,hudson-wi,2026-02-21,Saturday,0.0,2026-02-21T02:42:02
birminghamal,birminghamal,2026-02-22,Sunday,23.5,2026-02-22T23:54:54
huntsville-al-research-park,huntsville-al-research-park,2026-02-22,Sunday,27.5,2026-02-22T23:54:54
fayetteville-ar,fayetteville-ar,2026-02-22,Sunday,34.0,2026-02-22T21:58:51
anthem-az,anthem-az,2026-02-22,Sunday,0.0,2026-02-22T01:27:57
chandleraz,chandleraz,2026-02-22,Sunday,12.5,2026-02-22T23:54:54
southchandleraz,southchandleraz,2026-02-22,Sunday,13.0,2026-02-22T21:43:47
gilbertaz,gilbertaz,2026-02-22,Sunday,38.5,2026-02-22T22:35:15
glendaleaz,glendaleaz,2026-02-22,Sunday,34.0,2026-02-22T13:09:33
goodyear-az,goodyear-az,2026-02-22,Sunday,0.0,2026-02-22T01:27:57
lake-havasu-city-az,lake-havasu-city-az,2026-02-22,Sunday,0.0,2026-02-22T01:27:57
mesa-az-east,mesa-az-east,2026-02-22,Sunday,5.0,2026-02-22T15:12:07
paradise-valley-az,paradise-valley-az,2026-02-22,Sunday,27.5,2026-02-22T23:33:23
glendale-az-peoria,glendale-az-peoria,2026-02-22,Sunday,14.0,2026-02-22T23:33:23
scottsdaleaz,scottsdaleaz,2026-02-22,Sunday,45.0,2026-02-22T23:33:23
scottsdale-az-north,scottsdale-az-north,2026-02-22,Sunday,0.0,2026-02-22T01:27:57
surpriseaz,surpriseaz,2026-02-22,Sunday,30.0,2026-02-22T23:33:23
talkingstickaz,talkingstickaz,2026-02-22,Sunday,0.0,2026-02-22T01:27:57
tempeaz,tempeaz,2026-02-22,Sunday,13.0,2026-02-22T23:54:54
carlsbadca,carlsbadca,2026-02-22,Sunday,27.0,2026-02-22T23:33:23
rancho-mirage-ca,rancho-mirage-ca,2026-02-22,Sunday,0.0,2026-02-22T01:27:57
fort-collins-timnath-co,fort-collins-timnath-co,2026-02-22,Sunday,0.0,2026-02-22T01:27:57
invernessco,invernessco,2026-02-22,Sunday,34.0,2026-02-22T18:41:16
littleton-co,littleton-co,2026-02-22,Sunday,33.5,2026-02-22T19:55:34
loveland-co-johnstown,loveland-co-johnstown,2026-02-22,Sunday,0.0,2026-02-22T01:27:57
colorado-springs-northgate,colorado-springs-northgate,2026-02-22,Sunday,38.0,2026-02-22T22:57:35
pueblowestco,pueblowestco,2026-02-22,Sunday,29.0,2026-02-22T23:54:54
westminster-co,westminster-co,2026-02-22,Sunday,0.0,2026-02-22T01:27:57
wilmingtonde,wilmingtonde,2026-02-22,Sunday,58.5,2026-02-22T08:01:26
boca-raton-fl-west,boca-raton-fl-west,2026-02-22,Sunday,0.0,2026-02-22T01:27:57
bradentonfl,bradentonfl,2026-02-22,Sunday,34.5,2026-02-22T22:57:35
jacksonvillebeachfl,jacksonvillebeachfl,2026-02-22,Sunday,15.5,2026-02-22T23:33:23
miramarbeach,miramarbeach,2026-02-22,Sunday,60.5,2026-02-22T21:20:46
naplesfl,naplesfl,2026-02-22,Sunday,31.5,2026-02-22T21:43:47
naples-fl-north,naples-fl-north,2026-02-22,Sunday,8.0,2026-02-22T21:58:51
oldsmarfl,oldsmarfl,2026-02-22,Sunday,44.5,2026-02-22T18:41:16
orlando-fl-waterford-lakes,orlando-fl-waterford-lakes,2026-02-22,Sunday,0.0,2026-02-22T01:27:57
panama-city-beach-fl,panama-city-beach-fl,2026-02-22,Sunday,0.0,2026-02-22T01:27:57
ponte-vedra-fl,ponte-vedra-fl,2026-02-22,Sunday,20.0,2026-02-22T19:12:53
port-charlotte-fl,port-charlotte-fl,2026-02-22,Sunday,18.5,2026-02-22T22:35:15
spring-hill-fl,spring-hill-fl,2026-02-22,Sunday,23.0,2026-02-22T21:20:46
st-augustine-fl,st-augustine-fl,2026-02-22,Sunday,0.0,2026-02-22T01:27:57
alpharetta-ga,alpharetta-ga,2026-02-22,Sunday,15.5,2026-02-22T21:43:47
westmidtownga,westmidtownga,2026-02-22,Sunday,39.0,2026-02-22T23:54:54
augustaga,augustaga,2026-02-22,Sunday,34.5,2026-02-22T19:12:53
braseltonga,braseltonga,2026-02-22,Sunday,43.0,2026-02-22T18:41:16
dacula-ga,dacula-ga,2026-02-22,Sunday,23.0,2026-02-22T16:43:21
mcdonoughga,mcdonoughga,2026-02-22,Sunday,22.0,2026-02-22T21:58:51
roswell-ga,roswell-ga,2026-02-22,Sunday,0.0,2026-02-22T01:27:57
suwanee-ga,suwanee-ga,2026-02-22,Sunday,0.0,2026-02-22T01:27:57
warnerrobinsga,warnerrobinsga,2026-02-22,Sunday,46.5,2026-02-22T19:40:03
woodstock-ga,woodstock-ga,2026-02-22,Sunday,0.0,2026-02-22T01:27:57
cedar-rapids-ia,cedar-rapids-ia,2026-02-22,Sunday,0.0,2026-02-22T01:27:57
ankeny-ia,ankeny-ia,2026-02-22,Sunday,32.0,2026-02-22T23:54:54
des-moines-ia-downtown,des-moines-ia-downtown,2026-02-22,Sunday,18.0,2026-02-22T23:33:23
des-moines-waukee-ia,des-moines-waukee-ia,2026-02-22,Sunday,25.5,2026-02-22T22:35:15
boise-id,boise-id,2026-02-22,Sunday,44.5,2026-02-22T13:09:33
meridian-id,meridian-id,2026-02-22,Sunday,36.0,2026-02-22T15:42:56
carmelin,carmelin,2026-02-22,Sunday,51.5,2026-02-22T22:57:35
evansville-in-east,evansville-in-east,2026-02-22,Sunday,0.0,2026-02-22T01:27:57
fishers-in,fishers-in,2026-02-22,Sunday,57.5,2026-02-22T19:12:53
kansas-city-leawood,kansas-city-leawood,2026-02-22,Sunday,46.0,2026-02-22T23:33:23
overlandparkks,overlandparkks,2026-02-22,Sunday,52.0,2026-02-22T15:12:07
ascension-la,ascension-la,2026-02-22,Sunday,4.0,2026-02-22T18:41:16
baton-rouge-st-george,baton-rouge-st-george,2026-02-22,Sunday,21.0,2026-02-22T20:28:57
shreveport-la-south,shreveport-la-south,2026-02-22,Sunday,22.0,2026-02-22T19:55:34
monroe-la-west,monroe-la-west,2026-02-22,Sunday,0.0,2026-02-22T01:27:57
maynardma,maynardma,2026-02-22,Sunday,45.0,2026-02-22T23:54:54
southborough-ma,southborough-ma,2026-02-22,Sunday,65.5,2026-02-22T19:12:53
crofton-md,crofton-md,2026-02-22,Sunday,58.5,2026-02-22T20:53:43
towson-baltimore-md,towson-baltimore-md,2026-02-22,Sunday,51.0,2026-02-22T20:28:57
white-marsh-baltimore-md,white-marsh-baltimore-md,2026-02-22,Sunday,72.0,2026-02-22T01:27:57
clarkstonmi,clarkstonmi,2026-02-22,Sunday,35.5,2026-02-22T22:35:15
farmington-mi,farmington-mi,2026-02-22,Sunday,48.0,2026-02-22T19:55:34
grand-blanc-mi,grand-blanc-mi,2026-02-22,Sunday,40.0,2026-02-22T22:57:35
jackson-mi,jackson-mi,2026-02-22,Sunday,0.0,2026-02-22T01:27:57
lansing-mi,lansing-mi,2026-02-22,Sunday,54.0,2026-02-22T18:41:16
livonia-mi,livonia-mi,2026-02-22,Sunday,51.0,2026-02-22T06:06:48
novi-mi,novi-mi,2026-02-22,Sunday,17.0,2026-02-22T21:58:51
rochester-hills-mi,rochester-hills-mi,2026-02-22,Sunday,42.5,2026-02-22T20:28:57
troy-mi,troy-mi,2026-02-22,Sunday,49.5,2026-02-22T22:35:15
west-bloomfield-mi,west-bloomfield-mi,2026-02-22,Sunday,2.0,2026-02-22T04:01:21
st-louis-crestwood-mo,st-louis-crestwood-mo,2026-02-22,Sunday,38.5,2026-02-22T21:20:46
liberty-mo,liberty-mo,2026-02-22,Sunday,36.0,2026-02-22T22:57:35
rollamo,rollamo,2026-02-22,Sunday,32.0,2026-02-22T21:58:51
bozemanmt,bozemanmt,2026-02-22,Sunday,58.0,2026-02-22T23:54:54
chapel-hill-nc,chapel-hill-nc,2026-02-22,Sunday,40.0,2026-02-22T23:54:54
raleigh-nc-north,raleigh-nc-north,2026-02-22,Sunday,22.0,2026-02-22T21:20:46
lincoln-ne-south,lincoln-ne-south,2026-02-22,Sunday,56.5,2026-02-22T22:35:15
omahane,omahane,2026-02-22,Sunday,62.0,2026-02-22T14:48:36
papillionne,papillionne,2026-02-22,Sunday,30.5,2026-02-22T13:52:26
howell-nj,howell-nj,2026-02-22,Sunday,37.0,2026-02-22T17:03:42
pomptonplainsnj,pomptonplainsnj,2026-02-22,Sunday,70.0,2026-02-22T22:35:15
princetonnj,princetonnj,2026-02-22,Sunday,41.0,2026-02-22T17:03:42
toms-river-nj,toms-river-nj,2026-02-22,Sunday,0.0,2026-02-22T01:27:57
lascruces-nm,lascruces-nm,2026-02-22,Sunday,11.5,2026-02-22T22:57:35
hendersonnv,hendersonnv,2026-02-22,Sunday,39.0,2026-02-22T23:54:54
mesquitenv,mesquitenv,2026-02-22,Sunday,21.5,2026-02-22T22:57:35
southsummerlinnv,southsummerlinnv,2026-02-22,Sunday,31.5,2026-02-22T21:58:51
summerlinlasvegasnv,summerlinlasvegasnv,2026-02-22,Sunday,26.5,2026-02-22T23:33:23
bethpage-ny,bethpage-ny,2026-02-22,Sunday,50.0,2026-02-22T04:01:21
fivetowns-ny,fivetowns-ny,2026-02-22,Sunday,26.0,2026-02-22T23:33:23
brunswickoh,brunswickoh,2026-02-22,Sunday,57.0,2026-02-22T09:48:54
chardonoh,chardonoh,2026-02-22,Sunday,41.5,2026-02-22T23:54:54
columbus-upper-arlington-oh,columbus-upper-arlington-oh,2026-02-22,Sunday,45.5,2026-02-22T21:20:46
dayton-oh-centerville,dayton-oh-centerville,2026-02-22,Sunday,0.0,2026-02-22T01:27:57
north-canton-oh,north-canton-oh,2026-02-22,Sunday,44.0,2026-02-22T01:27:57
woosteroh,woosteroh,2026-02-22,Sunday,51.5,2026-02-22T23:54:54
jenks-ok,jenks-ok,2026-02-22,Sunday,24.0,2026-02-22T21:20:46
tulsa-ok-southern-hills,tulsa-ok-southern-hills,2026-02-22,Sunday,18.0,2026-02-22T23:33:23
clackamas-or,clackamas-or,2026-02-22,Sunday,42.0,2026-02-22T23:33:23
eugeneor,eugeneor,2026-02-22,Sunday,53.5,2026-02-22T22:57:35
salem-keizer-or,salem-keizer-or,2026-02-22,Sunday,51.0,2026-02-22T23:54:54
sherwoodor,sherwoodor,2026-02-22,Sunday,49.5,2026-02-22T19:12:53
paoli-pa,paoli-pa,2026-02-22,Sunday,37.0,2026-02-22T14:48:36
yardley-pa,yardley-pa,2026-02-22,Sunday,47.0,2026-02-22T01:27:57
york-pa,york-pa,2026-02-22,Sunday,61.0,2026-02-22T19:12:53
aikensc,aikensc,2026-02-22,Sunday,52.5,2026-02-22T23:33:23
spartanburgsc,spartanburgsc,2026-02-22,Sunday,36.5,2026-02-22T20:53:43
sioux-falls-sd-south,sioux-falls-sd-south,2026-02-22,Sunday,45.5,2026-02-22T21:58:51
chattanoogatn,chattanoogatn,2026-02-22,Sunday,35.5,2026-02-22T22:35:15
clarksvilletn,clarksvilletn,2026-02-22,Sunday,65.5,2026-02-22T13:09:33
cleveland-tn,cleveland-tn,2026-02-22,Sunday,1.0,2026-02-22T01:27:57
franklintn,franklintn,2026-02-22,Sunday,39.5,2026-02-22T15:42:56
knoxvilletn,knoxvilletn,2026-02-22,Sunday,63.5,2026-02-22T23:33:23
memphis-tn-collierville,memphis-tn-collierville,2026-02-22,Sunday,26.0,2026-02-22T23:54:54
mt-juliet-tn,mt-juliet-tn,2026-02-22,Sunday,31.0,2026-02-22T23:33:23
nashville-bellevue-tn,nashville-bellevue-tn,2026-02-22,Sunday,19.0,2026-02-22T20:53:43
spring-hill-tn-north,spring-hill-tn-north,2026-02-22,Sunday,35.5,2026-02-22T23:54:54
aledo-willow-park-tx,aledo-willow-park-tx,2026-02-22,Sunday,0.0,2026-02-22T01:27:57
allen-tx,allen-tx,2026-02-22,Sunday,0.0,2026-02-22T01:27:57
amarillo-tx,amarillo-tx,2026-02-22,Sunday,0.0,2026-02-22T01:27:57
arlington-tx-south,arlington-tx-south,2026-02-22,Sunday,0.0,2026-02-22T01:27:57
houston-atascocita-tx,houston-atascocita-tx,2026-02-22,Sunday,36.5,2026-02-22T20:28:57
eastaustintx,eastaustintx,2026-02-22,Sunday,31.5,2026-02-22T20:28:57
southwestaustintx,southwestaustintx,2026-02-22,Sunday,30.5,2026-02-22T23:33:23
austin-tx-westlake,austin-tx-westlake,2026-02-22,Sunday,0.0,2026-02-22T01:27:57
cedar-park-tx-lakeline,cedar-park-tx-lakeline,2026-02-22,Sunday,0.0,2026-02-22T01:27:57
colleyville-tx,colleyville-tx,2026-02-22,Sunday,28.5,2026-02-22T19:12:53
denton-tx,denton-tx,2026-02-22,Sunday,34.5,2026-02-22T23:33:23
flowermoundtx,flowermoundtx,2026-02-22,Sunday,52.5,2026-02-22T20:28:57
fulshear-tx,fulshear-tx,2026-02-22,Sunday,0.0,2026-02-22T01:27:57
granburytx,granburytx,2026-02-22,Sunday,15.0,2026-02-22T20:53:43
grand-prairie-tx,grand-prairie-tx,2026-02-22,Sunday,22.5,2026-02-22T20:53:43
houstonheightstx,houstonheightstx,2026-02-22,Sunday,52.0,2026-02-22T21:43:47
houston-memorial-tx,houston-memorial-tx,2026-02-22,Sunday,45.5,2026-02-22T20:53:43
katy-tx,katy-tx,2026-02-22,Sunday,33.0,2026-02-22T21:20:46
kellertx,kellertx,2026-02-22,Sunday,27.0,2026-02-22T23:54:54
lubbock-tx,lubbock-tx,2026-02-22,Sunday,48.5,2026-02-22T23:33:23
woodlands-houston-tx,woodlands-houston-tx,2026-02-22,Sunday,33.5,2026-02-22T22:57:35
mckinney-tx,mckinney-tx,2026-02-22,Sunday,18.0,2026-02-22T22:57:35
midlandtx,midlandtx,2026-02-22,Sunday,54.5,2026-02-22T17:03:42
east-odessa-tx,east-odessa-tx,2026-02-22,Sunday,0.0,2026-02-22T01:27:57
planowesttx,planowesttx,2026-02-22,Sunday,20.0,2026-02-22T23:54:54
round-rock-tx,round-rock-tx,2026-02-22,Sunday,0.0,2026-02-22T01:27:57
shenandoah-tx,shenandoah-tx,2026-02-22,Sunday,0.0,2026-02-22T01:27:57
sherman-tx,sherman-tx,2026-02-22,Sunday,30.0,2026-02-22T23:33:23
spring-tx,spring-tx,2026-02-22,Sunday,12.0,2026-02-22T23:33:23
tylersouthtx,tylersouthtx,2026-02-22,Sunday,46.0,2026-02-22T22:57:35
americanforkut,americanforkut,2026-02-22,Sunday,41.0,2026-02-22T04:01:21
cedarcity,cedarcity,2026-02-22,Sunday,34.0,2026-02-22T22:57:35
layton-ut,layton-ut,2026-02-22,Sunday,27.5,2026-02-22T19:12:53
lehiut,lehiut,2026-02-22,Sunday,38.5,2026-02-22T22:35:15
millcreekut,millcreekut,2026-02-22,Sunday,18.5,2026-02-22T13:09:33
murrayut,murrayut,2026-02-22,Sunday,24.0,2026-02-22T23:33:23
ogden-pleasant-view-ut,ogden-pleasant-view-ut,2026-02-22,Sunday,46.0,2026-02-22T23:54:54
ogden-riverdale-ut,ogden-riverdale-ut,2026-02-22,Sunday,22.0,2026-02-22T21:20:46
orem-ut,orem-ut,2026-02-22,Sunday,32.0,2026-02-22T23:33:23
richfield,richfield,2026-02-22,Sunday,14.5,2026-02-22T22:35:15
sandyut,sandyut,2026-02-22,Sunday,40.5,2026-02-22T22:57:35
spanishforkut,spanishforkut,2026-02-22,Sunday,38.5,2026-02-22T21:58:51
stgeorgeut,stgeorgeut,2026-02-22,Sunday,11.0,2026-02-22T22:35:15
st-george-ut-river-rd,st-george-ut-river-rd,2026-02-22,Sunday,26.5,2026-02-22T18:41:16
st-george-ut-sunset,st-george-ut-sunset,2026-02-22,Sunday,6.0,2026-02-22T22:35:15
lynchburg-va,lynchburg-va,2026-02-22,Sunday,40.5,2026-02-22T23:54:54
midlothian-va,midlothian-va,2026-02-22,Sunday,0.0,2026-02-22T01:27:57
virginia-beach-va-courthouse,virginia-beach-va-courthouse,2026-02-22,Sunday,0.0,2026-02-22T01:27:57
hudson-wi,hudson-wi,2026-02-22,Sunday,0.0,2026-02-22T01:27:57
birminghamal,birminghamal,2026-02-23,Monday,34.0,2026-02-23T22:56:56
huntsville-al-research-park,huntsville-al-research-park,2026-02-23,Monday,13.0,2026-02-23T23:59:06
fayetteville-ar,fayetteville-ar,2026-02-23,Monday,27.0,2026-02-23T22:03:38
anthem-az,anthem-az,2026-02-23,Monday,0.0,2026-02-23T02:08:58
chandleraz,chandleraz,2026-02-23,Monday,21.0,2026-02-23T21:12:11
southchandleraz,southchandleraz,2026-02-23,Monday,15.5,2026-02-23T23:37:50
gilbertaz,gilbertaz,2026-02-23,Monday,37.0,2026-02-23T22:03:38
glendaleaz,glendaleaz,2026-02-23,Monday,37.5,2026-02-23T21:12:11
goodyear-az,goodyear-az,2026-02-23,Monday,0.0,2026-02-23T02:08:58
lake-havasu-city-az,lake-havasu-city-az,2026-02-23,Monday,0.0,2026-02-23T02:08:58
mesa-az-east,mesa-az-east,2026-02-23,Monday,1.0,2026-02-23T23:37:50
paradise-valley-az,paradise-valley-az,2026-02-23,Monday,14.5,2026-02-23T22:03:38
glendale-az-peoria,glendale-az-peoria,2026-02-23,Monday,15.5,2026-02-23T22:03:38
scottsdaleaz,scottsdaleaz,2026-02-23,Monday,49.0,2026-02-23T23:37:50
scottsdale-az-north,scottsdale-az-north,2026-02-23,Monday,0.0,2026-02-23T02:08:58
surpriseaz,surpriseaz,2026-02-23,Monday,12.0,2026-02-23T21:12:11
talkingstickaz,talkingstickaz,2026-02-23,Monday,0.0,2026-02-23T02:08:58
tempeaz,tempeaz,2026-02-23,Monday,16.5,2026-02-23T23:59:06
carlsbadca,carlsbadca,2026-02-23,Monday,15.5,2026-02-23T23:59:06
rancho-mirage-ca,rancho-mirage-ca,2026-02-23,Monday,0.0,2026-02-23T02:08:58
fort-collins-timnath-co,fort-collins-timnath-co,2026-02-23,Monday,0.0,2026-02-23T02:08:58
invernessco,invernessco,2026-02-23,Monday,28.5,2026-02-23T18:40:24
littleton-co,littleton-co,2026-02-23,Monday,16.5,2026-02-23T22:56:56
loveland-co-johnstown,loveland-co-johnstown,2026-02-23,Monday,0.0,2026-02-23T02:08:58
colorado-springs-northgate,colorado-springs-northgate,2026-02-23,Monday,31.5,2026-02-23T14:29:37
pueblowestco,pueblowestco,2026-02-23,Monday,21.0,2026-02-23T22:56:56
westminster-co,westminster-co,2026-02-23,Monday,2.0,2026-02-23T02:08:58
wilmingtonde,wilmingtonde,2026-02-23,Monday,39.5,2026-02-23T22:03:38
boca-raton-fl-west,boca-raton-fl-west,2026-02-23,Monday,0.0,2026-02-23T02:08:58
bradentonfl,bradentonfl,2026-02-23,Monday,31.0,2026-02-23T17:40:51
jacksonvillebeachfl,jacksonvillebeachfl,2026-02-23,Monday,16.0,2026-02-23T20:27:43
miramarbeach,miramarbeach,2026-02-23,Monday,61.0,2026-02-23T22:56:56
naplesfl,naplesfl,2026-02-23,Monday,30.5,2026-02-23T23:59:06
naples-fl-north,naples-fl-north,2026-02-23,Monday,13.5,2026-02-23T23:37:50
oldsmarfl,oldsmarfl,2026-02-23,Monday,38.5,2026-02-23T23:59:06
orlando-fl-waterford-lakes,orlando-fl-waterford-lakes,2026-02-23,Monday,0.0,2026-02-23T02:08:58
panama-city-beach-fl,panama-city-beach-fl,2026-02-23,Monday,0.0,2026-02-23T02:08:58
ponte-vedra-fl,ponte-vedra-fl,2026-02-23,Monday,21.5,2026-02-23T23:59:06
port-charlotte-fl,port-charlotte-fl,2026-02-23,Monday,26.0,2026-02-23T23:37:50
spring-hill-fl,spring-hill-fl,2026-02-23,Monday,18.0,2026-02-23T21:12:11
st-augustine-fl,st-augustine-fl,2026-02-23,Monday,0.0,2026-02-23T02:08:58
alpharetta-ga,alpharetta-ga,2026-02-23,Monday,6.0,2026-02-23T16:28:50
westmidtownga,westmidtownga,2026-02-23,Monday,34.5,2026-02-23T22:56:56
augustaga,augustaga,2026-02-23,Monday,39.0,2026-02-23T16:28:50
braseltonga,braseltonga,2026-02-23,Monday,43.0,2026-02-23T22:56:56
dacula-ga,dacula-ga,2026-02-23,Monday,23.0,2026-02-23T22:56:56
mcdonoughga,mcdonoughga,2026-02-23,Monday,11.0,2026-02-23T22:03:38
roswell-ga,roswell-ga,2026-02-23,Monday,0.0,2026-02-23T02:08:58
suwanee-ga,suwanee-ga,2026-02-23,Monday,0.0,2026-02-23T02:08:58
warnerrobinsga,warnerrobinsga,2026-02-23,Monday,37.0,2026-02-23T23:59:06
woodstock-ga,woodstock-ga,2026-02-23,Monday,0.0,2026-02-23T02:08:58
cedar-rapids-ia,cedar-rapids-ia,2026-02-23,Monday,0.0,2026-02-23T02:08:58
ankeny-ia,ankeny-ia,2026-02-23,Monday,22.0,2026-02-23T19:44:44
des-moines-ia-downtown,des-moines-ia-downtown,2026-02-23,Monday,5.5,2026-02-23T19:44:44
des-moines-waukee-ia,des-moines-waukee-ia,2026-02-23,Monday,11.5,2026-02-23T23:37:50
boise-id,boise-id,2026-02-23,Monday,33.0,2026-02-23T19:44:44
meridian-id,meridian-id,2026-02-23,Monday,28.0,2026-02-23T23:37:50
carmelin,carmelin,2026-02-23,Monday,34.5,2026-02-23T23:37:50
evansville-in-east,evansville-in-east,2026-02-23,Monday,0.0,2026-02-23T02:08:58
fishers-in,fishers-in,2026-02-23,Monday,37.5,2026-02-23T16:28:50
kansas-city-leawood,kansas-city-leawood,2026-02-23,Monday,34.0,2026-02-23T20:27:43
overlandparkks,overlandparkks,2026-02-23,Monday,40.5,2026-02-23T23:59:06
ascension-la,ascension-la,2026-02-23,Monday,2.0,2026-02-23T02:08:58
baton-rouge-st-george,baton-rouge-st-george,2026-02-23,Monday,13.0,2026-02-23T23:59:06
shreveport-la-south,shreveport-la-south,2026-02-23,Monday,26.5,2026-02-23T19:44:44
monroe-la-west,monroe-la-west,2026-02-23,Monday,0.0,2026-02-23T02:08:58
maynardma,maynardma,2026-02-23,Monday,11.0,2026-02-23T02:08:58
southborough-ma,southborough-ma,2026-02-23,Monday,10.5,2026-02-23T22:56:56
crofton-md,crofton-md,2026-02-23,Monday,44.5,2026-02-23T22:56:56
towson-baltimore-md,towson-baltimore-md,2026-02-23,Monday,32.5,2026-02-23T22:03:38
white-marsh-baltimore-md,white-marsh-baltimore-md,2026-02-23,Monday,58.5,2026-02-23T20:27:43
clarkstonmi,clarkstonmi,2026-02-23,Monday,22.5,2026-02-23T15:26:11
farmington-mi,farmington-mi,2026-02-23,Monday,30.0,2026-02-23T22:03:38
grand-blanc-mi,grand-blanc-mi,2026-02-23,Monday,28.0,2026-02-23T20:27:43
jackson-mi,jackson-mi,2026-02-23,Monday,0.0,2026-02-23T02:08:58
lansing-mi,lansing-mi,2026-02-23,Monday,40.0,2026-02-23T18:40:24
livonia-mi,livonia-mi,2026-02-23,Monday,45.5,2026-02-23T20:27:43
novi-mi,novi-mi,2026-02-23,Monday,4.5,2026-02-23T19:44:44
rochester-hills-mi,rochester-hills-mi,2026-02-23,Monday,27.0,2026-02-23T20:27:43
troy-mi,troy-mi,2026-02-23,Monday,40.0,2026-02-23T23:37:50
west-bloomfield-mi,west-bloomfield-mi,2026-02-23,Monday,1.0,2026-02-23T02:08:58
st-louis-crestwood-mo,st-louis-crestwood-mo,2026-02-23,Monday,30.5,2026-02-23T22:03:38
liberty-mo,liberty-mo,2026-02-23,Monday,22.0,2026-02-23T23:37:50
rollamo,rollamo,2026-02-23,Monday,20.0,2026-02-23T15:26:11
bozemanmt,bozemanmt,2026-02-23,Monday,41.0,2026-02-23T21:12:11
chapel-hill-nc,chapel-hill-nc,2026-02-23,Monday,14.5,2026-02-23T16:28:50
raleigh-nc-north,raleigh-nc-north,2026-02-23,Monday,14.0,2026-02-23T04:32:39
lincoln-ne-south,lincoln-ne-south,2026-02-23,Monday,33.5,2026-02-23T22:56:56
omahane,omahane,2026-02-23,Monday,59.5,2026-02-23T19:44:44
papillionne,papillionne,2026-02-23,Monday,31.5,2026-02-23T07:46:57
howell-nj,howell-nj,2026-02-23,Monday,72.0,2026-02-23T02:08:58
pomptonplainsnj,pomptonplainsnj,2026-02-23,Monday,38.0,2026-02-23T22:56:56
princetonnj,princetonnj,2026-02-23,Monday,33.5,2026-02-23T22:56:56
toms-river-nj,toms-river-nj,2026-02-23,Monday,0.0,2026-02-23T02:08:58
lascruces-nm,lascruces-nm,2026-02-23,Monday,20.0,2026-02-23T21:12:11
hendersonnv,hendersonnv,2026-02-23,Monday,23.5,2026-02-23T22:56:56
mesquitenv,mesquitenv,2026-02-23,Monday,23.0,2026-02-23T22:56:56
southsummerlinnv,southsummerlinnv,2026-02-23,Monday,37.5,2026-02-23T21:12:11
summerlinlasvegasnv,summerlinlasvegasnv,2026-02-23,Monday,30.0,2026-02-23T21:12:11
bethpage-ny,bethpage-ny,2026-02-23,Monday,18.5,2026-02-23T04:32:39
fivetowns-ny,fivetowns-ny,2026-02-23,Monday,20.5,2026-02-23T02:08:58
brunswickoh,brunswickoh,2026-02-23,Monday,44.0,2026-02-23T02:08:58
chardonoh,chardonoh,2026-02-23,Monday,37.5,2026-02-23T23:37:50
columbus-upper-arlington-oh,columbus-upper-arlington-oh,2026-02-23,Monday,36.5,2026-02-23T19:44:44
dayton-oh-centerville,dayton-oh-centerville,2026-02-23,Monday,0.0,2026-02-23T02:08:58
north-canton-oh,north-canton-oh,2026-02-23,Monday,37.0,2026-02-23T06:51:24
woosteroh,woosteroh,2026-02-23,Monday,37.0,2026-02-23T23:59:06
jenks-ok,jenks-ok,2026-02-23,Monday,17.0,2026-02-23T23:37:50
tulsa-ok-southern-hills,tulsa-ok-southern-hills,2026-02-23,Monday,13.5,2026-02-23T23:59:06
clackamas-or,clackamas-or,2026-02-23,Monday,24.5,2026-02-23T19:44:44
eugeneor,eugeneor,2026-02-23,Monday,56.0,2026-02-23T18:40:24
salem-keizer-or,salem-keizer-or,2026-02-23,Monday,34.5,2026-02-23T23:59:06
sherwoodor,sherwoodor,2026-02-23,Monday,23.5,2026-02-23T23:59:06
paoli-pa,paoli-pa,2026-02-23,Monday,26.5,2026-02-23T19:44:44
yardley-pa,yardley-pa,2026-02-23,Monday,35.5,2026-02-23T02:08:58
york-pa,york-pa,2026-02-23,Monday,52.0,2026-02-23T17:40:51
aikensc,aikensc,2026-02-23,Monday,40.0,2026-02-23T23:37:50
spartanburgsc,spartanburgsc,2026-02-23,Monday,38.0,2026-02-23T18:40:24
sioux-falls-sd-south,sioux-falls-sd-south,2026-02-23,Monday,34.0,2026-02-23T22:03:38
chattanoogatn,chattanoogatn,2026-02-23,Monday,30.0,2026-02-23T22:56:56
clarksvilletn,clarksvilletn,2026-02-23,Monday,56.0,2026-02-23T21:12:11
cleveland-tn,cleveland-tn,2026-02-23,Monday,0.0,2026-02-23T02:08:58
franklintn,franklintn,2026-02-23,Monday,37.5,2026-02-23T22:56:56
knoxvilletn,knoxvilletn,2026-02-23,Monday,60.5,2026-02-23T21:12:11
memphis-tn-collierville,memphis-tn-collierville,2026-02-23,Monday,19.0,2026-02-23T23:37:50
mt-juliet-tn,mt-juliet-tn,2026-02-23,Monday,25.5,2026-02-23T22:03:38
nashville-bellevue-tn,nashville-bellevue-tn,2026-02-23,Monday,14.5,2026-02-23T22:56:56
spring-hill-tn-north,spring-hill-tn-north,2026-02-23,Monday,29.5,2026-02-23T22:03:38
aledo-willow-park-tx,aledo-willow-park-tx,2026-02-23,Monday,0.0,2026-02-23T02:08:58
allen-tx,allen-tx,2026-02-23,Monday,0.0,2026-02-23T02:08:58
amarillo-tx,amarillo-tx,2026-02-23,Monday,0.0,2026-02-23T02:08:58
arlington-tx-south,arlington-tx-south,2026-02-23,Monday,0.0,2026-02-23T02:08:58
houston-atascocita-tx,houston-atascocita-tx,2026-02-23,Monday,90.5,2026-02-23T04:32:39
eastaustintx,eastaustintx,2026-02-23,Monday,24.0,2026-02-23T22:56:56
southwestaustintx,southwestaustintx,2026-02-23,Monday,18.0,2026-02-23T22:03:38
austin-tx-westlake,austin-tx-westlake,2026-02-23,Monday,0.0,2026-02-23T02:08:58
cedar-park-tx-lakeline,cedar-park-tx-lakeline,2026-02-23,Monday,0.0,2026-02-23T02:08:58
colleyville-tx,colleyville-tx,2026-02-23,Monday,29.5,2026-02-23T22:56:56
denton-tx,denton-tx,2026-02-23,Monday,27.0,2026-02-23T23:59:06
flowermoundtx,flowermoundtx,2026-02-23,Monday,38.5,2026-02-23T23:59:06
fulshear-tx,fulshear-tx,2026-02-23,Monday,0.0,2026-02-23T02:08:58
granburytx,granburytx,2026-02-23,Monday,14.0,2026-02-23T23:59:06
grand-prairie-tx,grand-prairie-tx,2026-02-23,Monday,12.5,2026-02-23T23:37:50
houstonheightstx,houstonheightstx,2026-02-23,Monday,46.5,2026-02-23T15:26:11
houston-memorial-tx,houston-memorial-tx,2026-02-23,Monday,37.5,2026-02-23T20:27:43
katy-tx,katy-tx,2026-02-23,Monday,21.0,2026-02-23T22:56:56
kellertx,kellertx,2026-02-23,Monday,21.5,2026-02-23T23:37:50
lubbock-tx,lubbock-tx,2026-02-23,Monday,26.0,2026-02-23T21:12:11
woodlands-houston-tx,woodlands-houston-tx,2026-02-23,Monday,23.5,2026-02-23T22:56:56
mckinney-tx,mckinney-tx,2026-02-23,Monday,11.0,2026-02-23T23:59:06
midlandtx,midlandtx,2026-02-23,Monday,51.0,2026-02-23T23:37:50
east-odessa-tx,east-odessa-tx,2026-02-23,Monday,2.0,2026-02-23T02:08:58
planowesttx,planowesttx,2026-02-23,Monday,22.5,2026-02-23T23:37:50
round-rock-tx,round-rock-tx,2026-02-23,Monday,0.0,2026-02-23T02:08:58
shenandoah-tx,shenandoah-tx,2026-02-23,Monday,0.0,2026-02-23T02:08:58
sherman-tx,sherman-tx,2026-02-23,Monday,24.0,2026-02-23T22:56:56
spring-tx,spring-tx,2026-02-23,Monday,16.0,2026-02-23T22:56:56
tylersouthtx,tylersouthtx,2026-02-23,Monday,40.0,2026-02-23T21:12:11
americanforkut,americanforkut,2026-02-23,Monday,39.0,2026-02-23T04:32:39
cedarcity,cedarcity,2026-02-23,Monday,31.5,2026-02-23T15:26:11
layton-ut,layton-ut,2026-02-23,Monday,22.0,2026-02-23T21:12:11
lehiut,lehiut,2026-02-23,Monday,42.0,2026-02-23T22:56:56
millcreekut,millcreekut,2026-02-23,Monday,13.0,2026-02-23T02:08:58
murrayut,murrayut,2026-02-23,Monday,22.5,2026-02-23T23:59:06
ogden-pleasant-view-ut,ogden-pleasant-view-ut,2026-02-23,Monday,22.0,2026-02-23T22:56:56
ogden-riverdale-ut,ogden-riverdale-ut,2026-02-23,Monday,14.0,2026-02-23T22:56:56
orem-ut,orem-ut,2026-02-23,Monday,34.0,2026-02-23T23:59:06
richfield,richfield,2026-02-23,Monday,14.5,2026-02-23T23:37:50
sandyut,sandyut,2026-02-23,Monday,35.5,2026-02-23T18:40:24
spanishforkut,spanishforkut,2026-02-23,Monday,35.5,2026-02-23T22:56:56
stgeorgeut,stgeorgeut,2026-02-23,Monday,16.0,2026-02-23T19:44:44
st-george-ut-river-rd,st-george-ut-river-rd,2026-02-23,Monday,21.0,2026-02-23T22:03:38
st-george-ut-sunset,st-george-ut-sunset,2026-02-23,Monday,6.0,2026-02-23T22:56:56
lynchburg-va,lynchburg-va,2026-02-23,Monday,40.0,2026-02-23T21:12:11
midlothian-va,midlothian-va,2026-02-23,Monday,0.0,2026-02-23T02:08:58
virginia-beach-va-courthouse,virginia-beach-va-courthouse,2026-02-23,Monday,0.0,2026-02-23T02:08:58
hudson-wi,hudson-wi,2026-02-23,Monday,0.0,2026-02-23T02:08:58
pittsburgh-pa-west-hills,pittsburgh-pa-west-hills,2026-02-23,Monday,0.0,2026-02-23T22:03:38
tomball-tx,tomball-tx,2026-02-23,Monday,0.0,2026-02-23T22:03:38
wichita-falls-tx-fairway,wichita-falls-tx-fairway,2026-02-23,Monday,0.0,2026-02-23T22:03:38
birminghamal,birminghamal,2026-02-24,Tuesday,27.0,2026-02-24T20:04:27
huntsville-al-research-park,huntsville-al-research-park,2026-02-24,Tuesday,16.0,2026-02-24T20:52:47
fayetteville-ar,fayetteville-ar,2026-02-24,Tuesday,30.5,2026-02-24T22:01:18
anthem-az,anthem-az,2026-02-24,Tuesday,0.0,2026-02-24T02:52:42
chandleraz,chandleraz,2026-02-24,Tuesday,19.0,2026-02-24T22:47:24
southchandleraz,southchandleraz,2026-02-24,Tuesday,21.0,2026-02-24T23:17:19
gilbertaz,gilbertaz,2026-02-24,Tuesday,38.5,2026-02-24T19:39:22
glendaleaz,glendaleaz,2026-02-24,Tuesday,37.0,2026-02-24T23:50:08
goodyear-az,goodyear-az,2026-02-24,Tuesday,0.0,2026-02-24T02:52:42
lake-havasu-city-az,lake-havasu-city-az,2026-02-24,Tuesday,0.0,2026-02-24T02:52:42
mesa-az-east,mesa-az-east,2026-02-24,Tuesday,3.0,2026-02-24T02:52:42
paradise-valley-az,paradise-valley-az,2026-02-24,Tuesday,25.5,2026-02-24T22:47:24
glendale-az-peoria,glendale-az-peoria,2026-02-24,Tuesday,19.0,2026-02-24T23:50:08
scottsdaleaz,scottsdaleaz,2026-02-24,Tuesday,49.0,2026-02-24T21:28:23
scottsdale-az-north,scottsdale-az-north,2026-02-24,Tuesday,0.0,2026-02-24T02:52:42
surpriseaz,surpriseaz,2026-02-24,Tuesday,16.0,2026-02-24T21:28:23
talkingstickaz,talkingstickaz,2026-02-24,Tuesday,0.0,2026-02-24T02:52:42
tempeaz,tempeaz,2026-02-24,Tuesday,17.5,2026-02-24T22:01:18
carlsbadca,carlsbadca,2026-02-24,Tuesday,31.0,2026-02-24T23:17:19
rancho-mirage-ca,rancho-mirage-ca,2026-02-24,Tuesday,0.0,2026-02-24T02:52:42
fort-collins-timnath-co,fort-collins-timnath-co,2026-02-24,Tuesday,0.0,2026-02-24T02:52:42
invernessco,invernessco,2026-02-24,Tuesday,44.0,2026-02-24T23:50:08
littleton-co,littleton-co,2026-02-24,Tuesday,23.5,2026-02-24T16:43:42
loveland-co-johnstown,loveland-co-johnstown,2026-02-24,Tuesday,0.0,2026-02-24T02:52:42
colorado-springs-northgate,colorado-springs-northgate,2026-02-24,Tuesday,39.5,2026-02-24T18:39:54
pueblowestco,pueblowestco,2026-02-24,Tuesday,31.5,2026-02-24T16:43:42
westminster-co,westminster-co,2026-02-24,Tuesday,5.0,2026-02-24T17:44:06
wilmingtonde,wilmingtonde,2026-02-24,Tuesday,51.5,2026-02-24T16:43:42
boca-raton-fl-west,boca-raton-fl-west,2026-02-24,Tuesday,2.0,2026-02-24T14:37:53
bradentonfl,bradentonfl,2026-02-24,Tuesday,30.0,2026-02-24T22:01:18
jacksonvillebeachfl,jacksonvillebeachfl,2026-02-24,Tuesday,23.5,2026-02-24T23:50:08
miramarbeach,miramarbeach,2026-02-24,Tuesday,63.0,2026-02-24T22:47:24
naplesfl,naplesfl,2026-02-24,Tuesday,32.0,2026-02-24T23:50:08
naples-fl-north,naples-fl-north,2026-02-24,Tuesday,7.5,2026-02-24T20:52:47
oldsmarfl,oldsmarfl,2026-02-24,Tuesday,44.0,2026-02-24T17:44:06
orlando-fl-waterford-lakes,orlando-fl-waterford-lakes,2026-02-24,Tuesday,0.0,2026-02-24T02:52:42
panama-city-beach-fl,panama-city-beach-fl,2026-02-24,Tuesday,0.0,2026-02-24T02:52:42
ponte-vedra-fl,ponte-vedra-fl,2026-02-24,Tuesday,18.5,2026-02-24T22:47:24
port-charlotte-fl,port-charlotte-fl,2026-02-24,Tuesday,27.0,2026-02-24T18:39:54
spring-hill-fl,spring-hill-fl,2026-02-24,Tuesday,32.5,2026-02-24T23:50:08
st-augustine-fl,st-augustine-fl,2026-02-24,Tuesday,0.0,2026-02-24T02:52:42
alpharetta-ga,alpharetta-ga,2026-02-24,Tuesday,13.5,2026-02-24T18:39:54
westmidtownga,westmidtownga,2026-02-24,Tuesday,19.5,2026-02-24T18:39:54
augustaga,augustaga,2026-02-24,Tuesday,25.5,2026-02-24T23:17:19
braseltonga,braseltonga,2026-02-24,Tuesday,29.0,2026-02-24T18:39:54
dacula-ga,dacula-ga,2026-02-24,Tuesday,24.0,2026-02-24T20:52:47
mcdonoughga,mcdonoughga,2026-02-24,Tuesday,11.0,2026-02-24T22:01:18
roswell-ga,roswell-ga,2026-02-24,Tuesday,0.0,2026-02-24T02:52:42
suwanee-ga,suwanee-ga,2026-02-24,Tuesday,0.0,2026-02-24T02:52:42
warnerrobinsga,warnerrobinsga,2026-02-24,Tuesday,39.5,2026-02-24T14:37:53
woodstock-ga,woodstock-ga,2026-02-24,Tuesday,0.0,2026-02-24T02:52:42
cedar-rapids-ia,cedar-rapids-ia,2026-02-24,Tuesday,0.0,2026-02-24T02:52:42
ankeny-ia,ankeny-ia,2026-02-24,Tuesday,23.0,2026-02-24T22:01:18
des-moines-ia-downtown,des-moines-ia-downtown,2026-02-24,Tuesday,7.0,2026-02-24T21:28:23
des-moines-waukee-ia,des-moines-waukee-ia,2026-02-24,Tuesday,17.0,2026-02-24T20:04:27
boise-id,boise-id,2026-02-24,Tuesday,40.0,2026-02-24T20:52:47
meridian-id,meridian-id,2026-02-24,Tuesday,32.5,2026-02-24T18:39:54
carmelin,carmelin,2026-02-24,Tuesday,46.5,2026-02-24T19:39:22
evansville-in-east,evansville-in-east,2026-02-24,Tuesday,3.0,2026-02-24T02:52:42
fishers-in,fishers-in,2026-02-24,Tuesday,44.0,2026-02-24T22:47:24
kansas-city-leawood,kansas-city-leawood,2026-02-24,Tuesday,27.0,2026-02-24T20:04:27
overlandparkks,overlandparkks,2026-02-24,Tuesday,38.5,2026-02-24T21:28:23
ascension-la,ascension-la,2026-02-24,Tuesday,5.0,2026-02-24T23:17:19
baton-rouge-st-george,baton-rouge-st-george,2026-02-24,Tuesday,17.5,2026-02-24T17:44:06
shreveport-la-south,shreveport-la-south,2026-02-24,Tuesday,20.0,2026-02-24T21:28:23
monroe-la-west,monroe-la-west,2026-02-24,Tuesday,0.0,2026-02-24T02:52:42
maynardma,maynardma,2026-02-24,Tuesday,35.5,2026-02-24T22:01:18
southborough-ma,southborough-ma,2026-02-24,Tuesday,52.5,2026-02-24T22:01:18
crofton-md,crofton-md,2026-02-24,Tuesday,48.0,2026-02-24T22:01:18
towson-baltimore-md,towson-baltimore-md,2026-02-24,Tuesday,47.5,2026-02-24T16:43:42
white-marsh-baltimore-md,white-marsh-baltimore-md,2026-02-24,Tuesday,46.5,2026-02-24T17:44:06
clarkstonmi,clarkstonmi,2026-02-24,Tuesday,25.5,2026-02-24T18:39:54
farmington-mi,farmington-mi,2026-02-24,Tuesday,29.5,2026-02-24T18:39:54
grand-blanc-mi,grand-blanc-mi,2026-02-24,Tuesday,33.0,2026-02-24T14:37:53
jackson-mi,jackson-mi,2026-02-24,Tuesday,0.0,2026-02-24T02:52:42
lansing-mi,lansing-mi,2026-02-24,Tuesday,43.0,2026-02-24T23:17:19
livonia-mi,livonia-mi,2026-02-24,Tuesday,40.0,2026-02-24T11:24:30
novi-mi,novi-mi,2026-02-24,Tuesday,7.0,2026-02-24T19:39:22
rochester-hills-mi,rochester-hills-mi,2026-02-24,Tuesday,34.0,2026-02-24T22:01:18
troy-mi,troy-mi,2026-02-24,Tuesday,34.5,2026-02-24T16:43:42
west-bloomfield-mi,west-bloomfield-mi,2026-02-24,Tuesday,1.0,2026-02-24T02:52:42
st-louis-crestwood-mo,st-louis-crestwood-mo,2026-02-24,Tuesday,24.0,2026-02-24T20:04:27
liberty-mo,liberty-mo,2026-02-24,Tuesday,19.0,2026-02-24T23:17:19
rollamo,rollamo,2026-02-24,Tuesday,13.5,2026-02-24T23:17:19
bozemanmt,bozemanmt,2026-02-24,Tuesday,41.0,2026-02-24T22:01:18
chapel-hill-nc,chapel-hill-nc,2026-02-24,Tuesday,32.0,2026-02-24T23:50:08
raleigh-nc-north,raleigh-nc-north,2026-02-24,Tuesday,23.5,2026-02-24T23:17:19
lincoln-ne-south,lincoln-ne-south,2026-02-24,Tuesday,34.5,2026-02-24T23:17:19
omahane,omahane,2026-02-24,Tuesday,58.0,2026-02-24T17:44:06
papillionne,papillionne,2026-02-24,Tuesday,23.0,2026-02-24T16:43:42
howell-nj,howell-nj,2026-02-24,Tuesday,17.5,2026-02-24T23:50:08
pomptonplainsnj,pomptonplainsnj,2026-02-24,Tuesday,67.0,2026-02-24T23:50:08
princetonnj,princetonnj,2026-02-24,Tuesday,42.0,2026-02-24T14:37:53
toms-river-nj,toms-river-nj,2026-02-24,Tuesday,0.0,2026-02-24T02:52:42
lascruces-nm,lascruces-nm,2026-02-24,Tuesday,16.5,2026-02-24T21:28:23
hendersonnv,hendersonnv,2026-02-24,Tuesday,27.5,2026-02-24T20:04:27
mesquitenv,mesquitenv,2026-02-24,Tuesday,20.5,2026-02-24T10:28:25
southsummerlinnv,southsummerlinnv,2026-02-24,Tuesday,35.0,2026-02-24T23:50:08
summerlinlasvegasnv,summerlinlasvegasnv,2026-02-24,Tuesday,27.5,2026-02-24T21:28:23
bethpage-ny,bethpage-ny,2026-02-24,Tuesday,70.0,2026-02-24T17:44:06
fivetowns-ny,fivetowns-ny,2026-02-24,Tuesday,23.0,2026-02-24T12:00:20
brunswickoh,brunswickoh,2026-02-24,Tuesday,44.0,2026-02-24T19:39:22
chardonoh,chardonoh,2026-02-24,Tuesday,28.0,2026-02-24T22:01:18
columbus-upper-arlington-oh,columbus-upper-arlington-oh,2026-02-24,Tuesday,39.0,2026-02-24T22:47:24
dayton-oh-centerville,dayton-oh-centerville,2026-02-24,Tuesday,0.0,2026-02-24T02:52:42
north-canton-oh,north-canton-oh,2026-02-24,Tuesday,41.0,2026-02-24T16:43:42
woosteroh,woosteroh,2026-02-24,Tuesday,42.5,2026-02-24T10:28:25
jenks-ok,jenks-ok,2026-02-24,Tuesday,22.5,2026-02-24T23:17:19
tulsa-ok-southern-hills,tulsa-ok-southern-hills,2026-02-24,Tuesday,20.0,2026-02-24T21:28:23
clackamas-or,clackamas-or,2026-02-24,Tuesday,28.5,2026-02-24T22:01:18
eugeneor,eugeneor,2026-02-24,Tuesday,56.5,2026-02-24T18:39:54
salem-keizer-or,salem-keizer-or,2026-02-24,Tuesday,41.5,2026-02-24T09:30:23
sherwoodor,sherwoodor,2026-02-24,Tuesday,29.0,2026-02-24T23:17:19
paoli-pa,paoli-pa,2026-02-24,Tuesday,40.5,2026-02-24T23:17:19
pittsburgh-pa-west-hills,pittsburgh-pa-west-hills,2026-02-24,Tuesday,0.0,2026-02-24T02:52:42
yardley-pa,yardley-pa,2026-02-24,Tuesday,34.5,2026-02-24T19:39:22
york-pa,york-pa,2026-02-24,Tuesday,53.5,2026-02-24T20:52:47
aikensc,aikensc,2026-02-24,Tuesday,38.5,2026-02-24T23:17:19
spartanburgsc,spartanburgsc,2026-02-24,Tuesday,26.5,2026-02-24T21:28:23
sioux-falls-sd-south,sioux-falls-sd-south,2026-02-24,Tuesday,34.5,2026-02-24T22:47:24
chattanoogatn,chattanoogatn,2026-02-24,Tuesday,32.0,2026-02-24T19:39:22
clarksvilletn,clarksvilletn,2026-02-24,Tuesday,57.5,2026-02-24T22:47:24
cleveland-tn,cleveland-tn,2026-02-24,Tuesday,0.0,2026-02-24T02:52:42
franklintn,franklintn,2026-02-24,Tuesday,38.5,2026-02-24T22:01:18
knoxvilletn,knoxvilletn,2026-02-24,Tuesday,55.0,2026-02-24T22:47:24
memphis-tn-collierville,memphis-tn-collierville,2026-02-24,Tuesday,27.0,2026-02-24T23:50:08
mt-juliet-tn,mt-juliet-tn,2026-02-24,Tuesday,22.0,2026-02-24T22:47:24
nashville-bellevue-tn,nashville-bellevue-tn,2026-02-24,Tuesday,17.5,2026-02-24T23:17:19
spring-hill-tn-north,spring-hill-tn-north,2026-02-24,Tuesday,33.5,2026-02-24T22:47:24
aledo-willow-park-tx,aledo-willow-park-tx,2026-02-24,Tuesday,0.0,2026-02-24T02:52:42
allen-tx,allen-tx,2026-02-24,Tuesday,0.0,2026-02-24T02:52:42
amarillo-tx,amarillo-tx,2026-02-24,Tuesday,0.0,2026-02-24T02:52:42
arlington-tx-south,arlington-tx-south,2026-02-24,Tuesday,0.0,2026-02-24T02:52:42
houston-atascocita-tx,houston-atascocita-tx,2026-02-24,Tuesday,31.5,2026-02-24T23:17:19
eastaustintx,eastaustintx,2026-02-24,Tuesday,36.5,2026-02-24T20:52:47
southwestaustintx,southwestaustintx,2026-02-24,Tuesday,24.0,2026-02-24T22:01:18
austin-tx-westlake,austin-tx-westlake,2026-02-24,Tuesday,0.0,2026-02-24T02:52:42
cedar-park-tx-lakeline,cedar-park-tx-lakeline,2026-02-24,Tuesday,0.0,2026-02-24T02:52:42
colleyville-tx,colleyville-tx,2026-02-24,Tuesday,30.0,2026-02-24T23:17:19
denton-tx,denton-tx,2026-02-24,Tuesday,26.5,2026-02-24T23:17:19
flowermoundtx,flowermoundtx,2026-02-24,Tuesday,50.0,2026-02-24T21:28:23
fulshear-tx,fulshear-tx,2026-02-24,Tuesday,0.0,2026-02-24T02:52:42
granburytx,granburytx,2026-02-24,Tuesday,7.0,2026-02-24T21:28:23
grand-prairie-tx,grand-prairie-tx,2026-02-24,Tuesday,19.5,2026-02-24T23:50:08
houstonheightstx,houstonheightstx,2026-02-24,Tuesday,39.0,2026-02-24T14:37:53
houston-memorial-tx,houston-memorial-tx,2026-02-24,Tuesday,40.0,2026-02-24T19:39:22
katy-tx,katy-tx,2026-02-24,Tuesday,32.0,2026-02-24T22:01:18
kellertx,kellertx,2026-02-24,Tuesday,26.0,2026-02-24T23:50:08
lubbock-tx,lubbock-tx,2026-02-24,Tuesday,44.0,2026-02-24T22:47:24
woodlands-houston-tx,woodlands-houston-tx,2026-02-24,Tuesday,31.0,2026-02-24T22:47:24
mckinney-tx,mckinney-tx,2026-02-24,Tuesday,12.5,2026-02-24T23:50:08
midlandtx,midlandtx,2026-02-24,Tuesday,55.0,2026-02-24T17:44:06
east-odessa-tx,east-odessa-tx,2026-02-24,Tuesday,0.0,2026-02-24T02:52:42
planowesttx,planowesttx,2026-02-24,Tuesday,22.5,2026-02-24T22:47:24
round-rock-tx,round-rock-tx,2026-02-24,Tuesday,0.0,2026-02-24T02:52:42
shenandoah-tx,shenandoah-tx,2026-02-24,Tuesday,0.0,2026-02-24T02:52:42
sherman-tx,sherman-tx,2026-02-24,Tuesday,32.0,2026-02-24T23:17:19
spring-tx,spring-tx,2026-02-24,Tuesday,20.5,2026-02-24T19:39:22
tomball-tx,tomball-tx,2026-02-24,Tuesday,0.0,2026-02-24T02:52:42
tylersouthtx,tylersouthtx,2026-02-24,Tuesday,33.0,2026-02-24T22:47:24
wichita-falls-tx-fairway,wichita-falls-tx-fairway,2026-02-24,Tuesday,0.0,2026-02-24T02:52:42
americanforkut,americanforkut,2026-02-24,Tuesday,46.5,2026-02-24T22:47:24
cedarcity,cedarcity,2026-02-24,Tuesday,43.5,2026-02-24T20:52:47
layton-ut,layton-ut,2026-02-24,Tuesday,38.0,2026-02-24T20:04:27
lehiut,lehiut,2026-02-24,Tuesday,39.0,2026-02-24T04:48:04
millcreekut,millcreekut,2026-02-24,Tuesday,16.0,2026-02-24T04:48:04
murrayut,murrayut,2026-02-24,Tuesday,36.5,2026-02-24T22:47:24
ogden-pleasant-view-ut,ogden-pleasant-view-ut,2026-02-24,Tuesday,34.5,2026-02-24T22:47:24
ogden-riverdale-ut,ogden-riverdale-ut,2026-02-24,Tuesday,21.5,2026-02-24T23:50:08
orem-ut,orem-ut,2026-02-24,Tuesday,37.0,2026-02-24T21:28:23
richfield,richfield,2026-02-24,Tuesday,15.5,2026-02-24T22:47:24
sandyut,sandyut,2026-02-24,Tuesday,39.5,2026-02-24T23:17:19
spanishforkut,spanishforkut,2026-02-24,Tuesday,28.0,2026-02-24T20:52:47
stgeorgeut,stgeorgeut,2026-02-24,Tuesday,21.0,2026-02-24T22:01:18
st-george-ut-river-rd,st-george-ut-river-rd,2026-02-24,Tuesday,22.0,2026-02-24T23:50:08
st-george-ut-sunset,st-george-ut-sunset,2026-02-24,Tuesday,18.0,2026-02-24T22:47:24
lynchburg-va,lynchburg-va,2026-02-24,Tuesday,19.0,2026-02-24T17:44:06
midlothian-va,midlothian-va,2026-02-24,Tuesday,0.0,2026-02-24T02:52:42
virginia-beach-va-courthouse,virginia-beach-va-courthouse,2026-02-24,Tuesday,0.0,2026-02-24T02:52:42
hudson-wi,hudson-wi,2026-02-24,Tuesday,0.0,2026-02-24T02:52:42
birminghamal,birminghamal,2026-02-25,Wednesday,24.5,2026-02-25T20:52:32
huntsville-al-research-park,huntsville-al-research-park,2026-02-25,Wednesday,17.5,2026-02-25T21:59:35
fayetteville-ar,fayetteville-ar,2026-02-25,Wednesday,32.5,2026-02-25T23:47:13
anthem-az,anthem-az,2026-02-25,Wednesday,0.0,2026-02-25T01:01:20
chandleraz,chandleraz,2026-02-25,Wednesday,15.5,2026-02-25T18:38:27
southchandleraz,southchandleraz,2026-02-25,Wednesday,11.0,2026-02-25T22:45:13
gilbertaz,gilbertaz,2026-02-25,Wednesday,40.0,2026-02-25T23:16:29
glendaleaz,glendaleaz,2026-02-25,Wednesday,39.0,2026-02-25T17:32:31
goodyear-az,goodyear-az,2026-02-25,Wednesday,0.0,2026-02-25T01:01:20
lake-havasu-city-az,lake-havasu-city-az,2026-02-25,Wednesday,0.0,2026-02-25T01:01:20
mesa-az-east,mesa-az-east,2026-02-25,Wednesday,3.0,2026-02-25T20:04:38
paradise-valley-az,paradise-valley-az,2026-02-25,Wednesday,23.5,2026-02-25T20:52:32
glendale-az-peoria,glendale-az-peoria,2026-02-25,Wednesday,30.0,2026-02-25T21:59:35
scottsdaleaz,scottsdaleaz,2026-02-25,Wednesday,52.0,2026-02-25T23:47:13
scottsdale-az-north,scottsdale-az-north,2026-02-25,Wednesday,0.0,2026-02-25T01:01:20
surpriseaz,surpriseaz,2026-02-25,Wednesday,15.0,2026-02-25T21:29:53
talkingstickaz,talkingstickaz,2026-02-25,Wednesday,0.0,2026-02-25T01:01:20
tempeaz,tempeaz,2026-02-25,Wednesday,17.0,2026-02-25T20:52:32
carlsbadca,carlsbadca,2026-02-25,Wednesday,21.5,2026-02-25T23:16:29
rancho-mirage-ca,rancho-mirage-ca,2026-02-25,Wednesday,0.0,2026-02-25T01:01:20
fort-collins-timnath-co,fort-collins-timnath-co,2026-02-25,Wednesday,0.0,2026-02-25T01:01:20
invernessco,invernessco,2026-02-25,Wednesday,26.5,2026-02-25T22:45:13
littleton-co,littleton-co,2026-02-25,Wednesday,21.5,2026-02-25T22:45:13
loveland-co-johnstown,loveland-co-johnstown,2026-02-25,Wednesday,0.0,2026-02-25T01:01:20
colorado-springs-northgate,colorado-springs-northgate,2026-02-25,Wednesday,34.0,2026-02-25T23:47:13
pueblowestco,pueblowestco,2026-02-25,Wednesday,25.5,2026-02-25T23:16:29
westminster-co,westminster-co,2026-02-25,Wednesday,3.0,2026-02-25T23:47:13
wilmingtonde,wilmingtonde,2026-02-25,Wednesday,57.0,2026-02-25T18:38:27
boca-raton-fl-west,boca-raton-fl-west,2026-02-25,Wednesday,3.0,2026-02-25T22:45:13
bradentonfl,bradentonfl,2026-02-25,Wednesday,22.0,2026-02-25T22:45:13
jacksonvillebeachfl,jacksonvillebeachfl,2026-02-25,Wednesday,15.0,2026-02-25T20:52:32
miramarbeach,miramarbeach,2026-02-25,Wednesday,61.0,2026-02-25T21:59:35
naplesfl,naplesfl,2026-02-25,Wednesday,19.0,2026-02-25T21:59:35
naples-fl-north,naples-fl-north,2026-02-25,Wednesday,12.0,2026-02-25T22:45:13
orlando-fl-waterford-lakes,orlando-fl-waterford-lakes,2026-02-25,Wednesday,0.0,2026-02-25T01:01:20
panama-city-beach-fl,panama-city-beach-fl,2026-02-25,Wednesday,0.0,2026-02-25T01:01:20
ponte-vedra-fl,ponte-vedra-fl,2026-02-25,Wednesday,26.5,2026-02-25T23:16:29
port-charlotte-fl,port-charlotte-fl,2026-02-25,Wednesday,22.5,2026-02-25T23:16:29
spring-hill-fl,spring-hill-fl,2026-02-25,Wednesday,36.5,2026-02-25T20:52:32
st-augustine-fl,st-augustine-fl,2026-02-25,Wednesday,0.0,2026-02-25T01:01:20
oldsmarfl,oldsmarfl,2026-02-25,Wednesday,38.5,2026-02-25T20:04:38
alpharetta-ga,alpharetta-ga,2026-02-25,Wednesday,9.5,2026-02-25T22:45:13
westmidtownga,westmidtownga,2026-02-25,Wednesday,21.5,2026-02-25T18:38:27
augustaga,augustaga,2026-02-25,Wednesday,32.5,2026-02-25T23:16:29
braseltonga,braseltonga,2026-02-25,Wednesday,38.5,2026-02-25T22:45:13
dacula-ga,dacula-ga,2026-02-25,Wednesday,19.0,2026-02-25T23:47:13
mcdonoughga,mcdonoughga,2026-02-25,Wednesday,5.0,2026-02-25T19:38:41
roswell-ga,roswell-ga,2026-02-25,Wednesday,0.0,2026-02-25T01:01:20
suwanee-ga,suwanee-ga,2026-02-25,Wednesday,0.0,2026-02-25T01:01:20
warnerrobinsga,warnerrobinsga,2026-02-25,Wednesday,25.0,2026-02-25T17:32:31
woodstock-ga,woodstock-ga,2026-02-25,Wednesday,0.0,2026-02-25T01:01:20
cedar-rapids-ia,cedar-rapids-ia,2026-02-25,Wednesday,0.0,2026-02-25T01:01:20
ankeny-ia,ankeny-ia,2026-02-25,Wednesday,26.0,2026-02-25T22:45:13
des-moines-ia-downtown,des-moines-ia-downtown,2026-02-25,Wednesday,6.5,2026-02-25T23:47:13
des-moines-waukee-ia,des-moines-waukee-ia,2026-02-25,Wednesday,22.5,2026-02-25T23:16:29
boise-id,boise-id,2026-02-25,Wednesday,38.5,2026-02-25T19:38:41
meridian-id,meridian-id,2026-02-25,Wednesday,37.5,2026-02-25T16:20:08
carmelin,carmelin,2026-02-25,Wednesday,40.0,2026-02-25T19:38:41
evansville-in-east,evansville-in-east,2026-02-25,Wednesday,0.0,2026-02-25T01:01:20
fishers-in,fishers-in,2026-02-25,Wednesday,41.5,2026-02-25T21:29:53
kansas-city-leawood,kansas-city-leawood,2026-02-25,Wednesday,23.5,2026-02-25T21:59:35
overlandparkks,overlandparkks,2026-02-25,Wednesday,34.0,2026-02-25T20:52:32
ascension-la,ascension-la,2026-02-25,Wednesday,25.5,2026-02-25T01:01:20
baton-rouge-st-george,baton-rouge-st-george,2026-02-25,Wednesday,20.5,2026-02-25T21:29:53
shreveport-la-south,shreveport-la-south,2026-02-25,Wednesday,22.5,2026-02-25T22:45:13
monroe-la-west,monroe-la-west,2026-02-25,Wednesday,0.0,2026-02-25T01:01:20
maynardma,maynardma,2026-02-25,Wednesday,44.0,2026-02-25T22:45:13
southborough-ma,southborough-ma,2026-02-25,Wednesday,52.0,2026-02-25T19:38:41
crofton-md,crofton-md,2026-02-25,Wednesday,50.5,2026-02-25T21:59:35
towson-baltimore-md,towson-baltimore-md,2026-02-25,Wednesday,42.0,2026-02-25T21:29:53
white-marsh-baltimore-md,white-marsh-baltimore-md,2026-02-25,Wednesday,33.0,2026-02-25T21:59:35
clarkstonmi,clarkstonmi,2026-02-25,Wednesday,26.0,2026-02-25T18:38:27
farmington-mi,farmington-mi,2026-02-25,Wednesday,37.5,2026-02-25T23:47:13
grand-blanc-mi,grand-blanc-mi,2026-02-25,Wednesday,33.5,2026-02-25T23:16:29
jackson-mi,jackson-mi,2026-02-25,Wednesday,0.0,2026-02-25T01:01:20
lansing-mi,lansing-mi,2026-02-25,Wednesday,37.0,2026-02-25T19:38:41
livonia-mi,livonia-mi,2026-02-25,Wednesday,36.5,2026-02-25T17:32:31
novi-mi,novi-mi,2026-02-25,Wednesday,9.0,2026-02-25T22:45:13
rochester-hills-mi,rochester-hills-mi,2026-02-25,Wednesday,29.0,2026-02-25T21:59:35
troy-mi,troy-mi,2026-02-25,Wednesday,29.5,2026-02-25T22:45:13
west-bloomfield-mi,west-bloomfield-mi,2026-02-25,Wednesday,2.0,2026-02-25T01:01:20
st-louis-crestwood-mo,st-louis-crestwood-mo,2026-02-25,Wednesday,16.0,2026-02-25T05:15:21
liberty-mo,liberty-mo,2026-02-25,Wednesday,21.5,2026-02-25T21:29:53
rollamo,rollamo,2026-02-25,Wednesday,12.0,2026-02-25T22:45:13
bozemanmt,bozemanmt,2026-02-25,Wednesday,49.0,2026-02-25T23:47:13
chapel-hill-nc,chapel-hill-nc,2026-02-25,Wednesday,33.5,2026-02-25T21:29:53
raleigh-nc-north,raleigh-nc-north,2026-02-25,Wednesday,25.0,2026-02-25T22:45:13
lincoln-ne-south,lincoln-ne-south,2026-02-25,Wednesday,37.5,2026-02-25T21:29:53
omahane,omahane,2026-02-25,Wednesday,55.0,2026-02-25T21:59:35
papillionne,papillionne,2026-02-25,Wednesday,25.0,2026-02-25T16:20:08
howell-nj,howell-nj,2026-02-25,Wednesday,16.0,2026-02-25T22:45:13
pomptonplainsnj,pomptonplainsnj,2026-02-25,Wednesday,63.5,2026-02-25T20:04:38
princetonnj,princetonnj,2026-02-25,Wednesday,44.5,2026-02-25T16:20:08
toms-river-nj,toms-river-nj,2026-02-25,Wednesday,0.0,2026-02-25T01:01:20
lascruces-nm,lascruces-nm,2026-02-25,Wednesday,20.5,2026-02-25T19:38:41
hendersonnv,hendersonnv,2026-02-25,Wednesday,31.0,2026-02-25T19:38:41
mesquitenv,mesquitenv,2026-02-25,Wednesday,20.0,2026-02-25T21:29:53
southsummerlinnv,southsummerlinnv,2026-02-25,Wednesday,29.0,2026-02-25T20:04:38
summerlinlasvegasnv,summerlinlasvegasnv,2026-02-25,Wednesday,22.0,2026-02-25T20:52:32
bethpage-ny,bethpage-ny,2026-02-25,Wednesday,61.5,2026-02-25T09:06:56
fivetowns-ny,fivetowns-ny,2026-02-25,Wednesday,28.5,2026-02-25T20:52:32
brunswickoh,brunswickoh,2026-02-25,Wednesday,48.0,2026-02-25T05:15:21
chardonoh,chardonoh,2026-02-25,Wednesday,35.0,2026-02-25T19:38:41
columbus-upper-arlington-oh,columbus-upper-arlington-oh,2026-02-25,Wednesday,25.5,2026-02-25T17:32:31
dayton-oh-centerville,dayton-oh-centerville,2026-02-25,Wednesday,0.0,2026-02-25T01:01:20
north-canton-oh,north-canton-oh,2026-02-25,Wednesday,44.0,2026-02-25T15:09:51
woosteroh,woosteroh,2026-02-25,Wednesday,36.5,2026-02-25T23:47:13
jenks-ok,jenks-ok,2026-02-25,Wednesday,17.0,2026-02-25T20:52:32
tulsa-ok-southern-hills,tulsa-ok-southern-hills,2026-02-25,Wednesday,14.5,2026-02-25T19:38:41
clackamas-or,clackamas-or,2026-02-25,Wednesday,26.5,2026-02-25T23:16:29
eugeneor,eugeneor,2026-02-25,Wednesday,55.0,2026-02-25T06:18:09
salem-keizer-or,salem-keizer-or,2026-02-25,Wednesday,34.5,2026-02-25T17:32:31
sherwoodor,sherwoodor,2026-02-25,Wednesday,26.5,2026-02-25T21:29:53
paoli-pa,paoli-pa,2026-02-25,Wednesday,41.0,2026-02-25T19:38:41
pittsburgh-pa-west-hills,pittsburgh-pa-west-hills,2026-02-25,Wednesday,0.0,2026-02-25T01:01:20
yardley-pa,yardley-pa,2026-02-25,Wednesday,41.5,2026-02-25T21:29:53
york-pa,york-pa,2026-02-25,Wednesday,60.0,2026-02-25T18:38:27
aikensc,aikensc,2026-02-25,Wednesday,36.5,2026-02-25T22:45:13
spartanburgsc,spartanburgsc,2026-02-25,Wednesday,29.0,2026-02-25T21:29:53
sioux-falls-sd-south,sioux-falls-sd-south,2026-02-25,Wednesday,29.5,2026-02-25T05:15:21
chattanoogatn,chattanoogatn,2026-02-25,Wednesday,29.0,2026-02-25T18:38:27
clarksvilletn,clarksvilletn,2026-02-25,Wednesday,37.0,2026-02-25T16:20:08
cleveland-tn,cleveland-tn,2026-02-25,Wednesday,0.0,2026-02-25T01:01:20
franklintn,franklintn,2026-02-25,Wednesday,43.5,2026-02-25T23:16:29
knoxvilletn,knoxvilletn,2026-02-25,Wednesday,63.0,2026-02-25T23:16:29
memphis-tn-collierville,memphis-tn-collierville,2026-02-25,Wednesday,22.0,2026-02-25T22:45:13
mt-juliet-tn,mt-juliet-tn,2026-02-25,Wednesday,27.5,2026-02-25T17:32:31
nashville-bellevue-tn,nashville-bellevue-tn,2026-02-25,Wednesday,4.0,2026-02-25T21:59:35
spring-hill-tn-north,spring-hill-tn-north,2026-02-25,Wednesday,24.0,2026-02-25T21:29:53
aledo-willow-park-tx,aledo-willow-park-tx,2026-02-25,Wednesday,0.0,2026-02-25T01:01:20
allen-tx,allen-tx,2026-02-25,Wednesday,6.0,2026-02-25T21:59:35
amarillo-tx,amarillo-tx,2026-02-25,Wednesday,0.0,2026-02-25T01:01:20
arlington-tx-south,arlington-tx-south,2026-02-25,Wednesday,0.0,2026-02-25T01:01:20
houston-atascocita-tx,houston-atascocita-tx,2026-02-25,Wednesday,28.5,2026-02-25T23:16:29
eastaustintx,eastaustintx,2026-02-25,Wednesday,29.5,2026-02-25T22:45:13
southwestaustintx,southwestaustintx,2026-02-25,Wednesday,26.0,2026-02-25T22:45:13
austin-tx-westlake,austin-tx-westlake,2026-02-25,Wednesday,0.0,2026-02-25T01:01:20
cedar-park-tx-lakeline,cedar-park-tx-lakeline,2026-02-25,Wednesday,0.0,2026-02-25T01:01:20
colleyville-tx,colleyville-tx,2026-02-25,Wednesday,17.0,2026-02-25T23:47:13
denton-tx,denton-tx,2026-02-25,Wednesday,17.0,2026-02-25T22:45:13
flowermoundtx,flowermoundtx,2026-02-25,Wednesday,42.5,2026-02-25T19:38:41
fulshear-tx,fulshear-tx,2026-02-25,Wednesday,0.0,2026-02-25T01:01:20
granburytx,granburytx,2026-02-25,Wednesday,5.0,2026-02-25T20:52:32
grand-prairie-tx,grand-prairie-tx,2026-02-25,Wednesday,14.0,2026-02-25T18:38:27
houstonheightstx,houstonheightstx,2026-02-25,Wednesday,46.5,2026-02-25T11:08:50
houston-memorial-tx,houston-memorial-tx,2026-02-25,Wednesday,37.0,2026-02-25T18:38:27
katy-tx,katy-tx,2026-02-25,Wednesday,38.5,2026-02-25T23:16:29
kellertx,kellertx,2026-02-25,Wednesday,20.5,2026-02-25T22:45:13
lubbock-tx,lubbock-tx,2026-02-25,Wednesday,37.5,2026-02-25T22:45:13
woodlands-houston-tx,woodlands-houston-tx,2026-02-25,Wednesday,30.5,2026-02-25T21:59:35
mckinney-tx,mckinney-tx,2026-02-25,Wednesday,9.5,2026-02-25T21:29:53
midlandtx,midlandtx,2026-02-25,Wednesday,49.0,2026-02-25T17:32:31
east-odessa-tx,east-odessa-tx,2026-02-25,Wednesday,0.0,2026-02-25T01:01:20
planowesttx,planowesttx,2026-02-25,Wednesday,25.5,2026-02-25T21:59:35
round-rock-tx,round-rock-tx,2026-02-25,Wednesday,0.0,2026-02-25T01:01:20
shenandoah-tx,shenandoah-tx,2026-02-25,Wednesday,2.0,2026-02-25T01:01:20
sherman-tx,sherman-tx,2026-02-25,Wednesday,22.5,2026-02-25T23:47:13
spring-tx,spring-tx,2026-02-25,Wednesday,16.5,2026-02-25T23:47:13
tomball-tx,tomball-tx,2026-02-25,Wednesday,0.0,2026-02-25T01:01:20
tylersouthtx,tylersouthtx,2026-02-25,Wednesday,47.5,2026-02-25T19:38:41
wichita-falls-tx-fairway,wichita-falls-tx-fairway,2026-02-25,Wednesday,0.0,2026-02-25T01:01:20
americanforkut,americanforkut,2026-02-25,Wednesday,50.5,2026-02-25T17:32:31
cedarcity,cedarcity,2026-02-25,Wednesday,36.0,2026-02-25T16:20:08
layton-ut,layton-ut,2026-02-25,Wednesday,28.5,2026-02-25T21:29:53
lehiut,lehiut,2026-02-25,Wednesday,48.0,2026-02-25T19:38:41
millcreekut,millcreekut,2026-02-25,Wednesday,16.5,2026-02-25T22:45:13
murrayut,murrayut,2026-02-25,Wednesday,15.0,2026-02-25T21:29:53
ogden-pleasant-view-ut,ogden-pleasant-view-ut,2026-02-25,Wednesday,35.0,2026-02-25T18:38:27
ogden-riverdale-ut,ogden-riverdale-ut,2026-02-25,Wednesday,21.0,2026-02-25T16:20:08
orem-ut,orem-ut,2026-02-25,Wednesday,41.5,2026-02-25T23:47:13
richfield,richfield,2026-02-25,Wednesday,8.5,2026-02-25T21:59:35
sandyut,sandyut,2026-02-25,Wednesday,40.5,2026-02-25T21:29:53
spanishforkut,spanishforkut,2026-02-25,Wednesday,34.5,2026-02-25T23:16:29
stgeorgeut,stgeorgeut,2026-02-25,Wednesday,17.5,2026-02-25T23:16:29
st-george-ut-river-rd,st-george-ut-river-rd,2026-02-25,Wednesday,22.0,2026-02-25T22:45:13
st-george-ut-sunset,st-george-ut-sunset,2026-02-25,Wednesday,26.0,2026-02-25T23:47:13
lynchburg-va,lynchburg-va,2026-02-25,Wednesday,19.0,2026-02-25T20:52:32
midlothian-va,midlothian-va,2026-02-25,Wednesday,0.0,2026-02-25T01:01:20
virginia-beach-va-courthouse,virginia-beach-va-courthouse,2026-02-25,Wednesday,0.0,2026-02-25T01:01:20
hudson-wi,hudson-wi,2026-02-25,Wednesday,0.0,2026-02-25T01:01:20
birminghamal,birminghamal,2026-02-26,Thursday,34.5,2026-02-26T23:02:00
huntsville-al-research-park,huntsville-al-research-park,2026-02-26,Thursday,21.0,2026-02-26T21:24:00
fayetteville-ar,fayetteville-ar,2026-02-26,Thursday,25.0,2026-02-26T23:40:20
anthem-az,anthem-az,2026-02-26,Thursday,0.0,2026-02-26T00:53:26
chandleraz,chandleraz,2026-02-26,Thursday,12.0,2026-02-26T23:40:20
southchandleraz,southchandleraz,2026-02-26,Thursday,20.0,2026-02-26T23:40:20
gilbertaz,gilbertaz,2026-02-26,Thursday,45.0,2026-02-26T21:24:00
glendaleaz,glendaleaz,2026-02-26,Thursday,32.0,2026-02-26T23:02:00
goodyear-az,goodyear-az,2026-02-26,Thursday,0.0,2026-02-26T00:53:26
lake-havasu-city-az,lake-havasu-city-az,2026-02-26,Thursday,0.0,2026-02-26T00:53:26
mesa-az-east,mesa-az-east,2026-02-26,Thursday,9.0,2026-02-26T15:38:53
paradise-valley-az,paradise-valley-az,2026-02-26,Thursday,32.0,2026-02-26T23:40:20
glendale-az-peoria,glendale-az-peoria,2026-02-26,Thursday,18.0,2026-02-26T21:24:00
scottsdaleaz,scottsdaleaz,2026-02-26,Thursday,51.0,2026-02-26T23:40:20
scottsdale-az-north,scottsdale-az-north,2026-02-26,Thursday,0.0,2026-02-26T00:53:26
surpriseaz,surpriseaz,2026-02-26,Thursday,24.0,2026-02-26T21:24:00
talkingstickaz,talkingstickaz,2026-02-26,Thursday,0.0,2026-02-26T00:53:26
tempeaz,tempeaz,2026-02-26,Thursday,14.0,2026-02-26T23:40:20
carlsbadca,carlsbadca,2026-02-26,Thursday,28.0,2026-02-26T23:40:20
rancho-mirage-ca,rancho-mirage-ca,2026-02-26,Thursday,0.0,2026-02-26T00:53:26
fort-collins-timnath-co,fort-collins-timnath-co,2026-02-26,Thursday,1.0,2026-02-26T00:53:26
invernessco,invernessco,2026-02-26,Thursday,29.5,2026-02-26T23:02:00
littleton-co,littleton-co,2026-02-26,Thursday,23.5,2026-02-26T17:44:25
loveland-co-johnstown,loveland-co-johnstown,2026-02-26,Thursday,0.0,2026-02-26T00:53:26
colorado-springs-northgate,colorado-springs-northgate,2026-02-26,Thursday,39.5,2026-02-26T19:27:54
pueblowestco,pueblowestco,2026-02-26,Thursday,27.0,2026-02-26T23:02:00
westminster-co,westminster-co,2026-02-26,Thursday,8.0,2026-02-26T19:27:54
wilmingtonde,wilmingtonde,2026-02-26,Thursday,53.0,2026-02-26T22:28:57
boca-raton-fl-west,boca-raton-fl-west,2026-02-26,Thursday,3.5,2026-02-26T23:40:20
bradentonfl,bradentonfl,2026-02-26,Thursday,20.0,2026-02-26T21:53:19
jacksonvillebeachfl,jacksonvillebeachfl,2026-02-26,Thursday,25.5,2026-02-26T21:24:00
miramarbeach,miramarbeach,2026-02-26,Thursday,59.5,2026-02-26T21:53:19
naplesfl,naplesfl,2026-02-26,Thursday,21.0,2026-02-26T22:28:57
naples-fl-north,naples-fl-north,2026-02-26,Thursday,9.5,2026-02-26T20:02:08
orlando-fl-waterford-lakes,orlando-fl-waterford-lakes,2026-02-26,Thursday,0.0,2026-02-26T00:53:26
panama-city-beach-fl,panama-city-beach-fl,2026-02-26,Thursday,0.0,2026-02-26T00:53:26
ponte-vedra-fl,ponte-vedra-fl,2026-02-26,Thursday,9.0,2026-02-26T20:02:08
port-charlotte-fl,port-charlotte-fl,2026-02-26,Thursday,21.5,2026-02-26T22:28:57
spring-hill-fl,spring-hill-fl,2026-02-26,Thursday,33.5,2026-02-26T20:51:22
st-augustine-fl,st-augustine-fl,2026-02-26,Thursday,0.0,2026-02-26T00:53:26
oldsmarfl,oldsmarfl,2026-02-26,Thursday,38.0,2026-02-26T13:52:58
alpharetta-ga,alpharetta-ga,2026-02-26,Thursday,22.5,2026-02-26T21:53:19
westmidtownga,westmidtownga,2026-02-26,Thursday,38.5,2026-02-26T16:38:21
augustaga,augustaga,2026-02-26,Thursday,39.0,2026-02-26T23:02:00
braseltonga,braseltonga,2026-02-26,Thursday,44.0,2026-02-26T20:51:22
dacula-ga,dacula-ga,2026-02-26,Thursday,23.5,2026-02-26T21:24:00
mcdonoughga,mcdonoughga,2026-02-26,Thursday,20.0,2026-02-26T23:40:20
roswell-ga,roswell-ga,2026-02-26,Thursday,0.0,2026-02-26T00:53:26
suwanee-ga,suwanee-ga,2026-02-26,Thursday,0.0,2026-02-26T00:53:26
warnerrobinsga,warnerrobinsga,2026-02-26,Thursday,37.0,2026-02-26T17:44:25
woodstock-ga,woodstock-ga,2026-02-26,Thursday,0.0,2026-02-26T00:53:26
cedar-rapids-ia,cedar-rapids-ia,2026-02-26,Thursday,0.0,2026-02-26T00:53:26
ankeny-ia,ankeny-ia,2026-02-26,Thursday,30.5,2026-02-26T20:51:22
des-moines-ia-downtown,des-moines-ia-downtown,2026-02-26,Thursday,9.5,2026-02-26T18:31:39
des-moines-waukee-ia,des-moines-waukee-ia,2026-02-26,Thursday,18.0,2026-02-26T23:40:20
boise-id,boise-id,2026-02-26,Thursday,39.0,2026-02-26T07:16:48
meridian-id,meridian-id,2026-02-26,Thursday,37.0,2026-02-26T00:53:26
carmelin,carmelin,2026-02-26,Thursday,37.5,2026-02-26T20:02:08
evansville-in-east,evansville-in-east,2026-02-26,Thursday,72.0,2026-02-26T03:30:51
fishers-in,fishers-in,2026-02-26,Thursday,49.0,2026-02-26T17:44:25
kansas-city-leawood,kansas-city-leawood,2026-02-26,Thursday,30.5,2026-02-26T19:27:54
overlandparkks,overlandparkks,2026-02-26,Thursday,30.0,2026-02-26T03:30:51
ascension-la,ascension-la,2026-02-26,Thursday,4.5,2026-02-26T23:40:20
baton-rouge-st-george,baton-rouge-st-george,2026-02-26,Thursday,11.0,2026-02-26T20:02:08
shreveport-la-south,shreveport-la-south,2026-02-26,Thursday,18.5,2026-02-26T20:51:22
monroe-la-west,monroe-la-west,2026-02-26,Thursday,0.0,2026-02-26T00:53:26
maynardma,maynardma,2026-02-26,Thursday,41.5,2026-02-26T20:51:22
southborough-ma,southborough-ma,2026-02-26,Thursday,53.5,2026-02-26T22:28:57
crofton-md,crofton-md,2026-02-26,Thursday,42.0,2026-02-26T21:24:00
towson-baltimore-md,towson-baltimore-md,2026-02-26,Thursday,43.5,2026-02-26T20:51:22
white-marsh-baltimore-md,white-marsh-baltimore-md,2026-02-26,Thursday,22.5,2026-02-26T22:28:57
clarkstonmi,clarkstonmi,2026-02-26,Thursday,30.5,2026-02-26T21:24:00
farmington-mi,farmington-mi,2026-02-26,Thursday,32.5,2026-02-26T23:02:00
grand-blanc-mi,grand-blanc-mi,2026-02-26,Thursday,32.0,2026-02-26T20:02:08
jackson-mi,jackson-mi,2026-02-26,Thursday,0.0,2026-02-26T00:53:26
lansing-mi,lansing-mi,2026-02-26,Thursday,50.0,2026-02-26T16:38:21
livonia-mi,livonia-mi,2026-02-26,Thursday,43.0,2026-02-26T15:38:53
novi-mi,novi-mi,2026-02-26,Thursday,10.0,2026-02-26T23:40:20
rochester-hills-mi,rochester-hills-mi,2026-02-26,Thursday,32.0,2026-02-26T20:02:08
troy-mi,troy-mi,2026-02-26,Thursday,52.5,2026-02-26T22:28:57
west-bloomfield-mi,west-bloomfield-mi,2026-02-26,Thursday,4.0,2026-02-26T17:44:25
st-louis-crestwood-mo,st-louis-crestwood-mo,2026-02-26,Thursday,23.5,2026-02-26T21:53:19
liberty-mo,liberty-mo,2026-02-26,Thursday,16.0,2026-02-26T23:40:20
rollamo,rollamo,2026-02-26,Thursday,19.5,2026-02-26T23:02:00
bozemanmt,bozemanmt,2026-02-26,Thursday,36.0,2026-02-26T21:53:19
chapel-hill-nc,chapel-hill-nc,2026-02-26,Thursday,25.5,2026-02-26T20:51:22
raleigh-nc-north,raleigh-nc-north,2026-02-26,Thursday,21.5,2026-02-26T23:02:00
lincoln-ne-south,lincoln-ne-south,2026-02-26,Thursday,35.5,2026-02-26T22:28:57
omahane,omahane,2026-02-26,Thursday,47.0,2026-02-26T22:28:57
papillionne,papillionne,2026-02-26,Thursday,27.5,2026-02-26T23:02:00
howell-nj,howell-nj,2026-02-26,Thursday,13.5,2026-02-26T22:28:57
pomptonplainsnj,pomptonplainsnj,2026-02-26,Thursday,65.5,2026-02-26T21:53:19
princetonnj,princetonnj,2026-02-26,Thursday,41.0,2026-02-26T17:44:25
toms-river-nj,toms-river-nj,2026-02-26,Thursday,0.0,2026-02-26T00:53:26
lascruces-nm,lascruces-nm,2026-02-26,Thursday,23.0,2026-02-26T23:02:00
hendersonnv,hendersonnv,2026-02-26,Thursday,37.0,2026-02-26T23:40:20
mesquitenv,mesquitenv,2026-02-26,Thursday,21.5,2026-02-26T11:00:57
southsummerlinnv,southsummerlinnv,2026-02-26,Thursday,34.0,2026-02-26T23:40:20
summerlinlasvegasnv,summerlinlasvegasnv,2026-02-26,Thursday,32.0,2026-02-26T19:27:54
bethpage-ny,bethpage-ny,2026-02-26,Thursday,68.0,2026-02-26T14:43:09
fivetowns-ny,fivetowns-ny,2026-02-26,Thursday,20.5,2026-02-26T19:27:54
brunswickoh,brunswickoh,2026-02-26,Thursday,49.0,2026-02-26T00:53:26
chardonoh,chardonoh,2026-02-26,Thursday,35.5,2026-02-26T23:02:00
columbus-upper-arlington-oh,columbus-upper-arlington-oh,2026-02-26,Thursday,28.5,2026-02-26T21:53:19
dayton-oh-centerville,dayton-oh-centerville,2026-02-26,Thursday,0.0,2026-02-26T00:53:26
north-canton-oh,north-canton-oh,2026-02-26,Thursday,41.5,2026-02-26T06:11:54
woosteroh,woosteroh,2026-02-26,Thursday,39.5,2026-02-26T19:27:54
jenks-ok,jenks-ok,2026-02-26,Thursday,13.0,2026-02-26T23:40:20
tulsa-ok-southern-hills,tulsa-ok-southern-hills,2026-02-26,Thursday,12.5,2026-02-26T20:02:08
clackamas-or,clackamas-or,2026-02-26,Thursday,26.5,2026-02-26T21:24:00
eugeneor,eugeneor,2026-02-26,Thursday,53.0,2026-02-26T19:27:54
salem-keizer-or,salem-keizer-or,2026-02-26,Thursday,29.5,2026-02-26T23:40:20
sherwoodor,sherwoodor,2026-02-26,Thursday,25.5,2026-02-26T22:28:57
paoli-pa,paoli-pa,2026-02-26,Thursday,36.5,2026-02-26T12:31:32
pittsburgh-pa-west-hills,pittsburgh-pa-west-hills,2026-02-26,Thursday,0.0,2026-02-26T00:53:26
yardley-pa,yardley-pa,2026-02-26,Thursday,43.5,2026-02-26T05:09:37
york-pa,york-pa,2026-02-26,Thursday,56.5,2026-02-26T17:44:25
aikensc,aikensc,2026-02-26,Thursday,49.5,2026-02-26T22:28:57
spartanburgsc,spartanburgsc,2026-02-26,Thursday,44.0,2026-02-26T23:40:20
sioux-falls-sd-south,sioux-falls-sd-south,2026-02-26,Thursday,38.0,2026-02-26T21:53:19
chattanoogatn,chattanoogatn,2026-02-26,Thursday,26.5,2026-02-26T00:53:26
clarksvilletn,clarksvilletn,2026-02-26,Thursday,57.0,2026-02-26T23:40:20
cleveland-tn,cleveland-tn,2026-02-26,Thursday,0.5,2026-02-26T00:53:26
franklintn,franklintn,2026-02-26,Thursday,38.0,2026-02-26T22:28:57
knoxvilletn,knoxvilletn,2026-02-26,Thursday,66.5,2026-02-26T23:40:20
memphis-tn-collierville,memphis-tn-collierville,2026-02-26,Thursday,15.0,2026-02-26T20:02:08
mt-juliet-tn,mt-juliet-tn,2026-02-26,Thursday,31.0,2026-02-26T21:24:00
nashville-bellevue-tn,nashville-bellevue-tn,2026-02-26,Thursday,3.0,2026-02-26T22:28:57
spring-hill-tn-north,spring-hill-tn-north,2026-02-26,Thursday,17.0,2026-02-26T20:02:08
aledo-willow-park-tx,aledo-willow-park-tx,2026-02-26,Thursday,0.0,2026-02-26T00:53:26
allen-tx,allen-tx,2026-02-26,Thursday,3.0,2026-02-26T17:44:25
amarillo-tx,amarillo-tx,2026-02-26,Thursday,0.0,2026-02-26T00:53:26
arlington-tx-south,arlington-tx-south,2026-02-26,Thursday,0.0,2026-02-26T00:53:26
houston-atascocita-tx,houston-atascocita-tx,2026-02-26,Thursday,37.5,2026-02-26T23:40:20
eastaustintx,eastaustintx,2026-02-26,Thursday,33.5,2026-02-26T20:51:22
southwestaustintx,southwestaustintx,2026-02-26,Thursday,10.0,2026-02-26T21:53:19
austin-tx-westlake,austin-tx-westlake,2026-02-26,Thursday,0.0,2026-02-26T00:53:26
cedar-park-tx-lakeline,cedar-park-tx-lakeline,2026-02-26,Thursday,0.0,2026-02-26T00:53:26
colleyville-tx,colleyville-tx,2026-02-26,Thursday,27.5,2026-02-26T21:53:19
denton-tx,denton-tx,2026-02-26,Thursday,11.0,2026-02-26T23:02:00
flowermoundtx,flowermoundtx,2026-02-26,Thursday,32.5,2026-02-26T23:40:20
fulshear-tx,fulshear-tx,2026-02-26,Thursday,0.0,2026-02-26T00:53:26
granburytx,granburytx,2026-02-26,Thursday,11.0,2026-02-26T23:02:00
grand-prairie-tx,grand-prairie-tx,2026-02-26,Thursday,24.0,2026-02-26T20:51:22
houstonheightstx,houstonheightstx,2026-02-26,Thursday,37.0,2026-02-26T23:02:00
houston-memorial-tx,houston-memorial-tx,2026-02-26,Thursday,40.0,2026-02-26T22:28:57
katy-tx,katy-tx,2026-02-26,Thursday,32.0,2026-02-26T20:02:08
kellertx,kellertx,2026-02-26,Thursday,22.0,2026-02-26T23:02:00
lubbock-tx,lubbock-tx,2026-02-26,Thursday,27.0,2026-02-26T23:40:20
woodlands-houston-tx,woodlands-houston-tx,2026-02-26,Thursday,36.5,2026-02-26T23:02:00
mckinney-tx,mckinney-tx,2026-02-26,Thursday,17.0,2026-02-26T22:28:57
midlandtx,midlandtx,2026-02-26,Thursday,41.5,2026-02-26T21:24:00
east-odessa-tx,east-odessa-tx,2026-02-26,Thursday,0.0,2026-02-26T00:53:26
planowesttx,planowesttx,2026-02-26,Thursday,26.0,2026-02-26T22:28:57
round-rock-tx,round-rock-tx,2026-02-26,Thursday,0.0,2026-02-26T00:53:26
shenandoah-tx,shenandoah-tx,2026-02-26,Thursday,2.0,2026-02-26T03:30:51
sherman-tx,sherman-tx,2026-02-26,Thursday,28.0,2026-02-26T21:24:00
spring-tx,spring-tx,2026-02-26,Thursday,17.5,2026-02-26T23:02:00
tomball-tx,tomball-tx,2026-02-26,Thursday,0.0,2026-02-26T00:53:26
tylersouthtx,tylersouthtx,2026-02-26,Thursday,40.0,2026-02-26T21:24:00
wichita-falls-tx-fairway,wichita-falls-tx-fairway,2026-02-26,Thursday,0.0,2026-02-26T00:53:26
americanforkut,americanforkut,2026-02-26,Thursday,43.5,2026-02-26T18:31:39
cedarcity,cedarcity,2026-02-26,Thursday,41.0,2026-02-26T19:27:54
layton-ut,layton-ut,2026-02-26,Thursday,30.5,2026-02-26T19:27:54
lehiut,lehiut,2026-02-26,Thursday,45.5,2026-02-26T19:27:54
millcreekut,millcreekut,2026-02-26,Thursday,16.0,2026-02-26T16:38:21
murrayut,murrayut,2026-02-26,Thursday,16.5,2026-02-26T19:27:54
ogden-pleasant-view-ut,ogden-pleasant-view-ut,2026-02-26,Thursday,34.5,2026-02-26T23:40:20
ogden-riverdale-ut,ogden-riverdale-ut,2026-02-26,Thursday,8.0,2026-02-26T20:51:22
orem-ut,orem-ut,2026-02-26,Thursday,36.0,2026-02-26T23:02:00
richfield,richfield,2026-02-26,Thursday,12.5,2026-02-26T23:02:00
sandyut,sandyut,2026-02-26,Thursday,35.5,2026-02-26T19:27:54
spanishforkut,spanishforkut,2026-02-26,Thursday,22.5,2026-02-26T23:02:00
stgeorgeut,stgeorgeut,2026-02-26,Thursday,17.0,2026-02-26T23:40:20
st-george-ut-river-rd,st-george-ut-river-rd,2026-02-26,Thursday,31.5,2026-02-26T18:31:39
st-george-ut-sunset,st-george-ut-sunset,2026-02-26,Thursday,14.5,2026-02-26T21:53:19
lynchburg-va,lynchburg-va,2026-02-26,Thursday,33.0,2026-02-26T22:28:57
midlothian-va,midlothian-va,2026-02-26,Thursday,0.0,2026-02-26T00:53:26
virginia-beach-va-courthouse,virginia-beach-va-courthouse,2026-02-26,Thursday,0.0,2026-02-26T00:53:26
hudson-wi,hudson-wi,2026-02-26,Thursday,0.0,2026-02-26T00:53:26
maumee-oh,maumee-oh,2026-02-26,Thursday,0.0,2026-02-26T23:40:20
birminghamal,birminghamal,2026-02-27,Friday,29.5,2026-02-27T19:46:40
huntsville-al-research-park,huntsville-al-research-park,2026-02-27,Friday,16.5,2026-02-27T23:49:13
fayetteville-ar,fayetteville-ar,2026-02-27,Friday,25.0,2026-02-27T15:04:24
anthem-az,anthem-az,2026-02-27,Friday,0.0,2026-02-27T00:00:24
chandleraz,chandleraz,2026-02-27,Friday,18.5,2026-02-27T22:35:39
southchandleraz,southchandleraz,2026-02-27,Friday,18.0,2026-02-27T23:28:06
gilbertaz,gilbertaz,2026-02-27,Friday,39.0,2026-02-27T23:49:13
glendaleaz,glendaleaz,2026-02-27,Friday,34.5,2026-02-27T20:46:31
goodyear-az,goodyear-az,2026-02-27,Friday,0.0,2026-02-27T00:00:24
lake-havasu-city-az,lake-havasu-city-az,2026-02-27,Friday,0.0,2026-02-27T00:00:24
mesa-az-east,mesa-az-east,2026-02-27,Friday,5.0,2026-02-27T23:28:06
paradise-valley-az,paradise-valley-az,2026-02-27,Friday,31.0,2026-02-27T22:55:57
glendale-az-peoria,glendale-az-peoria,2026-02-27,Friday,28.5,2026-02-27T23:28:06
scottsdaleaz,scottsdaleaz,2026-02-27,Friday,45.5,2026-02-27T19:46:40
scottsdale-az-north,scottsdale-az-north,2026-02-27,Friday,0.0,2026-02-27T00:00:24
surpriseaz,surpriseaz,2026-02-27,Friday,29.0,2026-02-27T23:28:06
talkingstickaz,talkingstickaz,2026-02-27,Friday,0.0,2026-02-27T00:00:24
tempeaz,tempeaz,2026-02-27,Friday,12.0,2026-02-27T22:00:30
carlsbadca,carlsbadca,2026-02-27,Friday,32.5,2026-02-27T23:49:13
rancho-mirage-ca,rancho-mirage-ca,2026-02-27,Friday,0.0,2026-02-27T00:00:24
fort-collins-timnath-co,fort-collins-timnath-co,2026-02-27,Friday,1.0,2026-02-27T00:00:24
invernessco,invernessco,2026-02-27,Friday,30.0,2026-02-27T15:04:24
littleton-co,littleton-co,2026-02-27,Friday,26.5,2026-02-27T22:55:57
loveland-co-johnstown,loveland-co-johnstown,2026-02-27,Friday,0.0,2026-02-27T00:00:24
colorado-springs-northgate,colorado-springs-northgate,2026-02-27,Friday,37.0,2026-02-27T22:55:57
pueblowestco,pueblowestco,2026-02-27,Friday,23.5,2026-02-27T21:14:29
westminster-co,westminster-co,2026-02-27,Friday,7.0,2026-02-27T16:24:21
wilmingtonde,wilmingtonde,2026-02-27,Friday,61.0,2026-02-27T22:55:57
boca-raton-fl-west,boca-raton-fl-west,2026-02-27,Friday,4.0,2026-02-27T18:23:32
bradentonfl,bradentonfl,2026-02-27,Friday,26.0,2026-02-27T23:49:13
jacksonvillebeachfl,jacksonvillebeachfl,2026-02-27,Friday,22.0,2026-02-27T21:45:49
miramarbeach,miramarbeach,2026-02-27,Friday,64.5,2026-02-27T23:28:06
naplesfl,naplesfl,2026-02-27,Friday,29.0,2026-02-27T22:35:39
naples-fl-north,naples-fl-north,2026-02-27,Friday,8.0,2026-02-27T22:55:57
orlando-fl-waterford-lakes,orlando-fl-waterford-lakes,2026-02-27,Friday,0.0,2026-02-27T00:00:24
panama-city-beach-fl,panama-city-beach-fl,2026-02-27,Friday,0.0,2026-02-27T00:00:24
ponte-vedra-fl,ponte-vedra-fl,2026-02-27,Friday,24.5,2026-02-27T22:00:30
port-charlotte-fl,port-charlotte-fl,2026-02-27,Friday,24.0,2026-02-27T20:14:48
spring-hill-fl,spring-hill-fl,2026-02-27,Friday,38.5,2026-02-27T23:28:06
st-augustine-fl,st-augustine-fl,2026-02-27,Friday,0.0,2026-02-27T00:00:24
oldsmarfl,oldsmarfl,2026-02-27,Friday,43.5,2026-02-27T21:45:49
alpharetta-ga,alpharetta-ga,2026-02-27,Friday,21.5,2026-02-27T23:49:13
westmidtownga,westmidtownga,2026-02-27,Friday,41.5,2026-02-27T19:46:40
augustaga,augustaga,2026-02-27,Friday,47.5,2026-02-27T11:07:06
braseltonga,braseltonga,2026-02-27,Friday,47.5,2026-02-27T19:08:23
dacula-ga,dacula-ga,2026-02-27,Friday,30.0,2026-02-27T22:35:39
mcdonoughga,mcdonoughga,2026-02-27,Friday,14.0,2026-02-27T21:14:29
roswell-ga,roswell-ga,2026-02-27,Friday,0.0,2026-02-27T00:00:24
suwanee-ga,suwanee-ga,2026-02-27,Friday,0.0,2026-02-27T00:00:24
warnerrobinsga,warnerrobinsga,2026-02-27,Friday,45.0,2026-02-27T19:08:23
woodstock-ga,woodstock-ga,2026-02-27,Friday,0.0,2026-02-27T00:00:24
cedar-rapids-ia,cedar-rapids-ia,2026-02-27,Friday,0.0,2026-02-27T00:00:24
ankeny-ia,ankeny-ia,2026-02-27,Friday,34.5,2026-02-27T20:14:48
des-moines-ia-downtown,des-moines-ia-downtown,2026-02-27,Friday,25.5,2026-02-27T21:14:29
des-moines-waukee-ia,des-moines-waukee-ia,2026-02-27,Friday,30.0,2026-02-27T23:49:13
boise-id,boise-id,2026-02-27,Friday,43.0,2026-02-27T19:46:40
meridian-id,meridian-id,2026-02-27,Friday,33.0,2026-02-27T23:28:06
carmelin,carmelin,2026-02-27,Friday,39.0,2026-02-27T13:37:35
evansville-in-east,evansville-in-east,2026-02-27,Friday,96.0,2026-02-27T00:00:24
fishers-in,fishers-in,2026-02-27,Friday,42.5,2026-02-27T17:50:06
kansas-city-leawood,kansas-city-leawood,2026-02-27,Friday,21.5,2026-02-27T21:45:49
overlandparkks,overlandparkks,2026-02-27,Friday,36.5,2026-02-27T15:50:02
ascension-la,ascension-la,2026-02-27,Friday,6.0,2026-02-27T19:46:40
baton-rouge-st-george,baton-rouge-st-george,2026-02-27,Friday,24.5,2026-02-27T22:55:57
shreveport-la-south,shreveport-la-south,2026-02-27,Friday,13.0,2026-02-27T17:50:06
monroe-la-west,monroe-la-west,2026-02-27,Friday,0.0,2026-02-27T00:00:24
maynardma,maynardma,2026-02-27,Friday,43.5,2026-02-27T21:45:49
southborough-ma,southborough-ma,2026-02-27,Friday,65.0,2026-02-27T22:35:39
crofton-md,crofton-md,2026-02-27,Friday,44.0,2026-02-27T22:35:39
towson-baltimore-md,towson-baltimore-md,2026-02-27,Friday,38.0,2026-02-27T17:03:14
white-marsh-baltimore-md,white-marsh-baltimore-md,2026-02-27,Friday,36.0,2026-02-27T21:45:49
clarkstonmi,clarkstonmi,2026-02-27,Friday,39.0,2026-02-27T14:23:33
farmington-mi,farmington-mi,2026-02-27,Friday,41.5,2026-02-27T19:08:23
grand-blanc-mi,grand-blanc-mi,2026-02-27,Friday,36.0,2026-02-27T20:46:31
jackson-mi,jackson-mi,2026-02-27,Friday,0.0,2026-02-27T00:00:24
lansing-mi,lansing-mi,2026-02-27,Friday,48.5,2026-02-27T22:55:57
livonia-mi,livonia-mi,2026-02-27,Friday,46.5,2026-02-27T15:04:24
novi-mi,novi-mi,2026-02-27,Friday,13.0,2026-02-27T21:45:49
rochester-hills-mi,rochester-hills-mi,2026-02-27,Friday,35.5,2026-02-27T21:14:29
troy-mi,troy-mi,2026-02-27,Friday,48.5,2026-02-27T19:08:23
west-bloomfield-mi,west-bloomfield-mi,2026-02-27,Friday,5.0,2026-02-27T16:24:21
st-louis-crestwood-mo,st-louis-crestwood-mo,2026-02-27,Friday,31.5,2026-02-27T15:04:24
liberty-mo,liberty-mo,2026-02-27,Friday,17.0,2026-02-27T20:14:48
rollamo,rollamo,2026-02-27,Friday,23.5,2026-02-27T17:50:06
bozemanmt,bozemanmt,2026-02-27,Friday,50.5,2026-02-27T21:45:49
chapel-hill-nc,chapel-hill-nc,2026-02-27,Friday,26.5,2026-02-27T23:49:13
raleigh-nc-north,raleigh-nc-north,2026-02-27,Friday,27.5,2026-02-27T20:14:48
lincoln-ne-south,lincoln-ne-south,2026-02-27,Friday,23.0,2026-02-27T20:46:31
omahane,omahane,2026-02-27,Friday,50.5,2026-02-27T05:37:20
papillionne,papillionne,2026-02-27,Friday,27.5,2026-02-27T05:37:20
howell-nj,howell-nj,2026-02-27,Friday,20.5,2026-02-27T23:28:06
pomptonplainsnj,pomptonplainsnj,2026-02-27,Friday,88.0,2026-02-27T23:49:13
princetonnj,princetonnj,2026-02-27,Friday,45.5,2026-02-27T15:50:02
toms-river-nj,toms-river-nj,2026-02-27,Friday,0.0,2026-02-27T00:00:24
lascruces-nm,lascruces-nm,2026-02-27,Friday,26.5,2026-02-27T23:28:06
hendersonnv,hendersonnv,2026-02-27,Friday,28.0,2026-02-27T23:28:06
mesquitenv,mesquitenv,2026-02-27,Friday,21.0,2026-02-27T19:46:40
southsummerlinnv,southsummerlinnv,2026-02-27,Friday,39.5,2026-02-27T23:49:13
summerlinlasvegasnv,summerlinlasvegasnv,2026-02-27,Friday,28.0,2026-02-27T17:50:06
bethpage-ny,bethpage-ny,2026-02-27,Friday,56.5,2026-02-27T02:47:52
fivetowns-ny,fivetowns-ny,2026-02-27,Friday,27.5,2026-02-27T22:00:30
brunswickoh,brunswickoh,2026-02-27,Friday,50.0,2026-02-27T02:47:52
chardonoh,chardonoh,2026-02-27,Friday,39.0,2026-02-27T22:55:57
columbus-upper-arlington-oh,columbus-upper-arlington-oh,2026-02-27,Friday,41.5,2026-02-27T19:08:23
dayton-oh-centerville,dayton-oh-centerville,2026-02-27,Friday,0.0,2026-02-27T00:00:24
maumee-oh,maumee-oh,2026-02-27,Friday,0.0,2026-02-27T00:00:24
north-canton-oh,north-canton-oh,2026-02-27,Friday,47.5,2026-02-27T04:27:47
woosteroh,woosteroh,2026-02-27,Friday,49.5,2026-02-27T05:37:20
jenks-ok,jenks-ok,2026-02-27,Friday,22.0,2026-02-27T23:28:06
tulsa-ok-southern-hills,tulsa-ok-southern-hills,2026-02-27,Friday,15.0,2026-02-27T19:46:40
clackamas-or,clackamas-or,2026-02-27,Friday,42.0,2026-02-27T21:45:49
eugeneor,eugeneor,2026-02-27,Friday,58.5,2026-02-27T18:23:32
salem-keizer-or,salem-keizer-or,2026-02-27,Friday,45.0,2026-02-27T21:45:49
sherwoodor,sherwoodor,2026-02-27,Friday,42.0,2026-02-27T20:46:31
paoli-pa,paoli-pa,2026-02-27,Friday,42.0,2026-02-27T00:00:24
pittsburgh-pa-west-hills,pittsburgh-pa-west-hills,2026-02-27,Friday,0.0,2026-02-27T00:00:24
yardley-pa,yardley-pa,2026-02-27,Friday,47.5,2026-02-27T05:37:20
york-pa,york-pa,2026-02-27,Friday,71.0,2026-02-27T23:28:06
aikensc,aikensc,2026-02-27,Friday,48.5,2026-02-27T19:08:23
spartanburgsc,spartanburgsc,2026-02-27,Friday,46.0,2026-02-27T20:46:31
sioux-falls-sd-south,sioux-falls-sd-south,2026-02-27,Friday,40.5,2026-02-27T20:14:48
chattanoogatn,chattanoogatn,2026-02-27,Friday,37.5,2026-02-27T19:08:23
clarksvilletn,clarksvilletn,2026-02-27,Friday,57.0,2026-02-27T22:35:39
cleveland-tn,cleveland-tn,2026-02-27,Friday,6.0,2026-02-27T17:50:06
franklintn,franklintn,2026-02-27,Friday,33.5,2026-02-27T23:28:06
knoxvilletn,knoxvilletn,2026-02-27,Friday,51.0,2026-02-27T23:28:06
memphis-tn-collierville,memphis-tn-collierville,2026-02-27,Friday,11.0,2026-02-27T18:23:32
mt-juliet-tn,mt-juliet-tn,2026-02-27,Friday,29.5,2026-02-27T21:14:29
nashville-bellevue-tn,nashville-bellevue-tn,2026-02-27,Friday,17.5,2026-02-27T22:35:39
spring-hill-tn-north,spring-hill-tn-north,2026-02-27,Friday,11.5,2026-02-27T21:45:49
aledo-willow-park-tx,aledo-willow-park-tx,2026-02-27,Friday,0.0,2026-02-27T00:00:24
allen-tx,allen-tx,2026-02-27,Friday,5.0,2026-02-27T22:35:39
amarillo-tx,amarillo-tx,2026-02-27,Friday,0.0,2026-02-27T00:00:24
arlington-tx-south,arlington-tx-south,2026-02-27,Friday,0.0,2026-02-27T00:00:24
houston-atascocita-tx,houston-atascocita-tx,2026-02-27,Friday,41.5,2026-02-27T23:28:06
eastaustintx,eastaustintx,2026-02-27,Friday,36.5,2026-02-27T21:45:49
southwestaustintx,southwestaustintx,2026-02-27,Friday,14.5,2026-02-27T22:55:57
austin-tx-westlake,austin-tx-westlake,2026-02-27,Friday,0.0,2026-02-27T00:00:24
cedar-park-tx-lakeline,cedar-park-tx-lakeline,2026-02-27,Friday,0.0,2026-02-27T00:00:24
colleyville-tx,colleyville-tx,2026-02-27,Friday,32.5,2026-02-27T23:28:06
denton-tx,denton-tx,2026-02-27,Friday,24.5,2026-02-27T23:49:13
flowermoundtx,flowermoundtx,2026-02-27,Friday,45.0,2026-02-27T23:49:13
fulshear-tx,fulshear-tx,2026-02-27,Friday,0.0,2026-02-27T00:00:24
granburytx,granburytx,2026-02-27,Friday,11.0,2026-02-27T21:14:29
grand-prairie-tx,grand-prairie-tx,2026-02-27,Friday,19.0,2026-02-27T21:14:29
houstonheightstx,houstonheightstx,2026-02-27,Friday,42.5,2026-02-27T20:46:31
houston-memorial-tx,houston-memorial-tx,2026-02-27,Friday,41.0,2026-02-27T23:28:06
katy-tx,katy-tx,2026-02-27,Friday,37.0,2026-02-27T22:35:39
kellertx,kellertx,2026-02-27,Friday,20.0,2026-02-27T21:14:29
lubbock-tx,lubbock-tx,2026-02-27,Friday,42.0,2026-02-27T20:46:31
woodlands-houston-tx,woodlands-houston-tx,2026-02-27,Friday,35.5,2026-02-27T20:14:48
mckinney-tx,mckinney-tx,2026-02-27,Friday,13.0,2026-02-27T23:28:06
midlandtx,midlandtx,2026-02-27,Friday,58.5,2026-02-27T21:45:49
east-odessa-tx,east-odessa-tx,2026-02-27,Friday,0.0,2026-02-27T00:00:24
planowesttx,planowesttx,2026-02-27,Friday,20.5,2026-02-27T20:46:31
round-rock-tx,round-rock-tx,2026-02-27,Friday,0.0,2026-02-27T00:00:24
shenandoah-tx,shenandoah-tx,2026-02-27,Friday,2.0,2026-02-27T00:00:24
sherman-tx,sherman-tx,2026-02-27,Friday,41.0,2026-02-27T22:00:30
spring-tx,spring-tx,2026-02-27,Friday,18.5,2026-02-27T19:08:23
tomball-tx,tomball-tx,2026-02-27,Friday,0.0,2026-02-27T00:00:24
tylersouthtx,tylersouthtx,2026-02-27,Friday,42.5,2026-02-27T22:35:39
wichita-falls-tx-fairway,wichita-falls-tx-fairway,2026-02-27,Friday,0.0,2026-02-27T00:00:24
americanforkut,americanforkut,2026-02-27,Friday,50.5,2026-02-27T23:49:13
cedarcity,cedarcity,2026-02-27,Friday,31.5,2026-02-27T06:31:39
layton-ut,layton-ut,2026-02-27,Friday,27.0,2026-02-27T23:49:13
lehiut,lehiut,2026-02-27,Friday,43.0,2026-02-27T23:28:06
millcreekut,millcreekut,2026-02-27,Friday,18.5,2026-02-27T19:46:40
murrayut,murrayut,2026-02-27,Friday,24.0,2026-02-27T23:49:13
ogden-pleasant-view-ut,ogden-pleasant-view-ut,2026-02-27,Friday,36.0,2026-02-27T23:28:06
ogden-riverdale-ut,ogden-riverdale-ut,2026-02-27,Friday,17.5,2026-02-27T21:14:29
orem-ut,orem-ut,2026-02-27,Friday,43.5,2026-02-27T21:45:49
richfield,richfield,2026-02-27,Friday,10.5,2026-02-27T22:35:39
sandyut,sandyut,2026-02-27,Friday,30.5,2026-02-27T22:55:57
spanishforkut,spanishforkut,2026-02-27,Friday,27.5,2026-02-27T18:23:32
stgeorgeut,stgeorgeut,2026-02-27,Friday,20.0,2026-02-27T23:28:06
st-george-ut-river-rd,st-george-ut-river-rd,2026-02-27,Friday,24.5,2026-02-27T22:35:39
st-george-ut-sunset,st-george-ut-sunset,2026-02-27,Friday,25.5,2026-02-27T23:49:13
lynchburg-va,lynchburg-va,2026-02-27,Friday,32.0,2026-02-27T23:28:06
midlothian-va,midlothian-va,2026-02-27,Friday,0.0,2026-02-27T00:00:24
virginia-beach-va-courthouse,virginia-beach-va-courthouse,2026-02-27,Friday,0.0,2026-02-27T00:00:24
hudson-wi,hudson-wi,2026-02-27,Friday,0.0,2026-02-27T00:00:24
alcoa-tn,alcoa-tn,2026-02-27,Friday,0.0,2026-02-27T21:45:49
birminghamal,birminghamal,2026-02-28,Saturday,20.5,2026-02-28T20:24:15
huntsville-al-research-park,huntsville-al-research-park,2026-02-28,Saturday,22.0,2026-02-28T23:14:09
fayetteville-ar,fayetteville-ar,2026-02-28,Saturday,24.0,2026-02-28T23:37:10
anthem-az,anthem-az,2026-02-28,Saturday,0.0,2026-02-28T00:00:34
chandleraz,chandleraz,2026-02-28,Saturday,21.5,2026-02-28T18:29:08
southchandleraz,southchandleraz,2026-02-28,Saturday,13.5,2026-02-28T23:14:09
gilbertaz,gilbertaz,2026-02-28,Saturday,33.0,2026-02-28T21:47:01
glendaleaz,glendaleaz,2026-02-28,Saturday,40.0,2026-02-28T22:31:10
goodyear-az,goodyear-az,2026-02-28,Saturday,0.0,2026-02-28T00:00:34
lake-havasu-city-az,lake-havasu-city-az,2026-02-28,Saturday,0.0,2026-02-28T00:00:34
mesa-az-east,mesa-az-east,2026-02-28,Saturday,13.0,2026-02-28T21:30:35
paradise-valley-az,paradise-valley-az,2026-02-28,Saturday,23.5,2026-02-28T23:14:09
glendale-az-peoria,glendale-az-peoria,2026-02-28,Saturday,22.0,2026-02-28T23:37:10
scottsdaleaz,scottsdaleaz,2026-02-28,Saturday,37.0,2026-02-28T21:57:48
scottsdale-az-north,scottsdale-az-north,2026-02-28,Saturday,0.0,2026-02-28T00:00:34
surpriseaz,surpriseaz,2026-02-28,Saturday,12.5,2026-02-28T19:42:55
talkingstickaz,talkingstickaz,2026-02-28,Saturday,0.0,2026-02-28T00:00:34
tempeaz,tempeaz,2026-02-28,Saturday,12.0,2026-02-28T22:31:10
carlsbadca,carlsbadca,2026-02-28,Saturday,29.0,2026-02-28T22:51:46
rancho-mirage-ca,rancho-mirage-ca,2026-02-28,Saturday,0.0,2026-02-28T00:00:34
fort-collins-timnath-co,fort-collins-timnath-co,2026-02-28,Saturday,0.5,2026-02-28T00:00:34
invernessco,invernessco,2026-02-28,Saturday,32.0,2026-02-28T22:31:10
littleton-co,littleton-co,2026-02-28,Saturday,25.5,2026-02-28T20:24:15
loveland-co-johnstown,loveland-co-johnstown,2026-02-28,Saturday,0.0,2026-02-28T00:00:34
colorado-springs-northgate,colorado-springs-northgate,2026-02-28,Saturday,35.5,2026-02-28T20:24:15
pueblowestco,pueblowestco,2026-02-28,Saturday,22.0,2026-02-28T22:31:10
westminster-co,westminster-co,2026-02-28,Saturday,6.5,2026-02-28T05:03:45
wilmingtonde,wilmingtonde,2026-02-28,Saturday,60.5,2026-02-28T14:19:12
boca-raton-fl-west,boca-raton-fl-west,2026-02-28,Saturday,12.0,2026-02-28T23:37:10
bradentonfl,bradentonfl,2026-02-28,Saturday,27.5,2026-02-28T23:53:29
jacksonvillebeachfl,jacksonvillebeachfl,2026-02-28,Saturday,26.0,2026-02-28T23:53:29
miramarbeach,miramarbeach,2026-02-28,Saturday,54.5,2026-02-28T22:31:10
naplesfl,naplesfl,2026-02-28,Saturday,37.5,2026-02-28T22:31:10
naples-fl-north,naples-fl-north,2026-02-28,Saturday,15.0,2026-02-28T17:21:09
orlando-fl-waterford-lakes,orlando-fl-waterford-lakes,2026-02-28,Saturday,0.0,2026-02-28T00:00:34
panama-city-beach-fl,panama-city-beach-fl,2026-02-28,Saturday,0.0,2026-02-28T00:00:34
ponte-vedra-fl,ponte-vedra-fl,2026-02-28,Saturday,32.5,2026-02-28T23:37:10
port-charlotte-fl,port-charlotte-fl,2026-02-28,Saturday,33.5,2026-02-28T20:24:15
spring-hill-fl,spring-hill-fl,2026-02-28,Saturday,23.0,2026-02-28T23:53:29
st-augustine-fl,st-augustine-fl,2026-02-28,Saturday,0.0,2026-02-28T00:00:34
oldsmarfl,oldsmarfl,2026-02-28,Saturday,46.5,2026-02-28T22:31:10
alpharetta-ga,alpharetta-ga,2026-02-28,Saturday,8.0,2026-02-28T12:42:58
westmidtownga,westmidtownga,2026-02-28,Saturday,35.5,2026-02-28T21:30:35
augustaga,augustaga,2026-02-28,Saturday,38.5,2026-02-28T15:29:28
braseltonga,braseltonga,2026-02-28,Saturday,60.5,2026-02-28T20:59:28
dacula-ga,dacula-ga,2026-02-28,Saturday,32.0,2026-02-28T22:31:10
mcdonoughga,mcdonoughga,2026-02-28,Saturday,14.0,2026-02-28T23:53:29
roswell-ga,roswell-ga,2026-02-28,Saturday,0.0,2026-02-28T00:00:34
suwanee-ga,suwanee-ga,2026-02-28,Saturday,0.0,2026-02-28T00:00:34
warnerrobinsga,warnerrobinsga,2026-02-28,Saturday,32.5,2026-02-28T23:37:10
woodstock-ga,woodstock-ga,2026-02-28,Saturday,0.0,2026-02-28T00:00:34
cedar-rapids-ia,cedar-rapids-ia,2026-02-28,Saturday,0.0,2026-02-28T00:00:34
ankeny-ia,ankeny-ia,2026-02-28,Saturday,39.5,2026-02-28T20:24:15
des-moines-ia-downtown,des-moines-ia-downtown,2026-02-28,Saturday,33.5,2026-02-28T22:31:10
des-moines-waukee-ia,des-moines-waukee-ia,2026-02-28,Saturday,30.0,2026-02-28T22:31:10
boise-id,boise-id,2026-02-28,Saturday,46.0,2026-02-28T17:41:11
meridian-id,meridian-id,2026-02-28,Saturday,22.5,2026-02-28T23:53:29
carmelin,carmelin,2026-02-28,Saturday,41.0,2026-02-28T21:47:01
evansville-in-east,evansville-in-east,2026-02-28,Saturday,96.0,2026-02-28T00:00:34
fishers-in,fishers-in,2026-02-28,Saturday,47.0,2026-02-28T02:36:55
kansas-city-leawood,kansas-city-leawood,2026-02-28,Saturday,23.0,2026-02-28T11:26:34
overlandparkks,overlandparkks,2026-02-28,Saturday,33.0,2026-02-28T17:53:50
ascension-la,ascension-la,2026-02-28,Saturday,4.0,2026-02-28T00:00:34
baton-rouge-st-george,baton-rouge-st-george,2026-02-28,Saturday,14.0,2026-02-28T21:57:48
shreveport-la-south,shreveport-la-south,2026-02-28,Saturday,17.5,2026-02-28T18:57:21
monroe-la-west,monroe-la-west,2026-02-28,Saturday,0.0,2026-02-28T00:00:34
maynardma,maynardma,2026-02-28,Saturday,49.0,2026-02-28T20:59:28
southborough-ma,southborough-ma,2026-02-28,Saturday,71.0,2026-02-28T23:14:09
crofton-md,crofton-md,2026-02-28,Saturday,46.5,2026-02-28T21:30:35
towson-baltimore-md,towson-baltimore-md,2026-02-28,Saturday,42.0,2026-02-28T02:36:55
white-marsh-baltimore-md,white-marsh-baltimore-md,2026-02-28,Saturday,72.0,2026-02-28T00:00:34
clarkstonmi,clarkstonmi,2026-02-28,Saturday,39.5,2026-02-28T20:24:15
farmington-mi,farmington-mi,2026-02-28,Saturday,44.0,2026-02-28T19:42:55
grand-blanc-mi,grand-blanc-mi,2026-02-28,Saturday,41.0,2026-02-28T20:59:28
jackson-mi,jackson-mi,2026-02-28,Saturday,0.0,2026-02-28T00:00:34
lansing-mi,lansing-mi,2026-02-28,Saturday,51.0,2026-02-28T20:24:15
livonia-mi,livonia-mi,2026-02-28,Saturday,60.0,2026-02-28T07:34:51
novi-mi,novi-mi,2026-02-28,Saturday,22.0,2026-02-28T21:30:35
rochester-hills-mi,rochester-hills-mi,2026-02-28,Saturday,49.5,2026-02-28T22:51:46
troy-mi,troy-mi,2026-02-28,Saturday,55.0,2026-02-28T23:14:09
west-bloomfield-mi,west-bloomfield-mi,2026-02-28,Saturday,7.0,2026-02-28T14:43:27
st-louis-crestwood-mo,st-louis-crestwood-mo,2026-02-28,Saturday,25.5,2026-02-28T21:57:48
liberty-mo,liberty-mo,2026-02-28,Saturday,29.0,2026-02-28T23:37:10
rollamo,rollamo,2026-02-28,Saturday,24.5,2026-02-28T22:31:10
bozemanmt,bozemanmt,2026-02-28,Saturday,62.5,2026-02-28T22:31:10
chapel-hill-nc,chapel-hill-nc,2026-02-28,Saturday,29.0,2026-02-28T21:30:35
raleigh-nc-north,raleigh-nc-north,2026-02-28,Saturday,31.5,2026-02-28T22:51:46
lincoln-ne-south,lincoln-ne-south,2026-02-28,Saturday,52.0,2026-02-28T22:31:10
omahane,omahane,2026-02-28,Saturday,61.0,2026-02-28T23:37:10
papillionne,papillionne,2026-02-28,Saturday,30.5,2026-02-28T02:36:55
howell-nj,howell-nj,2026-02-28,Saturday,31.5,2026-02-28T23:14:09
pomptonplainsnj,pomptonplainsnj,2026-02-28,Saturday,80.5,2026-02-28T18:29:08
princetonnj,princetonnj,2026-02-28,Saturday,47.5,2026-02-28T22:31:10
toms-river-nj,toms-river-nj,2026-02-28,Saturday,0.0,2026-02-28T00:00:34
lascruces-nm,lascruces-nm,2026-02-28,Saturday,32.0,2026-02-28T23:14:09
hendersonnv,hendersonnv,2026-02-28,Saturday,42.5,2026-02-28T23:53:29
mesquitenv,mesquitenv,2026-02-28,Saturday,21.0,2026-02-28T15:29:28
southsummerlinnv,southsummerlinnv,2026-02-28,Saturday,23.5,2026-02-28T21:47:01
summerlinlasvegasnv,summerlinlasvegasnv,2026-02-28,Saturday,26.0,2026-02-28T23:37:10
bethpage-ny,bethpage-ny,2026-02-28,Saturday,62.5,2026-02-28T13:53:50
fivetowns-ny,fivetowns-ny,2026-02-28,Saturday,21.0,2026-02-28T04:08:44
brunswickoh,brunswickoh,2026-02-28,Saturday,54.0,2026-02-28T00:00:34
chardonoh,chardonoh,2026-02-28,Saturday,50.5,2026-02-28T23:53:29
columbus-upper-arlington-oh,columbus-upper-arlington-oh,2026-02-28,Saturday,51.5,2026-02-28T21:57:48
dayton-oh-centerville,dayton-oh-centerville,2026-02-28,Saturday,0.0,2026-02-28T00:00:34
maumee-oh,maumee-oh,2026-02-28,Saturday,0.0,2026-02-28T00:00:34
north-canton-oh,north-canton-oh,2026-02-28,Saturday,52.5,2026-02-28T21:30:35
woosteroh,woosteroh,2026-02-28,Saturday,52.0,2026-02-28T12:42:58
jenks-ok,jenks-ok,2026-02-28,Saturday,13.0,2026-02-28T21:47:01
tulsa-ok-southern-hills,tulsa-ok-southern-hills,2026-02-28,Saturday,14.5,2026-02-28T23:53:29
clackamas-or,clackamas-or,2026-02-28,Saturday,38.5,2026-02-28T23:37:10
eugeneor,eugeneor,2026-02-28,Saturday,62.5,2026-02-28T16:37:04
salem-keizer-or,salem-keizer-or,2026-02-28,Saturday,64.0,2026-02-28T23:37:10
sherwoodor,sherwoodor,2026-02-28,Saturday,30.5,2026-02-28T20:47:00
paoli-pa,paoli-pa,2026-02-28,Saturday,44.5,2026-02-28T15:59:08
pittsburgh-pa-west-hills,pittsburgh-pa-west-hills,2026-02-28,Saturday,0.0,2026-02-28T00:00:34
yardley-pa,yardley-pa,2026-02-28,Saturday,57.5,2026-02-28T05:46:33
york-pa,york-pa,2026-02-28,Saturday,72.0,2026-02-28T16:55:10
aikensc,aikensc,2026-02-28,Saturday,53.5,2026-02-28T21:30:35
spartanburgsc,spartanburgsc,2026-02-28,Saturday,39.0,2026-02-28T22:31:10
sioux-falls-sd-south,sioux-falls-sd-south,2026-02-28,Saturday,50.5,2026-02-28T21:30:35
alcoa-tn,alcoa-tn,2026-02-28,Saturday,0.0,2026-02-28T00:00:34
chattanoogatn,chattanoogatn,2026-02-28,Saturday,20.0,2026-02-28T22:31:10
clarksvilletn,clarksvilletn,2026-02-28,Saturday,38.5,2026-02-28T18:57:21
cleveland-tn,cleveland-tn,2026-02-28,Saturday,9.5,2026-02-28T17:53:50
franklintn,franklintn,2026-02-28,Saturday,25.0,2026-02-28T22:51:46
knoxvilletn,knoxvilletn,2026-02-28,Saturday,37.0,2026-02-28T22:51:46
memphis-tn-collierville,memphis-tn-collierville,2026-02-28,Saturday,15.5,2026-02-28T23:14:09
mt-juliet-tn,mt-juliet-tn,2026-02-28,Saturday,25.0,2026-02-28T20:47:00
nashville-bellevue-tn,nashville-bellevue-tn,2026-02-28,Saturday,10.0,2026-02-28T14:43:27
spring-hill-tn-north,spring-hill-tn-north,2026-02-28,Saturday,29.5,2026-02-28T23:53:29
aledo-willow-park-tx,aledo-willow-park-tx,2026-02-28,Saturday,0.0,2026-02-28T00:00:34
allen-tx,allen-tx,2026-02-28,Saturday,0.0,2026-02-28T00:00:34
amarillo-tx,amarillo-tx,2026-02-28,Saturday,0.0,2026-02-28T00:00:34
arlington-tx-south,arlington-tx-south,2026-02-28,Saturday,0.0,2026-02-28T00:00:34
houston-atascocita-tx,houston-atascocita-tx,2026-02-28,Saturday,56.5,2026-02-28T22:51:46
eastaustintx,eastaustintx,2026-02-28,Saturday,20.0,2026-02-28T23:53:29
southwestaustintx,southwestaustintx,2026-02-28,Saturday,22.5,2026-02-28T16:55:10
austin-tx-westlake,austin-tx-westlake,2026-02-28,Saturday,0.0,2026-02-28T00:00:34
cedar-park-tx-lakeline,cedar-park-tx-lakeline,2026-02-28,Saturday,0.0,2026-02-28T00:00:34
colleyville-tx,colleyville-tx,2026-02-28,Saturday,22.5,2026-02-28T18:57:21
denton-tx,denton-tx,2026-02-28,Saturday,24.0,2026-02-28T21:30:35
flowermoundtx,flowermoundtx,2026-02-28,Saturday,38.5,2026-02-28T22:31:10
fulshear-tx,fulshear-tx,2026-02-28,Saturday,0.0,2026-02-28T00:00:34
granburytx,granburytx,2026-02-28,Saturday,11.5,2026-02-28T22:31:10
grand-prairie-tx,grand-prairie-tx,2026-02-28,Saturday,26.5,2026-02-28T23:14:09
houstonheightstx,houstonheightstx,2026-02-28,Saturday,46.0,2026-02-28T22:31:10
houston-memorial-tx,houston-memorial-tx,2026-02-28,Saturday,36.5,2026-02-28T21:57:48
katy-tx,katy-tx,2026-02-28,Saturday,34.5,2026-02-28T20:47:00
kellertx,kellertx,2026-02-28,Saturday,23.5,2026-02-28T20:47:00
lubbock-tx,lubbock-tx,2026-02-28,Saturday,40.5,2026-02-28T22:31:10
woodlands-houston-tx,woodlands-houston-tx,2026-02-28,Saturday,38.5,2026-02-28T18:29:08
mckinney-tx,mckinney-tx,2026-02-28,Saturday,11.0,2026-02-28T22:51:46
midlandtx,midlandtx,2026-02-28,Saturday,60.5,2026-02-28T21:30:35
east-odessa-tx,east-odessa-tx,2026-02-28,Saturday,0.0,2026-02-28T00:00:34
planowesttx,planowesttx,2026-02-28,Saturday,20.5,2026-02-28T21:47:01
round-rock-tx,round-rock-tx,2026-02-28,Saturday,0.0,2026-02-28T00:00:34
shenandoah-tx,shenandoah-tx,2026-02-28,Saturday,3.0,2026-02-28T00:00:34
sherman-tx,sherman-tx,2026-02-28,Saturday,47.0,2026-02-28T20:47:00
spring-tx,spring-tx,2026-02-28,Saturday,14.5,2026-02-28T21:30:35
tomball-tx,tomball-tx,2026-02-28,Saturday,0.0,2026-02-28T00:00:34
tylersouthtx,tylersouthtx,2026-02-28,Saturday,46.5,2026-02-28T23:37:10
wichita-falls-tx-fairway,wichita-falls-tx-fairway,2026-02-28,Saturday,0.0,2026-02-28T00:00:34
americanforkut,americanforkut,2026-02-28,Saturday,41.5,2026-02-28T06:18:33
cedarcity,cedarcity,2026-02-28,Saturday,29.0,2026-02-28T17:53:50
layton-ut,layton-ut,2026-02-28,Saturday,32.5,2026-02-28T22:31:10
lehiut,lehiut,2026-02-28,Saturday,42.5,2026-02-28T20:24:15
millcreekut,millcreekut,2026-02-28,Saturday,16.0,2026-02-28T20:24:15
murrayut,murrayut,2026-02-28,Saturday,27.0,2026-02-28T22:31:10
ogden-pleasant-view-ut,ogden-pleasant-view-ut,2026-02-28,Saturday,40.5,2026-02-28T23:53:29
ogden-riverdale-ut,ogden-riverdale-ut,2026-02-28,Saturday,24.5,2026-02-28T16:55:10
orem-ut,orem-ut,2026-02-28,Saturday,51.5,2026-02-28T23:37:10
richfield,richfield,2026-02-28,Saturday,5.0,2026-02-28T14:57:16
sandyut,sandyut,2026-02-28,Saturday,28.0,2026-02-28T22:31:10
spanishforkut,spanishforkut,2026-02-28,Saturday,37.0,2026-02-28T23:37:10
stgeorgeut,stgeorgeut,2026-02-28,Saturday,16.5,2026-02-28T23:14:09
st-george-ut-river-rd,st-george-ut-river-rd,2026-02-28,Saturday,24.5,2026-02-28T23:53:29
st-george-ut-sunset,st-george-ut-sunset,2026-02-28,Saturday,19.5,2026-02-28T21:47:01
lynchburg-va,lynchburg-va,2026-02-28,Saturday,26.5,2026-02-28T21:57:48
midlothian-va,midlothian-va,2026-02-28,Saturday,0.0,2026-02-28T00:00:34
virginia-beach-va-courthouse,virginia-beach-va-courthouse,2026-02-28,Saturday,0.0,2026-02-28T00:00:34
hudson-wi,hudson-wi,2026-02-28,Saturday,0.0,2026-02-28T00:00:34
birminghamal,birminghamal,2026-03-01,Sunday,12.5,2026-03-01T19:45:36
huntsville-al-research-park,huntsville-al-research-park,2026-03-01,Sunday,9.5,2026-03-01T19:27:50
fayetteville-ar,fayetteville-ar,2026-03-01,Sunday,26.0,2026-03-01T19:45:36
anthem-az,anthem-az,2026-03-01,Sunday,0.0,2026-03-01T01:57:09
chandleraz,chandleraz,2026-03-01,Sunday,24.0,2026-03-01T19:45:36
southchandleraz,southchandleraz,2026-03-01,Sunday,11.0,2026-03-01T19:56:57
gilbertaz,gilbertaz,2026-03-01,Sunday,30.0,2026-03-01T13:55:05
glendaleaz,glendaleaz,2026-03-01,Sunday,38.5,2026-03-01T17:33:57
goodyear-az,goodyear-az,2026-03-01,Sunday,0.0,2026-03-01T01:57:09
lake-havasu-city-az,lake-havasu-city-az,2026-03-01,Sunday,0.0,2026-03-01T01:57:09
mesa-az-east,mesa-az-east,2026-03-01,Sunday,14.0,2026-03-01T19:56:57
paradise-valley-az,paradise-valley-az,2026-03-01,Sunday,24.5,2026-03-01T18:26:05
glendale-az-peoria,glendale-az-peoria,2026-03-01,Sunday,25.0,2026-03-01T19:27:50
scottsdaleaz,scottsdaleaz,2026-03-01,Sunday,40.0,2026-03-01T17:33:57
scottsdale-az-north,scottsdale-az-north,2026-03-01,Sunday,0.0,2026-03-01T01:57:09
surpriseaz,surpriseaz,2026-03-01,Sunday,13.0,2026-03-01T19:27:50
talkingstickaz,talkingstickaz,2026-03-01,Sunday,0.0,2026-03-01T01:57:09
tempeaz,tempeaz,2026-03-01,Sunday,7.0,2026-03-01T19:27:50
carlsbadca,carlsbadca,2026-03-01,Sunday,23.0,2026-03-01T19:27:50
rancho-mirage-ca,rancho-mirage-ca,2026-03-01,Sunday,0.0,2026-03-01T01:57:09
fort-collins-timnath-co,fort-collins-timnath-co,2026-03-01,Sunday,0.0,2026-03-01T01:57:09
invernessco,invernessco,2026-03-01,Sunday,19.0,2026-03-01T16:46:40
littleton-co,littleton-co,2026-03-01,Sunday,15.5,2026-03-01T17:53:02
loveland-co-johnstown,loveland-co-johnstown,2026-03-01,Sunday,0.0,2026-03-01T01:57:09
colorado-springs-northgate,colorado-springs-northgate,2026-03-01,Sunday,32.5,2026-03-01T19:27:50
pueblowestco,pueblowestco,2026-03-01,Sunday,19.5,2026-03-01T19:27:50
westminster-co,westminster-co,2026-03-01,Sunday,7.0,2026-03-01T18:26:05
wilmingtonde,wilmingtonde,2026-03-01,Sunday,56.0,2026-03-01T19:56:57
boca-raton-fl-west,boca-raton-fl-west,2026-03-01,Sunday,3.0,2026-03-01T18:57:17
bradentonfl,bradentonfl,2026-03-01,Sunday,22.0,2026-03-01T19:56:57
jacksonvillebeachfl,jacksonvillebeachfl,2026-03-01,Sunday,8.0,2026-03-01T18:26:05
miramarbeach,miramarbeach,2026-03-01,Sunday,44.5,2026-03-01T19:27:50
naplesfl,naplesfl,2026-03-01,Sunday,17.5,2026-03-01T19:27:50
naples-fl-north,naples-fl-north,2026-03-01,Sunday,6.0,2026-03-01T15:33:54
orlando-fl-waterford-lakes,orlando-fl-waterford-lakes,2026-03-01,Sunday,0.0,2026-03-01T01:57:09
panama-city-beach-fl,panama-city-beach-fl,2026-03-01,Sunday,0.0,2026-03-01T01:57:09
ponte-vedra-fl,ponte-vedra-fl,2026-03-01,Sunday,17.5,2026-03-01T19:45:36
port-charlotte-fl,port-charlotte-fl,2026-03-01,Sunday,21.5,2026-03-01T18:26:05
spring-hill-fl,spring-hill-fl,2026-03-01,Sunday,16.0,2026-03-01T18:26:05
st-augustine-fl,st-augustine-fl,2026-03-01,Sunday,0.0,2026-03-01T01:57:09
oldsmarfl,oldsmarfl,2026-03-01,Sunday,26.5,2026-03-01T09:02:53
alpharetta-ga,alpharetta-ga,2026-03-01,Sunday,7.0,2026-03-01T18:26:05
westmidtownga,westmidtownga,2026-03-01,Sunday,16.5,2026-03-01T12:35:37
augustaga,augustaga,2026-03-01,Sunday,39.5,2026-03-01T19:45:36
braseltonga,braseltonga,2026-03-01,Sunday,37.0,2026-03-01T19:27:50
dacula-ga,dacula-ga,2026-03-01,Sunday,12.5,2026-03-01T18:26:05
mcdonoughga,mcdonoughga,2026-03-01,Sunday,5.0,2026-03-01T19:27:50
roswell-ga,roswell-ga,2026-03-01,Sunday,0.0,2026-03-01T01:57:09
suwanee-ga,suwanee-ga,2026-03-01,Sunday,0.0,2026-03-01T01:57:09
warnerrobinsga,warnerrobinsga,2026-03-01,Sunday,32.5,2026-03-01T15:51:33
woodstock-ga,woodstock-ga,2026-03-01,Sunday,0.0,2026-03-01T01:57:09
cedar-rapids-ia,cedar-rapids-ia,2026-03-01,Sunday,0.0,2026-03-01T01:57:09
ankeny-ia,ankeny-ia,2026-03-01,Sunday,34.5,2026-03-01T18:57:17
des-moines-ia-downtown,des-moines-ia-downtown,2026-03-01,Sunday,21.0,2026-03-01T19:56:57
des-moines-waukee-ia,des-moines-waukee-ia,2026-03-01,Sunday,24.0,2026-03-01T18:57:17
boise-id,boise-id,2026-03-01,Sunday,38.0,2026-03-01T17:33:57
meridian-id,meridian-id,2026-03-01,Sunday,21.5,2026-03-01T19:27:50
carmelin,carmelin,2026-03-01,Sunday,41.0,2026-03-01T17:33:57
evansville-in-east,evansville-in-east,2026-03-01,Sunday,96.0,2026-03-01T01:57:09
fishers-in,fishers-in,2026-03-01,Sunday,42.5,2026-03-01T17:02:27
kansas-city-leawood,kansas-city-leawood,2026-03-01,Sunday,48.0,2026-03-01T18:57:17
overlandparkks,overlandparkks,2026-03-01,Sunday,36.5,2026-03-01T15:01:02
ascension-la,ascension-la,2026-03-01,Sunday,1.0,2026-03-01T01:57:09
baton-rouge-st-george,baton-rouge-st-george,2026-03-01,Sunday,15.0,2026-03-01T18:57:17
shreveport-la-south,shreveport-la-south,2026-03-01,Sunday,14.0,2026-03-01T18:26:05
monroe-la-west,monroe-la-west,2026-03-01,Sunday,0.0,2026-03-01T01:57:09
maynardma,maynardma,2026-03-01,Sunday,43.5,2026-03-01T01:57:09
southborough-ma,southborough-ma,2026-03-01,Sunday,77.0,2026-03-01T15:33:54
crofton-md,crofton-md,2026-03-01,Sunday,37.0,2026-03-01T18:57:17
towson-baltimore-md,towson-baltimore-md,2026-03-01,Sunday,42.0,2026-03-01T19:27:50
white-marsh-baltimore-md,white-marsh-baltimore-md,2026-03-01,Sunday,69.0,2026-03-01T18:26:05
clarkstonmi,clarkstonmi,2026-03-01,Sunday,45.5,2026-03-01T19:56:57
farmington-mi,farmington-mi,2026-03-01,Sunday,42.5,2026-03-01T19:45:36
grand-blanc-mi,grand-blanc-mi,2026-03-01,Sunday,39.5,2026-03-01T13:55:05
jackson-mi,jackson-mi,2026-03-01,Sunday,0.0,2026-03-01T01:57:09
lansing-mi,lansing-mi,2026-03-01,Sunday,49.5,2026-03-01T18:26:05
livonia-mi,livonia-mi,2026-03-01,Sunday,50.5,2026-03-01T07:09:30
novi-mi,novi-mi,2026-03-01,Sunday,14.5,2026-03-01T16:46:40
rochester-hills-mi,rochester-hills-mi,2026-03-01,Sunday,50.5,2026-03-01T19:45:36
troy-mi,troy-mi,2026-03-01,Sunday,53.0,2026-03-01T18:57:17
west-bloomfield-mi,west-bloomfield-mi,2026-03-01,Sunday,12.0,2026-03-01T18:57:17
st-louis-crestwood-mo,st-louis-crestwood-mo,2026-03-01,Sunday,23.0,2026-03-01T19:45:36
liberty-mo,liberty-mo,2026-03-01,Sunday,22.0,2026-03-01T19:56:57
rollamo,rollamo,2026-03-01,Sunday,21.0,2026-03-01T18:57:17
bozemanmt,bozemanmt,2026-03-01,Sunday,49.5,2026-03-01T18:26:05
chapel-hill-nc,chapel-hill-nc,2026-03-01,Sunday,32.0,2026-03-01T19:56:57
raleigh-nc-north,raleigh-nc-north,2026-03-01,Sunday,3.0,2026-03-01T19:27:50
lincoln-ne-south,lincoln-ne-south,2026-03-01,Sunday,45.5,2026-03-01T18:57:17
omahane,omahane,2026-03-01,Sunday,56.0,2026-03-01T18:57:17
papillionne,papillionne,2026-03-01,Sunday,32.0,2026-03-01T01:57:09
howell-nj,howell-nj,2026-03-01,Sunday,15.5,2026-03-01T19:56:57
pomptonplainsnj,pomptonplainsnj,2026-03-01,Sunday,82.0,2026-03-01T19:27:50
princetonnj,princetonnj,2026-03-01,Sunday,44.5,2026-03-01T13:25:45
toms-river-nj,toms-river-nj,2026-03-01,Sunday,0.0,2026-03-01T01:57:09
lascruces-nm,lascruces-nm,2026-03-01,Sunday,30.5,2026-03-01T06:26:10
hendersonnv,hendersonnv,2026-03-01,Sunday,25.0,2026-03-01T16:16:55
mesquitenv,mesquitenv,2026-03-01,Sunday,16.5,2026-03-01T09:41:02
southsummerlinnv,southsummerlinnv,2026-03-01,Sunday,29.0,2026-03-01T19:45:36
summerlinlasvegasnv,summerlinlasvegasnv,2026-03-01,Sunday,15.5,2026-03-01T19:27:50
bethpage-ny,bethpage-ny,2026-03-01,Sunday,60.5,2026-03-01T18:57:17
fivetowns-ny,fivetowns-ny,2026-03-01,Sunday,33.5,2026-03-01T19:45:36
brunswickoh,brunswickoh,2026-03-01,Sunday,52.5,2026-03-01T01:57:09
chardonoh,chardonoh,2026-03-01,Sunday,39.0,2026-03-01T18:57:17
columbus-upper-arlington-oh,columbus-upper-arlington-oh,2026-03-01,Sunday,43.0,2026-03-01T15:51:33
dayton-oh-centerville,dayton-oh-centerville,2026-03-01,Sunday,0.0,2026-03-01T01:57:09
maumee-oh,maumee-oh,2026-03-01,Sunday,0.0,2026-03-01T01:57:09
north-canton-oh,north-canton-oh,2026-03-01,Sunday,44.5,2026-03-01T01:57:09
woosteroh,woosteroh,2026-03-01,Sunday,47.0,2026-03-01T11:38:50
jenks-ok,jenks-ok,2026-03-01,Sunday,17.5,2026-03-01T19:27:50
tulsa-ok-southern-hills,tulsa-ok-southern-hills,2026-03-01,Sunday,10.0,2026-03-01T17:53:02
clackamas-or,clackamas-or,2026-03-01,Sunday,34.0,2026-03-01T19:27:50
eugeneor,eugeneor,2026-03-01,Sunday,56.0,2026-03-01T19:27:50
salem-keizer-or,salem-keizer-or,2026-03-01,Sunday,35.0,2026-03-01T18:57:17
sherwoodor,sherwoodor,2026-03-01,Sunday,33.0,2026-03-01T19:56:57
paoli-pa,paoli-pa,2026-03-01,Sunday,38.5,2026-03-01T15:33:54
pittsburgh-pa-west-hills,pittsburgh-pa-west-hills,2026-03-01,Sunday,0.0,2026-03-01T01:57:09
yardley-pa,yardley-pa,2026-03-01,Sunday,50.5,2026-03-01T07:09:30
york-pa,york-pa,2026-03-01,Sunday,72.5,2026-03-01T15:33:54
aikensc,aikensc,2026-03-01,Sunday,41.0,2026-03-01T16:16:55
spartanburgsc,spartanburgsc,2026-03-01,Sunday,22.5,2026-03-01T18:57:17
sioux-falls-sd-south,sioux-falls-sd-south,2026-03-01,Sunday,40.5,2026-03-01T16:46:40
alcoa-tn,alcoa-tn,2026-03-01,Sunday,0.0,2026-03-01T01:57:09
chattanoogatn,chattanoogatn,2026-03-01,Sunday,20.0,2026-03-01T01:57:09
clarksvilletn,clarksvilletn,2026-03-01,Sunday,52.5,2026-03-01T18:26:05
cleveland-tn,cleveland-tn,2026-03-01,Sunday,13.0,2026-03-01T17:53:02
franklintn,franklintn,2026-03-01,Sunday,31.0,2026-03-01T19:27:50
knoxvilletn,knoxvilletn,2026-03-01,Sunday,34.5,2026-03-01T18:57:17
memphis-tn-collierville,memphis-tn-collierville,2026-03-01,Sunday,9.0,2026-03-01T19:27:50
mt-juliet-tn,mt-juliet-tn,2026-03-01,Sunday,16.0,2026-03-01T16:16:55
nashville-bellevue-tn,nashville-bellevue-tn,2026-03-01,Sunday,10.5,2026-03-01T19:56:57
spring-hill-tn-north,spring-hill-tn-north,2026-03-01,Sunday,15.5,2026-03-01T17:33:57
aledo-willow-park-tx,aledo-willow-park-tx,2026-03-01,Sunday,0.0,2026-03-01T01:57:09
allen-tx,allen-tx,2026-03-01,Sunday,0.0,2026-03-01T01:57:09
amarillo-tx,amarillo-tx,2026-03-01,Sunday,0.0,2026-03-01T01:57:09
arlington-tx-south,arlington-tx-south,2026-03-01,Sunday,0.0,2026-03-01T01:57:09
houston-atascocita-tx,houston-atascocita-tx,2026-03-01,Sunday,25.5,2026-03-01T18:57:17
eastaustintx,eastaustintx,2026-03-01,Sunday,29.5,2026-03-01T19:56:57
southwestaustintx,southwestaustintx,2026-03-01,Sunday,22.0,2026-03-01T17:53:02
austin-tx-westlake,austin-tx-westlake,2026-03-01,Sunday,0.0,2026-03-01T01:57:09
cedar-park-tx-lakeline,cedar-park-tx-lakeline,2026-03-01,Sunday,0.0,2026-03-01T01:57:09
colleyville-tx,colleyville-tx,2026-03-01,Sunday,28.0,2026-03-01T19:27:50
denton-tx,denton-tx,2026-03-01,Sunday,13.5,2026-03-01T19:56:57
flowermoundtx,flowermoundtx,2026-03-01,Sunday,39.0,2026-03-01T18:57:17
fulshear-tx,fulshear-tx,2026-03-01,Sunday,0.0,2026-03-01T01:57:09
granburytx,granburytx,2026-03-01,Sunday,9.0,2026-03-01T18:57:17
grand-prairie-tx,grand-prairie-tx,2026-03-01,Sunday,7.0,2026-03-01T19:27:50
houstonheightstx,houstonheightstx,2026-03-01,Sunday,48.0,2026-03-01T18:57:17
houston-memorial-tx,houston-memorial-tx,2026-03-01,Sunday,41.5,2026-03-01T19:56:57
katy-tx,katy-tx,2026-03-01,Sunday,20.5,2026-03-01T18:57:17
kellertx,kellertx,2026-03-01,Sunday,21.0,2026-03-01T19:56:57
lubbock-tx,lubbock-tx,2026-03-01,Sunday,31.0,2026-03-01T19:27:50
woodlands-houston-tx,woodlands-houston-tx,2026-03-01,Sunday,12.0,2026-03-01T19:27:50
mckinney-tx,mckinney-tx,2026-03-01,Sunday,12.5,2026-03-01T19:27:50
midlandtx,midlandtx,2026-03-01,Sunday,44.0,2026-03-01T14:49:02
east-odessa-tx,east-odessa-tx,2026-03-01,Sunday,0.0,2026-03-01T01:57:09
planowesttx,planowesttx,2026-03-01,Sunday,20.0,2026-03-01T18:57:17
round-rock-tx,round-rock-tx,2026-03-01,Sunday,0.0,2026-03-01T01:57:09
shenandoah-tx,shenandoah-tx,2026-03-01,Sunday,0.0,2026-03-01T01:57:09
sherman-tx,sherman-tx,2026-03-01,Sunday,20.0,2026-03-01T18:57:17
spring-tx,spring-tx,2026-03-01,Sunday,20.0,2026-03-01T19:56:57
tomball-tx,tomball-tx,2026-03-01,Sunday,0.0,2026-03-01T01:57:09
tylersouthtx,tylersouthtx,2026-03-01,Sunday,31.5,2026-03-01T04:26:20
wichita-falls-tx-fairway,wichita-falls-tx-fairway,2026-03-01,Sunday,0.0,2026-03-01T01:57:09
americanforkut,americanforkut,2026-03-01,Sunday,34.5,2026-03-01T19:45:36
cedarcity,cedarcity,2026-03-01,Sunday,10.0,2026-03-01T18:57:17
layton-ut,layton-ut,2026-03-01,Sunday,20.0,2026-03-01T13:25:45
lehiut,lehiut,2026-03-01,Sunday,38.0,2026-03-01T19:27:50
millcreekut,millcreekut,2026-03-01,Sunday,16.5,2026-03-01T10:32:51
murrayut,murrayut,2026-03-01,Sunday,17.0,2026-03-01T19:56:57
ogden-pleasant-view-ut,ogden-pleasant-view-ut,2026-03-01,Sunday,23.0,2026-03-01T17:33:57
ogden-riverdale-ut,ogden-riverdale-ut,2026-03-01,Sunday,9.0,2026-03-01T18:26:05
orem-ut,orem-ut,2026-03-01,Sunday,21.0,2026-03-01T19:45:36
richfield,richfield,2026-03-01,Sunday,4.5,2026-03-01T13:55:05
sandyut,sandyut,2026-03-01,Sunday,13.5,2026-03-01T17:33:57
spanishforkut,spanishforkut,2026-03-01,Sunday,12.0,2026-03-01T19:27:50
stgeorgeut,stgeorgeut,2026-03-01,Sunday,4.5,2026-03-01T19:27:50
st-george-ut-river-rd,st-george-ut-river-rd,2026-03-01,Sunday,18.0,2026-03-01T15:51:33
st-george-ut-sunset,st-george-ut-sunset,2026-03-01,Sunday,1.0,2026-03-01T13:25:45
lynchburg-va,lynchburg-va,2026-03-01,Sunday,24.5,2026-03-01T19:56:57
midlothian-va,midlothian-va,2026-03-01,Sunday,0.0,2026-03-01T01:57:09
virginia-beach-va-courthouse,virginia-beach-va-courthouse,2026-03-01,Sunday,0.0,2026-03-01T01:57:09
hudson-wi,hudson-wi,2026-03-01,Sunday,0.0,2026-03-01T01:57:09
